AGR_NAME,OBJECT,AUTH_DESC,FIELD,LOW,HIGH,Remarks
ZSG_AL_LO.PRO_YUSEN_873,C_DRAW_TCD,Authorization for document activities,DOKAR,,,Copy from 872
ZSG_AL_LO.PRO_YUSEN_873,C_DRAW_TCS,Status-Dependent Authorizations for Documents,DOKAR,,,Copy from 872
ZSG_AL_LO.PRO_YUSEN_873,C_DRAW_TCS,Status-Dependent Authorizations for Documents,DOKST,,,Copy from 872
ZSG_AL_LO.PRO_YUSEN_873,F_BKPF_BED,Accounting Document: Account Authorization for Customers,BRGRU,,,Copy from 872
ZSG_AL_LO.PRO_YUSEN_873,F_BKPF_BEK,Accounting Document: Account Authorization for Vendors,BRGRU,,,Copy from 872
ZSG_AL_LO.PRO_YUSEN_873,F_BKPF_BLA,Accounting Document: Authorization for Document Types,BRGRU,,,Copy from 872
ZSG_AL_LO.PRO_YUSEN_873,F_KNA1_BED,Customer: Account Authorization,BRGRU,,,Copy from 872
ZSG_AL_LO.PRO_YUSEN_873,F_KNA1_GRP,Customer: Account Group Authorization,KTOKD,,,Copy from 872
ZSG_AL_LO.PRO_YUSEN_873,F_LFA1_BEK,Vendor: Account Authorization,BRGRU,,,Copy from 872
ZSG_AL_LO.PRO_YUSEN_873,F_LFA1_GRP,Vendor: Account Group Authorization,KTOKK,,,Copy from 872
ZSG_AL_LO.PRO_YUSEN_873,M_BEST_BSA,Document Type in Purchase Order,BSART,,,Copy from 872
ZSG_AL_LO.PRO_YUSEN_873,M_INVVAL,Inventory Values Display,DISPINVVAL,,,Copy from 872
ZSG_AL_LO.PRO_YUSEN_873,M_MATE_MAR,Material Master: Material Types,BEGRU,,,Copy from 872
ZSG_AL_LO.PRO_YUSEN_873,M_MATE_MAT,Material Master: Materials,BEGRU,,,Copy from 872
ZSG_AL_LO.PRO_YUSEN_873,M_MATE_WGR,Material Master: Material Groups,BEGRU,,,Copy from 872
ZSG_AL_LO.PRO_YUSEN_873,M_MRES_BWA,Reservations: Movement Type,BWART,,,Copy from 872
ZSG_AL_LO.PRO_YUSEN_873,M_MSEG_BMB,Material Documents: Movement Type,BWART,,,Copy from 872
ZSG_AL_LO.PRO_YUSEN_873,M_MSEG_BWA,Goods Movements: Movement Type,BWART,,,Copy from 872
ZSG_AL_LO.PRO_YUSEN_873,M_MSEG_BWE,Goods Receipt for Purchase Order: Movement Type,BWART,,,Copy from 872
ZSG_AL_LO.PRO_YUSEN_873,M_MSEG_BWF,Goods Receipt for Production Order: Movement Type,BWART,,,Copy from 872
ZSG_AL_LO.PRO_YUSEN_873,M_RAHM_BSA,Document Type in Outline Agreement,BSART,,,Copy from 872
ZSG_AL_LO.PRO_YUSEN_873,M_RAHM_LGO,Plant/Storage Location in Outline Agreement,LGORT,,,Copy from 872
ZSG_AL_LO.PRO_YUSEN_873,M_RFQ_BSA,Document Type in RFQ,BSART,,,Copy from 872
ZSG_AL_LO.PRO_YUSEN_873,T_TOR_EXE,Transp. Management: Order Management & Planning (Execution),BO_SERVICE,,,Copy from 872
ZSG_AL_LO.PRO_YUSEN_873,T_TOR_EXE,Transp. Management: Order Management & Planning (Execution),TM_MOT,,,Copy from 872
ZSG_AL_LO.PRO_YUSEN_873,T_TOR_EXE,Transp. Management: Order Management & Planning (Execution),TM_OT,,,Copy from 872
ZSG_AL_LO.PRO_YUSEN_873,T_TOR_EXE,Transp. Management: Order Management & Planning (Execution),TM_RP,,,Copy from 872
ZSG_AL_LO.PRO_YUSEN_873,T_TOR_PUR,Transp. Management: Order Management & Planning (Purchase),BO_SERVICE,,,Copy from 872
ZSG_AL_LO.PRO_YUSEN_873,T_TOR_PUR,Transp. Management: Order Management & Planning (Purchase),TM_MOT,,,Copy from 872
ZSG_AL_LO.PRO_YUSEN_873,T_TOR_PUR,Transp. Management: Order Management & Planning (Purchase),TM_OT,,,Copy from 872
ZSG_AL_LO.PRO_YUSEN_873,T_TOR_PUR,Transp. Management: Order Management & Planning (Purchase),TM_RP,,,Copy from 872
ZSG_AL_LO.PRO_YUSEN_873,V_VBAK_AAT,Sales Document: Authorization for Sales Document Types,AUART,,,Copy from 872
ZSG_AL_LO.PRO_YUSEN_873,V_VBRK_FKA,Billing: Authorization for Billing Types,FKART,,,Copy from 872
ZSG_AL_LO.PRO_YUSEN_873,V_VTTK_SHT,Shipment Processing: Authorization for Shipment Type,SHTYP,,,Copy from 872
ZSG_CS_LO.PRO-GR_831,C_DRAW_TCD,Authorization for document activities,DOKAR,,,Please check between old role to new role on the values
ZSG_CS_LO.PRO-GR_831,C_DRAW_TCS,Status-Dependent Authorizations for Documents,DOKAR,,,Please check between old role to new role on the values
ZSG_CS_LO.PRO-GR_831,C_DRAW_TCS,Status-Dependent Authorizations for Documents,DOKST,,,Please check between old role to new role on the values
ZSG_CS_LO.PRO-GR_831,F_BKPF_BED,Accounting Document: Account Authorization for Customers,BRGRU,,,Please check between old role to new role on the values
ZSG_CS_LO.PRO-GR_831,F_KNA1_BED,Customer: Account Authorization,BRGRU,,,Please check between old role to new role on the values
ZSG_CS_LO.PRO-GR_831,F_KNA1_GRP,Customer: Account Group Authorization,KTOKD,,,Please check between old role to new role on the values
ZSG_CS_LO.PRO-GR_831,F_LFA1_BEK,Vendor: Account Authorization,BRGRU,,,Please check between old role to new role on the values
ZSG_CS_LO.PRO-GR_831,M_BANF_BSA,Document Type in Purchase Requisition,BSART,,,Please check between old role to new role on the values
ZSG_CS_LO.PRO-GR_831,M_INVVAL,Inventory Values Display,DISPINVVAL,,,Please check between old role to new role on the values
ZSG_CS_LO.PRO-GR_831,M_MRES_BWA,Reservations: Movement Type,BWART,,,Please check between old role to new role on the values
ZSG_CS_LO.PRO-GR_831,M_MSEG_BMB,Material Documents: Movement Type,BWART,,,Please check between old role to new role on the values
ZSG_CS_LO.PRO-GR_831,M_MSEG_BWA,Goods Movements: Movement Type,BWART,,,Please check between old role to new role on the values
ZSG_CS_LO.PRO-GR_831,M_MSEG_BWE,Goods Receipt for Purchase Order: Movement Type,BWART,,,Please check between old role to new role on the values
ZSG_CS_LO.PRO-GR_831,M_MSEG_BWF,Goods Receipt for Production Order: Movement Type,BWART,,,Please check between old role to new role on the values
ZSG_CS_LO.PRO-GR_831,M_MSEG_LGO,Goods Movements: Storage Location,BWART,,,Please check between old role to new role on the values
ZSG_CS_LO.PRO-GR_831,M_MSEG_LGO,Goods Movements: Storage Location,LGORT,,,Please check between old role to new role on the values
ZSG_CS_LO.PRO-GR_838,C_DRAW_TCD,Authorization for document activities,DOKAR,,,Please check between old role to new role on the values
ZSG_CS_LO.PRO-GR_838,C_DRAW_TCS,Status-Dependent Authorizations for Documents,DOKAR,,,Please check between old role to new role on the values
ZSG_CS_LO.PRO-GR_838,C_DRAW_TCS,Status-Dependent Authorizations for Documents,DOKST,,,Please check between old role to new role on the values
ZSG_CS_LO.PRO-GR_838,F_BKPF_BED,Accounting Document: Account Authorization for Customers,BRGRU,,,Please check between old role to new role on the values
ZSG_CS_LO.PRO-GR_838,F_KNA1_BED,Customer: Account Authorization,BRGRU,,,Please check between old role to new role on the values
ZSG_CS_LO.PRO-GR_838,F_KNA1_GRP,Customer: Account Group Authorization,KTOKD,,,Please check between old role to new role on the values
ZSG_CS_LO.PRO-GR_838,F_LFA1_BEK,Vendor: Account Authorization,BRGRU,,,Please check between old role to new role on the values
ZSG_CS_LO.PRO-GR_838,M_BANF_BSA,Document Type in Purchase Requisition,BSART,,,Please check between old role to new role on the values
ZSG_CS_LO.PRO-GR_838,M_INVVAL,Inventory Values Display,DISPINVVAL,,,Please check between old role to new role on the values
ZSG_CS_LO.PRO-GR_838,M_MRES_BWA,Reservations: Movement Type,BWART,,,Please check between old role to new role on the values
ZSG_CS_LO.PRO-GR_838,M_MSEG_BMB,Material Documents: Movement Type,BWART,,,Please check between old role to new role on the values
ZSG_CS_LO.PRO-GR_838,M_MSEG_BWA,Goods Movements: Movement Type,BWART,,,Please check between old role to new role on the values
ZSG_CS_LO.PRO-GR_838,M_MSEG_BWE,Goods Receipt for Purchase Order: Movement Type,BWART,,,Please check between old role to new role on the values
ZSG_CS_LO.PRO-GR_838,M_MSEG_BWF,Goods Receipt for Production Order: Movement Type,BWART,,,Please check between old role to new role on the values
ZSG_CS_LO.PRO-GR_838,M_MSEG_LGO,Goods Movements: Storage Location,BWART,,,Please check between old role to new role on the values
ZSG_CS_LO.PRO-GR_838,M_MSEG_LGO,Goods Movements: Storage Location,LGORT,,,Please check between old role to new role on the values
ZSG_FIORI_ODATA,B_BUPA_GRP,Business Partner: Authorization Groups,BEGRU,,,
ZSG_FIORI_ODATA,C_KLAH_BKL,Authorization for Classification,BGRKL,,,
ZSG_FIORI_ODATA,F_KNA1_BED,Customer: Account Authorization,BRGRU,,,
ZSG_FIORI_ODATA,F_KNA1_GRP,Customer: Account Group Authorization,KTOKD,,,
ZSG_FIORI_ODATA,F_LFA1_BEK,Vendor: Account Authorization,BRGRU,,,
ZSG_FIORI_ODATA,F_LFA1_GRP,Vendor: Account Group Authorization,KTOKK,,,
ZSG_FIORI_ODATA,SDDLVIEW,DDL Entity Access,DDLNAME,,,
ZSG_FIORI_ODATA,S_BTCH_JOB,Background Processing: Operations on Background Jobs,JOBACTION,,,
ZSG_FIORI_ODATA,S_BTCH_JOB,Background Processing: Operations on Background Jobs,JOBGROUP,,,
ZSG_FIORI_ODATA,S_ESH_CONN,Authoriz. Check on Connector level,REQUEST,,,
ZSG_FIORI_ODATA,S_ESH_CONN,Authoriz. Check on Connector level,SCONN_ID,,,
ZSG_FIORI_ODATA,S_ESH_CONN,Authoriz. Check on Connector level,SYSTEM_ID,,,
ZSG_FIORI_ODATA,S_ESH_CONN,Authoriz. Check on Connector level,SYS_CLIENT,,,
ZSG_FIORI_ODATA,V_KONH_VKS,Condition: Authorization for Condition Types,KSCHL,,,
ZSG_FI_AA.PRO,A_A_VIEW,Asset: View,VIEW,,,Check with selvi
ZSG_FI_AA.PRO,C_AFKO_DIS,Network: MRP Group (Plant) and Transaction Type,DISPO,,,Check with selvi
ZSG_FI_AA.PRO,C_AFVG_TYP,PS: Activity types for network act. and activity elements,PS_VGTYP,,,Check with selvi
ZSG_FI_AA.PRO,C_PROJ_KOK,PS: Controlling Area for Project Definition,PS_ACTVT,,,Check with selvi
ZSG_FI_AA.PRO,C_PROJ_PRC,PS: Profit center for project definition,PS_ACTVT,,,Check with selvi
ZSG_FI_AA.PRO,C_PROJ_VNR,PS: Project Manager for Project Definition,PS_VERNR,,,Check with selvi
ZSG_FI_AA.PRO,C_PRPS_ART,PS: Project type authorization for WBS elements,PS_ACTVT,,,Check with selvi
ZSG_FI_AA.PRO,C_PRPS_ART,PS: Project type authorization for WBS elements,PS_PRART,,,Check with selvi
ZSG_FI_AA.PRO,C_PRPS_ART,PS: Project type authorization for WBS elements,PS_PRART,,,Check with selvi
ZSG_FI_AA.PRO,C_PRPS_KST,PS: Cost Center Authorization for WBS elements,PS_FKOKR,,,Check with selvi
ZSG_FI_AA.PRO,C_PRPS_KST,PS: Cost Center Authorization for WBS elements,PS_FKSTL,,,Check with selvi
ZSG_FI_AA.PRO,C_PRPS_USR,PS: Model for User Field Authorization for WBS elements,USR10_1,,,Check with selvi
ZSG_FI_AA.PRO,C_PRPS_USR,PS: Model for User Field Authorization for WBS elements,USR10_2,,,Check with selvi
ZSG_FI_AA.PRO,C_PRPS_USR,PS: Model for User Field Authorization for WBS elements,USR20_1,,,Check with selvi
ZSG_FI_AA.PRO,C_PRPS_USR,PS: Model for User Field Authorization for WBS elements,USR20_2,,,Check with selvi
ZSG_FI_AA.PRO,C_PRPS_USR,PS: Model for User Field Authorization for WBS elements,USRFLAG_1,,,Check with selvi
ZSG_FI_AA.PRO,C_PRPS_USR,PS: Model for User Field Authorization for WBS elements,USRFLAG_2,,,Check with selvi
ZSG_FI_AA.PRO,C_PRPS_VNR,PS: Project Manager Authorization for WBS elements,PS_VERNR,,,Check with selvi
ZSG_FI_AA.PRO,F_BKPF_BED,Accounting Document: Account Authorization for Customers,ACTVT,,,Check with selvi
ZSG_FI_AA.PRO,F_BKPF_BED,Accounting Document: Account Authorization for Customers,BRGRU,,,Check with selvi
ZSG_FI_AA.PRO,F_BKPF_BEK,Accounting Document: Account Authorization for Vendors,ACTVT,,,Check with selvi
ZSG_FI_AA.PRO,F_BKPF_BEK,Accounting Document: Account Authorization for Vendors,BRGRU,,,Check with selvi
ZSG_FI_AA.PRO,F_BKPF_BES,Accounting Document: Account Authorization for G/L Accounts,ACTVT,,,Check with selvi
ZSG_FI_AA.PRO,F_BKPF_BES,Accounting Document: Account Authorization for G/L Accounts,BRGRU,,,Check with selvi
ZSG_FI_AA.PRO,F_BKPF_BLA,Accounting Document: Authorization for Document Types,ACTVT,,,Check with selvi
ZSG_FI_AA.PRO,F_BKPF_BLA,Accounting Document: Authorization for Document Types,BRGRU,,,Check with selvi
ZSG_FI_AA.PRO,F_BUAC_PST,Post a Budget Account in an authorization group,BU_AUGRP,,,Check with selvi
ZSG_FI_AA.PRO,F_BUK_BUPL,Accounting Document: Authorization for Business Place,BUPLA,,,Check with selvi
ZSG_FI_AA.PRO,F_FAGL_SEG,General Ledger: Authorization for Segment,GLRRCTY,,,Check with selvi
ZSG_FI_AA.PRO,F_FAGL_SEG,General Ledger: Authorization for Segment,SEGMENT,,,Check with selvi
ZSG_FI_AA.PRO,F_FICA_FOG,Funds Management: Authorization Group of Fund,FM_AUTHGRF,,,Check with selvi
ZSG_FI_AA.PRO,F_FICA_FPG,Funds Management: Authorization Group for Commitment Item,FM_AUTHGRP,,,Check with selvi
ZSG_FI_AA.PRO,F_FIGM_GNT,Grants Management: Authority for Grant,GM_AUTHGR,,,Check with selvi
ZSG_FI_AA.PRO,F_FIGM_GNT,Grants Management: Authority for Grant,GM_LIFESTA,,,Check with selvi
ZSG_FI_AA.PRO,F_FMMD_BPD,Funds Management: Budget Period  (Authorization Group),FM_GRP_BPD,,,Check with selvi
ZSG_FI_AA.PRO,F_FMMD_FAR,Funds Management: Functional Area (Authorization Group),FM_GRP_FAR,,,Check with selvi
ZSG_FI_AA.PRO,F_FMMD_MES,Funds Management: Funded Program (Authorization Group),FM_AUTHGRM,,,Check with selvi
ZSG_FI_AA.PRO,F_FUNDSRES,"Earmarked Funds, Funds Transfer",FMRE_BLART,,,Check with selvi
ZSG_FI_AA.PRO,F_FUNDSRES,"Earmarked Funds, Funds Transfer",FMRE_BLTYP,,,Check with selvi
ZSG_FI_AA.PRO,F_FUND_PST,Post a Fund in an authorization group for budget consumption,ACTVT,,,Check with selvi
ZSG_FI_AA.PRO,F_FUND_PST,Post a Fund in an authorization group for budget consumption,FM_AUTHGRF,,,Check with selvi
ZSG_FI_AA.PRO,F_FUND_PST,Post a Fund in an authorization group for budget consumption,FM_AUTHGRF,,,Check with selvi
ZSG_FI_AA.PRO,F_KNA1_BED,Customer: Account Authorization,BRGRU,,,Check with selvi
ZSG_FI_AA.PRO,F_KNA1_GRP,Customer: Account Group Authorization,KTOKD,,,Check with selvi
ZSG_FI_AA.PRO,F_LFA1_BEK,Vendor: Account Authorization,BRGRU,,,Check with selvi
ZSG_FI_AA.PRO,F_LFA1_GRP,Vendor: Account Group Authorization,KTOKK,,,Check with selvi
ZSG_FI_AA.PRO,F_SKA1_KTP,G/L Account: Authorization for Charts of Accounts,KTOPL,,,Check with selvi
ZSG_FI_AA.PRO,K_CSKB,CO-CCA: Cost Element Master,CO_KAINT,,,Check with selvi
ZSG_FI_AA.PRO,K_CSKS,CO-CCA: Cost Center Master,KOSTL,,,Check with selvi
ZSG_FI_AA.PRO,K_PCAR_REP,EC-PCA: Summary and Line Item Reports,KSTAR,,,Check with selvi
ZSG_FI_AA.PRO,K_VRGNG,"CO: Bus. Trans., Actual Postings and Plan/act. Allocations",CO_VRGNG,,,Check with selvi
ZSG_FI_AA.PRO,M_ANFR_BSA,Document Type in RFQ,BSART,,,Check with selvi
ZSG_FI_AA.PRO,M_ANGB_BSA,Document Type in Quotation,BSART,,,Check with selvi
ZSG_FI_AA.PRO,M_BEST_BSA,Document Type in Purchase Order,BSART,,,Check with selvi
ZSG_FI_AA.PRO,M_MATE_MAR,Material Master: Material Types,BEGRU,,,Check with selvi
ZSG_FI_AA.PRO,M_MATE_MAT,Material Master: Materials,BEGRU,,,Check with selvi
ZSG_FI_AA.PRO,M_MATE_WGR,Material Master: Material Groups,BEGRU,,,Check with selvi
ZSG_FI_AA.PRO,M_QTN_BSA,Document Type in Quotation,BSART,,,Check with selvi
ZSG_FI_AA.PRO,M_RAHM_BSA,Document Type in Outline Agreement,BSART,,,Check with selvi
ZSG_FI_AA.PRO,M_RAHM_LGO,Plant/Storage Location in Outline Agreement,LGORT,,,Check with selvi
ZSG_FI_AA.PRO,M_RFQ_BSA,Document Type in RFQ,BSART,,,Check with selvi
ZSG_FI_AA.PRO,S_RS_COMP,Business Explorer - Components,RSINFOAREA,,,Check with selvi
ZSG_FI_AA.PRO,S_RS_COMP1,Business Explorer - Components: Enhancements to the Owner,RSZOWNER,,,Check with selvi
ZSG_FI_AA.PRO,S_TABU_LIN,Authorization for Organizational Unit,ACTVT,,,Check with selvi
ZSG_FI_AA.PRO,S_TABU_LIN,Authorization for Organizational Unit,ORG_CRIT,,,Check with selvi
ZSG_FI_AA.PRO,S_TABU_LIN,Authorization for Organizational Unit,ORG_FIELD1,,,Check with selvi
ZSG_FI_AA.PRO,S_TABU_LIN,Authorization for Organizational Unit,ORG_FIELD2,,,Check with selvi
ZSG_FI_AA.PRO,S_TABU_LIN,Authorization for Organizational Unit,ORG_FIELD3,,,Check with selvi
ZSG_FI_AA.PRO,S_TABU_LIN,Authorization for Organizational Unit,ORG_FIELD4,,,Check with selvi
ZSG_FI_AA.PRO,S_TABU_LIN,Authorization for Organizational Unit,ORG_FIELD5,,,Check with selvi
ZSG_FI_AA.PRO,S_TABU_LIN,Authorization for Organizational Unit,ORG_FIELD6,,,Check with selvi
ZSG_FI_AA.PRO,S_TABU_LIN,Authorization for Organizational Unit,ORG_FIELD7,,,Check with selvi
ZSG_FI_AA.PRO,S_TABU_LIN,Authorization for Organizational Unit,ORG_FIELD8,,,Check with selvi
ZSG_FI_AA.PRO,V_VBAK_AAT,Sales Document: Authorization for Sales Document Types,AUART,,,Check with selvi
ZSG_FI_BANK.RECON,B_BUPA_RLT,Business Partner: BP Roles,RLTYP,,,Check with selvi
ZSG_FI_BANK.RECON,C_AFKO_DIS,Network: MRP Group (Plant) and Transaction Type,DISPO,,,Check with selvi
ZSG_FI_BANK.RECON,F_BKPF_BED,Accounting Document: Account Authorization for Customers,BRGRU,,,Check with selvi
ZSG_FI_BANK.RECON,F_BKPF_BEK,Accounting Document: Account Authorization for Vendors,BRGRU,,,Check with selvi
ZSG_FI_BANK.RECON,F_BKPF_BES,Accounting Document: Account Authorization for G/L Accounts,BRGRU,,,Check with selvi
ZSG_FI_BANK.RECON,F_BKPF_BLA,Accounting Document: Authorization for Document Types,BRGRU,,,Check with selvi
ZSG_FI_BANK.RECON,F_BKPF_GSB,Accounting Document: Authorization for Business Areas,ACTVT,,,Check with selvi
ZSG_FI_BANK.RECON,F_BNKA_MAO,Banks: General Maintenance Authorization by Country,BBANKS,,,Check with selvi
ZSG_FI_BANK.RECON,F_BUAC_PST,Post a Budget Account in an authorization group,BU_AUGRP,,,Check with selvi
ZSG_FI_BANK.RECON,F_FAGL_LDR,General Ledger: Authorization for Ledger,GLRLDNR,,,Check with selvi
ZSG_FI_BANK.RECON,F_FAGL_LDR,General Ledger: Authorization for Ledger,GLRRCTY,,,Check with selvi
ZSG_FI_BANK.RECON,F_FAGL_LDR,General Ledger: Authorization for Ledger,GLRVERS,,,Check with selvi
ZSG_FI_BANK.RECON,F_FAGL_SEG,General Ledger: Authorization for Segment,GLRRCTY,,,Check with selvi
ZSG_FI_BANK.RECON,F_FAGL_SEG,General Ledger: Authorization for Segment,SEGMENT,,,Check with selvi
ZSG_FI_BANK.RECON,F_FICA_FOG,Funds Management: Authorization Group of Fund,FM_AUTHGRF,,,Check with selvi
ZSG_FI_BANK.RECON,F_FICA_FPG,Funds Management: Authorization Group for Commitment Item,FM_AUTHGRP,,,Check with selvi
ZSG_FI_BANK.RECON,F_FIGM_GNT,Grants Management: Authority for Grant,GM_AUTHGR,,,Check with selvi
ZSG_FI_BANK.RECON,F_FIGM_GNT,Grants Management: Authority for Grant,GM_LIFESTA,,,Check with selvi
ZSG_FI_BANK.RECON,F_FMMD_BPD,Funds Management: Budget Period  (Authorization Group),FM_GRP_BPD,,,Check with selvi
ZSG_FI_BANK.RECON,F_FMMD_FAR,Funds Management: Functional Area (Authorization Group),FM_GRP_FAR,,,Check with selvi
ZSG_FI_BANK.RECON,F_FMMD_MES,Funds Management: Funded Program (Authorization Group),FM_AUTHGRM,,,Check with selvi
ZSG_FI_BANK.RECON,F_FUNDSRES,"Earmarked Funds, Funds Transfer",FMRE_BLART,,,Check with selvi
ZSG_FI_BANK.RECON,F_FUNDSRES,"Earmarked Funds, Funds Transfer",FMRE_BLTYP,,,Check with selvi
ZSG_FI_BANK.RECON,F_FUND_PST,Post a Fund in an authorization group for budget consumption,FM_AUTHGRF,,,Check with selvi
ZSG_FI_BANK.RECON,F_KNA1_BED,Customer: Account Authorization,BRGRU,,,Check with selvi
ZSG_FI_BANK.RECON,F_KNA1_GRP,Customer: Account Group Authorization,KTOKD,,,Check with selvi
ZSG_FI_BANK.RECON,F_LFA1_BEK,Vendor: Account Authorization,BRGRU,,,Check with selvi
ZSG_FI_BANK.RECON,K_CSKS,CO-CCA: Cost Center Master,KOSTL,,,Check with selvi
ZSG_FI_BANK.RECON,M_ANFR_BSA,Document Type in RFQ,BSART,,,Check with selvi
ZSG_FI_BANK.RECON,M_ANGB_BSA,Document Type in Quotation,BSART,,,Check with selvi
ZSG_FI_BANK.RECON,M_BEST_BSA,Document Type in Purchase Order,BSART,,,Check with selvi
ZSG_FI_BANK.RECON,M_MATE_MAR,Material Master: Material Types,BEGRU,,,Check with selvi
ZSG_FI_BANK.RECON,M_MATE_MAT,Material Master: Materials,BEGRU,,,Check with selvi
ZSG_FI_BANK.RECON,M_MATE_WGR,Material Master: Material Groups,BEGRU,,,Check with selvi
ZSG_FI_BANK.RECON,M_QTN_BSA,Document Type in Quotation,BSART,,,Check with selvi
ZSG_FI_BANK.RECON,M_RAHM_BSA,Document Type in Outline Agreement,BSART,,,Check with selvi
ZSG_FI_BANK.RECON,M_RAHM_LGO,Plant/Storage Location in Outline Agreement,LGORT,,,Check with selvi
ZSG_FI_BANK.RECON,M_RFQ_BSA,Document Type in RFQ,BSART,,,Check with selvi
ZSG_FI_BANK.RECON,V_VBAK_AAT,Sales Document: Authorization for Sales Document Types,AUART,,,Check with selvi
ZSG_FI_GL.SDSP_873,K_PCA,"EC-PCA: Responsibility Area, Profit Center",KSTAR,,,Please check between old role to new role on the values
ZSG_FI_GL.SDSP_873,K_PCA,"EC-PCA: Responsibility Area, Profit Center",RESPAREA,,,Please check between old role to new role on the values
ZSG_FI_GL.SDSP_873,K_PCAR_REP,EC-PCA: Summary and Line Item Reports,KSTAR,,,Please check between old role to new role on the values
ZSG_FI_GL.SDSP_873,K_REPO_CCA,CO-CCA: Reporting on Cost Centers/Cost Elements,KOSTL,,,Please check between old role to new role on the values
ZSG_FI_GL.SDSP_873,K_REPO_CCA,CO-CCA: Reporting on Cost Centers/Cost Elements,KSTAR,,,Please check between old role to new role on the values
ZSG_FI_GL.SDSP_873,S_BDS_DS,BC-SRV-KPR-BDS: Authorizations for Document Set,ACTVT,,,Please check between old role to new role on the values
ZSG_FI_GL.SDSP_873,S_BDS_DS,BC-SRV-KPR-BDS: Authorizations for Document Set,CLASSNAME,,,Please check between old role to new role on the values
ZSG_FI_GL.SDSP_873,S_BRWS_TIM,Time related authority check for generic lists,DATE,,,Please check between old role to new role on the values
ZSG_FI_GL.SDSP_873,S_GOS_ATT,Change and Delete in the GOS Attachment List,ACTVT,,,Please check between old role to new role on the values
ZSG_FI_GL.SDSP_873,S_GOS_ATT,Change and Delete in the GOS Attachment List,BOROBJTYPE,,,Please check between old role to new role on the values
ZSG_FI_GL.SDSP_873,S_OC_DOC,SAPoffice: Authorization for an Activity with Documents,ACTVT,,,Please check between old role to new role on the values
ZSG_FI_GL.SDSP_873,S_OC_FOLCR,SAPoffice: Authorization to Create Shared Folders,SECTION,,,Please check between old role to new role on the values
ZSG_FI_GL.SDSP_873,S_OC_SEND,Authorization Object for Sending,COM_MODE,,,Please check between old role to new role on the values
ZSG_FI_GL.SDSP_873,S_OC_SEND,Authorization Object for Sending,NUMBER,,,Please check between old role to new role on the values
ZSG_FI_GL.SDSP_873,S_WFAR_OBJ,ArchiveLink: Authorizations for access to documents,ACTVT,,,Please check between old role to new role on the values
ZSG_FI_GL.SDSP_873,S_WFAR_OBJ,ArchiveLink: Authorizations for access to documents,OAARCHIV,,,Please check between old role to new role on the values
ZSG_FI_GL.SDSP_873,S_WFAR_OBJ,ArchiveLink: Authorizations for access to documents,OADOKUMENT,,,Please check between old role to new role on the values
ZSG_FI_GL.SDSP_873,S_WFAR_OBJ,ArchiveLink: Authorizations for access to documents,OAOBJEKTE,,,Please check between old role to new role on the values
ZSG_FI_ODATA,A_S_KOSTL,Asset Master Record Maintenance: Company Code/Cost Center,KOSTL,,,
ZSG_FI_ODATA,F_UNI_HIER,Universal Hierarchy Access,HRYID,,,
ZSG_FI_ODATA,K_PCAP_SET,EC-PCA: Planning Hierarchy,ACTVT,,,
ZSG_FI_ODATA,S_BTCH_JOB,Background Processing: Operations on Background Jobs,JOBGROUP,,,
ZSG_FI_ODATA,S_PROGNAM,Generic Programm Start,P_ACTION,,,
ZSG_FI_ODATA,S_PROGNAM,Generic Programm Start,P_PROGNAM,,,
ZSG_FI_ODATA,S_WDR_ADM,Administration/Personalization in WD4A Components,WD_APPLID,,,
ZSG_FI_ODATA,S_WDR_ADM,Administration/Personalization in WD4A Components,WD_COMPID,,,
ZSG_FSCM_CR.CRDBLK_APPR,B_BUPA_GRP,Business Partner: Authorization Groups,BEGRU,,,Check with Francisca
ZSG_FSCM_CR.CRDBLK_APPR,C_TCLS_BER,Authorization for Org. Areas in Classification System,KLART,,,Check with Francisca
ZSG_FSCM_CR.CRDBLK_APPR,C_TCLS_BER,Authorization for Org. Areas in Classification System,SICHT,,,Check with Francisca
ZSG_FSCM_CR.CRDBLK_APPR,C_TCLS_MNT,Authorization for Characteristics of Org. Area,ACTVT,,,Check with Francisca
ZSG_FSCM_CR.CRDBLK_APPR,C_TCLS_MNT,Authorization for Characteristics of Org. Area,KLART,,,Check with Francisca
ZSG_FSCM_CR.CRDBLK_APPR,C_TCLS_MNT,Authorization for Characteristics of Org. Area,SICHT,,,Check with Francisca
ZSG_FSCM_CR.CRDBLK_APPR,F_BKPF_BED,Accounting Document: Account Authorization for Customers,BRGRU,,,Check with Francisca
ZSG_FSCM_CR.CRDBLK_APPR,F_BKPF_BEK,Accounting Document: Account Authorization for Vendors,BRGRU,,,Check with Francisca
ZSG_FSCM_CR.CRDBLK_APPR,F_BKPF_BLA,Accounting Document: Authorization for Document Types,BRGRU,,,Check with Francisca
ZSG_FSCM_CR.CRDBLK_APPR,F_KNA1_BED,Customer: Account Authorization,BRGRU,,,Check with Francisca
ZSG_FSCM_CR.CRDBLK_APPR,M_MSEG_BMB,Material Documents: Movement Type,BWART,,,Check with Francisca
ZSG_FSCM_CR.CRDBLK_APPR,S_APPL_LOG,Applications log,ACTVT,,,Check with Francisca
ZSG_FSCM_CR.CRDBLK_APPR,S_APPL_LOG,Applications log,ALG_OBJECT,,,Check with Francisca
ZSG_FSCM_CR.CRDBLK_APPR,S_APPL_LOG,Applications log,ALG_SUBOBJ,,,Check with Francisca
ZSG_FSCM_CR.CRDBLK_APPR,V_VBAK_AAT,Sales Document: Authorization for Sales Document Types,AUART,,,Check with Francisca
ZSG_FSCM_CR.CRDBLK_APPR,V_VBAK_CCD,Sales Document: Payment Cards,AUART_CCD,,,Check with Francisca
ZSG_FSCM_CR.CRDBLK_APPR,V_VBRK_FKA,Billing: Authorization for Billing Types,FKART,,,Check with Francisca
ZSG_FSCM_CR.CRDBLK_APPR,WFD_ASSGMT,Workforce Assignment,ACTVT,,,Check with Francisca
ZSG_FSCM_CR.CRDBLK_APPR,WFD_ASSGMT,Workforce Assignment,WFD_SCOPE,,,Check with Francisca
ZSG_MM_IM.DSP_716,B_BUPA_GRP,Business Partner: Authorization Groups,BEGRU,,,Copy from any other existing role
ZSG_MM_IM.DSP_716,B_BUPA_RLT,Business Partner: BP Roles,RLTYP,,,Copy from any other existing role
ZSG_MM_IM.DSP_716,B_USERST_T,Status Management: Set/Delete User Status using Transaction,BERSL,,,Copy from any other existing role
ZSG_MM_IM.DSP_716,B_USERST_T,Status Management: Set/Delete User Status using Transaction,STSMA,,,Copy from any other existing role
ZSG_MM_IM.DSP_716,C_ARPL_WRK,CIM: Work center- plant,ACTVT,,,Copy from any other existing role
ZSG_MM_IM.DSP_716,C_CABN,Authorization for Characteristics Maintenance,ACTVT,,,Copy from any other existing role
ZSG_MM_IM.DSP_716,C_DRAD_OBJ,Create/Change/Display/Delete Object Link,ACTVT,,,Copy from any other existing role
ZSG_MM_IM.DSP_716,C_DRAD_OBJ,Create/Change/Display/Delete Object Link,DOKAR,,,Copy from any other existing role
ZSG_MM_IM.DSP_716,C_DRAD_OBJ,Create/Change/Display/Delete Object Link,STATUS,,,Copy from any other existing role
ZSG_MM_IM.DSP_716,C_DRAW_TCS,Status-Dependent Authorizations for Documents,DOKST,,,Copy from any other existing role
ZSG_MM_IM.DSP_716,C_KLAH_BKP,Authorization for Class Maintenance,BGRKP,,,Copy from any other existing role
ZSG_MM_IM.DSP_716,C_PRPS_ART,PS: Project type authorization for WBS elements,PS_PRART,,,Copy from any other existing role
ZSG_MM_IM.DSP_716,C_PRPS_KST,PS: Cost Center Authorization for WBS elements,PS_FKOKR,,,Copy from any other existing role
ZSG_MM_IM.DSP_716,C_PRPS_KST,PS: Cost Center Authorization for WBS elements,PS_FKSTL,,,Copy from any other existing role
ZSG_MM_IM.DSP_716,C_PRPS_USR,PS: Model for User Field Authorization for WBS elements,USR10_1,,,Copy from any other existing role
ZSG_MM_IM.DSP_716,C_PRPS_USR,PS: Model for User Field Authorization for WBS elements,USR10_2,,,Copy from any other existing role
ZSG_MM_IM.DSP_716,C_PRPS_USR,PS: Model for User Field Authorization for WBS elements,USR20_1,,,Copy from any other existing role
ZSG_MM_IM.DSP_716,C_PRPS_USR,PS: Model for User Field Authorization for WBS elements,USR20_2,,,Copy from any other existing role
ZSG_MM_IM.DSP_716,C_PRPS_USR,PS: Model for User Field Authorization for WBS elements,USRFLAG_1,,,Copy from any other existing role
ZSG_MM_IM.DSP_716,C_PRPS_USR,PS: Model for User Field Authorization for WBS elements,USRFLAG_2,,,Copy from any other existing role
ZSG_MM_IM.DSP_716,C_PRPS_VNR,PS: Project Manager Authorization for WBS elements,PS_VERNR,,,Copy from any other existing role
ZSG_MM_IM.DSP_716,C_STUE_BER,CS BOM Authorizations,BEGRU,,,Copy from any other existing role
ZSG_MM_IM.DSP_716,C_STUE_BER,CS BOM Authorizations,BEGRU,,,Copy from any other existing role
ZSG_MM_IM.DSP_716,C_STUE_BER,CS BOM Authorizations,STLAN,,,Copy from any other existing role
ZSG_MM_IM.DSP_716,C_STUE_BER,CS BOM Authorizations,STLAN,,,Copy from any other existing role
ZSG_MM_IM.DSP_716,C_TCLA_BKA,Authorization for Class Types,KLART,,,Copy from any other existing role
ZSG_MM_IM.DSP_716,F_BKPF_BED,Accounting Document: Account Authorization for Customers,BRGRU,,,Copy from any other existing role
ZSG_MM_IM.DSP_716,F_BKPF_BEK,Accounting Document: Account Authorization for Vendors,BRGRU,,,Copy from any other existing role
ZSG_MM_IM.DSP_716,F_FAGL_LDR,General Ledger: Authorization for Ledger,GLRLDNR,,,Copy from any other existing role
ZSG_MM_IM.DSP_716,F_FAGL_LDR,General Ledger: Authorization for Ledger,GLRRCTY,,,Copy from any other existing role
ZSG_MM_IM.DSP_716,F_FAGL_LDR,General Ledger: Authorization for Ledger,GLRVERS,,,Copy from any other existing role
ZSG_MM_IM.DSP_716,F_KNA1_BED,Customer: Account Authorization,BRGRU,,,Copy from any other existing role
ZSG_MM_IM.DSP_716,F_KNA1_GRP,Customer: Account Group Authorization,KTOKD,,,Copy from any other existing role
ZSG_MM_IM.DSP_716,F_LFA1_APP,Vendor: Application Authorization,APPKZ,,,Copy from any other existing role
ZSG_MM_IM.DSP_716,F_LFA1_BEK,Vendor: Account Authorization,BRGRU,,,Copy from any other existing role
ZSG_MM_IM.DSP_716,F_LFA1_GRP,Vendor: Account Group Authorization,KTOKK,,,Copy from any other existing role
ZSG_MM_IM.DSP_716,I_INGRP,PM: Maintenance Planner Group,INGRP,,,Copy from any other existing role
ZSG_MM_IM.DSP_716,I_KOSTL,PM: Cost Centers,KOSTL,,,Copy from any other existing role
ZSG_MM_IM.DSP_716,I_KOSTL,PM: Cost Centers,TCD,,,Copy from any other existing role
ZSG_MM_IM.DSP_716,I_MASS,PM: Mass Data Change,IMASS,,,Copy from any other existing role
ZSG_MM_IM.DSP_716,K_CSKS,CO-CCA: Cost Center Master,KOSTL,,,Copy from any other existing role
ZSG_MM_IM.DSP_716,K_KEKO,CO-PC: Product Costing,KLVAR,,,Copy from any other existing role
ZSG_MM_IM.DSP_716,M_IS_MATKL,LIS Standard Analysis: Info Structure / Material Group,MATKL,,,Copy from any other existing role
ZSG_MM_IM.DSP_716,M_IS_MTART,LIS Standard Analysis: Info Structure / Material Type,MTART,,,Copy from any other existing role
ZSG_MM_IM.DSP_716,M_MATE_MAR,Material Master: Material Types,ACTVT,,,Copy from any other existing role
ZSG_MM_IM.DSP_716,M_MATE_MAR,Material Master: Material Types,BEGRU,,,Copy from any other existing role
ZSG_MM_IM.DSP_716,M_MATE_MAR,Material Master: Material Types,BEGRU,,,Copy from any other existing role
ZSG_MM_IM.DSP_716,M_MATE_MAT,Material Master: Materials,ACTVT,,,Copy from any other existing role
ZSG_MM_IM.DSP_716,M_MATE_MAT,Material Master: Materials,BEGRU,,,Copy from any other existing role
ZSG_MM_IM.DSP_716,M_MATE_MAT,Material Master: Materials,BEGRU,,,Copy from any other existing role
ZSG_MM_IM.DSP_716,M_MATE_STA,Material Master: Maintenance Statuses,STATM,,,Copy from any other existing role
ZSG_MM_IM.DSP_716,M_MATE_WGR,Material Master: Material Groups,ACTVT,,,Copy from any other existing role
ZSG_MM_IM.DSP_716,M_MATE_WGR,Material Master: Material Groups,BEGRU,,,Copy from any other existing role
ZSG_MM_IM.DSP_716,M_MATE_WGR,Material Master: Material Groups,BEGRU,,,Copy from any other existing role
ZSG_MM_IM.DSP_716,M_MRES_BWA,Reservations: Movement Type,BWART,,,Copy from any other existing role
ZSG_MM_IM.DSP_716,M_MSEG_BMB,Material Documents: Movement Type,BWART,,,Copy from any other existing role
ZSG_MM_IM.DSP_716,M_MSEG_BWA,Goods Movements: Movement Type,BWART,,,Copy from any other existing role
ZSG_MM_IM.DSP_716,M_MSEG_BWE,Goods Receipt for Purchase Order: Movement Type,BWART,,,Copy from any other existing role
ZSG_MM_IM.DSP_716,M_MSEG_BWF,Goods Receipt for Production Order: Movement Type,BWART,,,Copy from any other existing role
ZSG_MM_IM.DSP_716,M_MTDI_ORG,Organizational Levels for Material Requirements Planning,DISPO,,,Copy from any other existing role
ZSG_MM_IM.DSP_716,M_MTDI_ORG,Organizational Levels for Material Requirements Planning,DISPO,,,Copy from any other existing role
ZSG_MM_IM.DSP_716,M_MTDI_ORG,Organizational Levels for Material Requirements Planning,DISPO,,,Copy from any other existing role
ZSG_MM_IM.DSP_716,PLOG,Personnel Planning,INFOTYP,,,Copy from any other existing role
ZSG_MM_IM.DSP_716,PLOG,Personnel Planning,ISTAT,,,Copy from any other existing role
ZSG_MM_IM.DSP_716,PLOG,Personnel Planning,OTYPE,,,Copy from any other existing role
ZSG_MM_IM.DSP_716,PLOG,Personnel Planning,PPFCODE,,,Copy from any other existing role
ZSG_MM_IM.DSP_716,PLOG,Personnel Planning,SUBTYP,,,Copy from any other existing role
ZSG_MM_IM.DSP_716,SDDLVIEW,DDL Entity Access,DDLNAME,,,Copy from any other existing role
ZSG_MM_IM.DSP_716,SDDLVIEW,DDL Entity Access,DDLSRCNAME,,,Copy from any other existing role
ZSG_MM_IM.DSP_716,V_VBAK_CCD,Sales Document: Payment Cards,AUART_CCD,,,Copy from any other existing role
ZSG_MM_LO.NT.PRO-GR_511,F_KNA1_BED,Customer: Account Authorization,BRGRU,,,Copy from ZSG_MM_LO.PRO-GR related roles
ZSG_MM_LO.NT.PRO-GR_511,F_LFA1_BEK,Vendor: Account Authorization,BRGRU,,,Copy from ZSG_MM_LO.PRO-GR related roles
ZSG_MM_LO.NT.PRO-GR_511,M_INVVAL,Inventory Values Display,DISPINVVAL,,,Copy from ZSG_MM_LO.PRO-GR related roles
ZSG_MM_LO.NT.PRO-GR_511,M_MRES_BWA,Reservations: Movement Type,BWART,,,Copy from ZSG_MM_LO.PRO-GR related roles
ZSG_MM_LO.NT.PRO-GR_511,M_MSEG_BMB,Material Documents: Movement Type,BWART,,,Copy from ZSG_MM_LO.PRO-GR related roles
ZSG_MM_LO.NT.PRO-GR_511,M_MSEG_BWA,Goods Movements: Movement Type,BWART,,,Copy from ZSG_MM_LO.PRO-GR related roles
ZSG_MM_LO.NT.PRO-GR_511,M_MSEG_BWE,Goods Receipt for Purchase Order: Movement Type,BWART,,,Copy from ZSG_MM_LO.PRO-GR related roles
ZSG_MM_LO.NT.PRO-GR_511,M_MSEG_BWF,Goods Receipt for Production Order: Movement Type,BWART,,,Copy from ZSG_MM_LO.PRO-GR related roles
ZSG_MM_LO.NT.PRO-GR_512,F_KNA1_BED,Customer: Account Authorization,BRGRU,,,Copy from ZSG_MM_LO.PRO-GR related roles
ZSG_MM_LO.NT.PRO-GR_512,F_LFA1_BEK,Vendor: Account Authorization,BRGRU,,,Copy from ZSG_MM_LO.PRO-GR related roles
ZSG_MM_LO.NT.PRO-GR_512,M_INVVAL,Inventory Values Display,DISPINVVAL,,,Copy from ZSG_MM_LO.PRO-GR related roles
ZSG_MM_LO.NT.PRO-GR_512,M_MRES_BWA,Reservations: Movement Type,BWART,,,Copy from ZSG_MM_LO.PRO-GR related roles
ZSG_MM_LO.NT.PRO-GR_512,M_MSEG_BMB,Material Documents: Movement Type,BWART,,,Copy from ZSG_MM_LO.PRO-GR related roles
ZSG_MM_LO.NT.PRO-GR_512,M_MSEG_BWA,Goods Movements: Movement Type,BWART,,,Copy from ZSG_MM_LO.PRO-GR related roles
ZSG_MM_LO.NT.PRO-GR_512,M_MSEG_BWE,Goods Receipt for Purchase Order: Movement Type,BWART,,,Copy from ZSG_MM_LO.PRO-GR related roles
ZSG_MM_LO.NT.PRO-GR_512,M_MSEG_BWF,Goods Receipt for Production Order: Movement Type,BWART,,,Copy from ZSG_MM_LO.PRO-GR related roles
ZSG_MM_LO.NT.PRO-GR_513,F_KNA1_BED,Customer: Account Authorization,BRGRU,,,Copy from ZSG_MM_LO.PRO-GR related roles
ZSG_MM_LO.NT.PRO-GR_513,F_LFA1_BEK,Vendor: Account Authorization,BRGRU,,,Copy from ZSG_MM_LO.PRO-GR related roles
ZSG_MM_LO.NT.PRO-GR_513,M_INVVAL,Inventory Values Display,DISPINVVAL,,,Copy from ZSG_MM_LO.PRO-GR related roles
ZSG_MM_LO.NT.PRO-GR_513,M_MRES_BWA,Reservations: Movement Type,BWART,,,Copy from ZSG_MM_LO.PRO-GR related roles
ZSG_MM_LO.NT.PRO-GR_513,M_MSEG_BMB,Material Documents: Movement Type,BWART,,,Copy from ZSG_MM_LO.PRO-GR related roles
ZSG_MM_LO.NT.PRO-GR_513,M_MSEG_BWA,Goods Movements: Movement Type,BWART,,,Copy from ZSG_MM_LO.PRO-GR related roles
ZSG_MM_LO.NT.PRO-GR_513,M_MSEG_BWE,Goods Receipt for Purchase Order: Movement Type,BWART,,,Copy from ZSG_MM_LO.PRO-GR related roles
ZSG_MM_LO.NT.PRO-GR_513,M_MSEG_BWF,Goods Receipt for Production Order: Movement Type,BWART,,,Copy from ZSG_MM_LO.PRO-GR related roles
ZSG_MM_LO.NT.PRO-GR_515,F_KNA1_BED,Customer: Account Authorization,BRGRU,,,Copy from ZSG_MM_LO.PRO-GR related roles
ZSG_MM_LO.NT.PRO-GR_515,F_LFA1_BEK,Vendor: Account Authorization,BRGRU,,,Copy from ZSG_MM_LO.PRO-GR related roles
ZSG_MM_LO.NT.PRO-GR_515,M_INVVAL,Inventory Values Display,DISPINVVAL,,,Copy from ZSG_MM_LO.PRO-GR related roles
ZSG_MM_LO.NT.PRO-GR_515,M_MRES_BWA,Reservations: Movement Type,BWART,,,Copy from ZSG_MM_LO.PRO-GR related roles
ZSG_MM_LO.NT.PRO-GR_515,M_MSEG_BMB,Material Documents: Movement Type,BWART,,,Copy from ZSG_MM_LO.PRO-GR related roles
ZSG_MM_LO.NT.PRO-GR_515,M_MSEG_BWA,Goods Movements: Movement Type,BWART,,,Copy from ZSG_MM_LO.PRO-GR related roles
ZSG_MM_LO.NT.PRO-GR_515,M_MSEG_BWE,Goods Receipt for Purchase Order: Movement Type,BWART,,,Copy from ZSG_MM_LO.PRO-GR related roles
ZSG_MM_LO.NT.PRO-GR_515,M_MSEG_BWF,Goods Receipt for Production Order: Movement Type,BWART,,,Copy from ZSG_MM_LO.PRO-GR related roles
ZSG_MM_LO.NT.PRO-GR_516,F_KNA1_BED,Customer: Account Authorization,BRGRU,,,Copy from ZSG_MM_LO.PRO-GR related roles
ZSG_MM_LO.NT.PRO-GR_516,F_LFA1_BEK,Vendor: Account Authorization,BRGRU,,,Copy from ZSG_MM_LO.PRO-GR related roles
ZSG_MM_LO.NT.PRO-GR_516,M_INVVAL,Inventory Values Display,DISPINVVAL,,,Copy from ZSG_MM_LO.PRO-GR related roles
ZSG_MM_LO.NT.PRO-GR_516,M_MRES_BWA,Reservations: Movement Type,BWART,,,Copy from ZSG_MM_LO.PRO-GR related roles
ZSG_MM_LO.NT.PRO-GR_516,M_MSEG_BMB,Material Documents: Movement Type,BWART,,,Copy from ZSG_MM_LO.PRO-GR related roles
ZSG_MM_LO.NT.PRO-GR_516,M_MSEG_BWA,Goods Movements: Movement Type,BWART,,,Copy from ZSG_MM_LO.PRO-GR related roles
ZSG_MM_LO.NT.PRO-GR_516,M_MSEG_BWE,Goods Receipt for Purchase Order: Movement Type,BWART,,,Copy from ZSG_MM_LO.PRO-GR related roles
ZSG_MM_LO.NT.PRO-GR_516,M_MSEG_BWF,Goods Receipt for Production Order: Movement Type,BWART,,,Copy from ZSG_MM_LO.PRO-GR related roles
ZSG_MM_LO.NT.PRO-GR_517,F_KNA1_BED,Customer: Account Authorization,BRGRU,,,Copy from ZSG_MM_LO.PRO-GR related roles
ZSG_MM_LO.NT.PRO-GR_517,F_LFA1_BEK,Vendor: Account Authorization,BRGRU,,,Copy from ZSG_MM_LO.PRO-GR related roles
ZSG_MM_LO.NT.PRO-GR_517,M_INVVAL,Inventory Values Display,DISPINVVAL,,,Copy from ZSG_MM_LO.PRO-GR related roles
ZSG_MM_LO.NT.PRO-GR_517,M_MRES_BWA,Reservations: Movement Type,BWART,,,Copy from ZSG_MM_LO.PRO-GR related roles
ZSG_MM_LO.NT.PRO-GR_517,M_MSEG_BMB,Material Documents: Movement Type,BWART,,,Copy from ZSG_MM_LO.PRO-GR related roles
ZSG_MM_LO.NT.PRO-GR_517,M_MSEG_BWA,Goods Movements: Movement Type,BWART,,,Copy from ZSG_MM_LO.PRO-GR related roles
ZSG_MM_LO.NT.PRO-GR_517,M_MSEG_BWE,Goods Receipt for Purchase Order: Movement Type,BWART,,,Copy from ZSG_MM_LO.PRO-GR related roles
ZSG_MM_LO.NT.PRO-GR_517,M_MSEG_BWF,Goods Receipt for Production Order: Movement Type,BWART,,,Copy from ZSG_MM_LO.PRO-GR related roles
ZSG_MM_LO.NT.PRO-GR_518,F_KNA1_BED,Customer: Account Authorization,BRGRU,,,Copy from ZSG_MM_LO.PRO-GR related roles
ZSG_MM_LO.NT.PRO-GR_518,F_LFA1_BEK,Vendor: Account Authorization,BRGRU,,,Copy from ZSG_MM_LO.PRO-GR related roles
ZSG_MM_LO.NT.PRO-GR_518,M_INVVAL,Inventory Values Display,DISPINVVAL,,,Copy from ZSG_MM_LO.PRO-GR related roles
ZSG_MM_LO.NT.PRO-GR_518,M_MRES_BWA,Reservations: Movement Type,BWART,,,Copy from ZSG_MM_LO.PRO-GR related roles
ZSG_MM_LO.NT.PRO-GR_518,M_MSEG_BMB,Material Documents: Movement Type,BWART,,,Copy from ZSG_MM_LO.PRO-GR related roles
ZSG_MM_LO.NT.PRO-GR_518,M_MSEG_BWA,Goods Movements: Movement Type,BWART,,,Copy from ZSG_MM_LO.PRO-GR related roles
ZSG_MM_LO.NT.PRO-GR_518,M_MSEG_BWE,Goods Receipt for Purchase Order: Movement Type,BWART,,,Copy from ZSG_MM_LO.PRO-GR related roles
ZSG_MM_LO.NT.PRO-GR_518,M_MSEG_BWF,Goods Receipt for Production Order: Movement Type,BWART,,,Copy from ZSG_MM_LO.PRO-GR related roles
ZSG_MM_LO.NT.PRO-GR_519,F_KNA1_BED,Customer: Account Authorization,BRGRU,,,Copy from ZSG_MM_LO.PRO-GR related roles
ZSG_MM_LO.NT.PRO-GR_519,F_LFA1_BEK,Vendor: Account Authorization,BRGRU,,,Copy from ZSG_MM_LO.PRO-GR related roles
ZSG_MM_LO.NT.PRO-GR_519,M_INVVAL,Inventory Values Display,DISPINVVAL,,,Copy from ZSG_MM_LO.PRO-GR related roles
ZSG_MM_LO.NT.PRO-GR_519,M_MRES_BWA,Reservations: Movement Type,BWART,,,Copy from ZSG_MM_LO.PRO-GR related roles
ZSG_MM_LO.NT.PRO-GR_519,M_MSEG_BMB,Material Documents: Movement Type,BWART,,,Copy from ZSG_MM_LO.PRO-GR related roles
ZSG_MM_LO.NT.PRO-GR_519,M_MSEG_BWA,Goods Movements: Movement Type,BWART,,,Copy from ZSG_MM_LO.PRO-GR related roles
ZSG_MM_LO.NT.PRO-GR_519,M_MSEG_BWE,Goods Receipt for Purchase Order: Movement Type,BWART,,,Copy from ZSG_MM_LO.PRO-GR related roles
ZSG_MM_LO.NT.PRO-GR_519,M_MSEG_BWF,Goods Receipt for Production Order: Movement Type,BWART,,,Copy from ZSG_MM_LO.PRO-GR related roles
ZSG_MM_LO.NT.PRO-GR_520,F_KNA1_BED,Customer: Account Authorization,BRGRU,,,Copy from ZSG_MM_LO.PRO-GR related roles
ZSG_MM_LO.NT.PRO-GR_520,F_LFA1_BEK,Vendor: Account Authorization,BRGRU,,,Copy from ZSG_MM_LO.PRO-GR related roles
ZSG_MM_LO.NT.PRO-GR_520,M_INVVAL,Inventory Values Display,DISPINVVAL,,,Copy from ZSG_MM_LO.PRO-GR related roles
ZSG_MM_LO.NT.PRO-GR_520,M_MRES_BWA,Reservations: Movement Type,BWART,,,Copy from ZSG_MM_LO.PRO-GR related roles
ZSG_MM_LO.NT.PRO-GR_520,M_MSEG_BMB,Material Documents: Movement Type,BWART,,,Copy from ZSG_MM_LO.PRO-GR related roles
ZSG_MM_LO.NT.PRO-GR_520,M_MSEG_BWA,Goods Movements: Movement Type,BWART,,,Copy from ZSG_MM_LO.PRO-GR related roles
ZSG_MM_LO.NT.PRO-GR_520,M_MSEG_BWE,Goods Receipt for Purchase Order: Movement Type,BWART,,,Copy from ZSG_MM_LO.PRO-GR related roles
ZSG_MM_LO.NT.PRO-GR_520,M_MSEG_BWF,Goods Receipt for Production Order: Movement Type,BWART,,,Copy from ZSG_MM_LO.PRO-GR related roles
ZSG_MM_LO.NT.PRO-GR_521,F_KNA1_BED,Customer: Account Authorization,BRGRU,,,Copy from ZSG_MM_LO.PRO-GR related roles
ZSG_MM_LO.NT.PRO-GR_521,F_LFA1_BEK,Vendor: Account Authorization,BRGRU,,,Copy from ZSG_MM_LO.PRO-GR related roles
ZSG_MM_LO.NT.PRO-GR_521,M_INVVAL,Inventory Values Display,DISPINVVAL,,,Copy from ZSG_MM_LO.PRO-GR related roles
ZSG_MM_LO.NT.PRO-GR_521,M_MRES_BWA,Reservations: Movement Type,BWART,,,Copy from ZSG_MM_LO.PRO-GR related roles
ZSG_MM_LO.NT.PRO-GR_521,M_MSEG_BMB,Material Documents: Movement Type,BWART,,,Copy from ZSG_MM_LO.PRO-GR related roles
ZSG_MM_LO.NT.PRO-GR_521,M_MSEG_BWA,Goods Movements: Movement Type,BWART,,,Copy from ZSG_MM_LO.PRO-GR related roles
ZSG_MM_LO.NT.PRO-GR_521,M_MSEG_BWE,Goods Receipt for Purchase Order: Movement Type,BWART,,,Copy from ZSG_MM_LO.PRO-GR related roles
ZSG_MM_LO.NT.PRO-GR_521,M_MSEG_BWF,Goods Receipt for Production Order: Movement Type,BWART,,,Copy from ZSG_MM_LO.PRO-GR related roles
ZSG_MM_LO.NT.PRO-GR_522,F_KNA1_BED,Customer: Account Authorization,BRGRU,,,Copy from ZSG_MM_LO.PRO-GR related roles
ZSG_MM_LO.NT.PRO-GR_522,F_LFA1_BEK,Vendor: Account Authorization,BRGRU,,,Copy from ZSG_MM_LO.PRO-GR related roles
ZSG_MM_LO.NT.PRO-GR_522,M_INVVAL,Inventory Values Display,DISPINVVAL,,,Copy from ZSG_MM_LO.PRO-GR related roles
ZSG_MM_LO.NT.PRO-GR_522,M_MRES_BWA,Reservations: Movement Type,BWART,,,Copy from ZSG_MM_LO.PRO-GR related roles
ZSG_MM_LO.NT.PRO-GR_522,M_MSEG_BMB,Material Documents: Movement Type,BWART,,,Copy from ZSG_MM_LO.PRO-GR related roles
ZSG_MM_LO.NT.PRO-GR_522,M_MSEG_BWA,Goods Movements: Movement Type,BWART,,,Copy from ZSG_MM_LO.PRO-GR related roles
ZSG_MM_LO.NT.PRO-GR_522,M_MSEG_BWE,Goods Receipt for Purchase Order: Movement Type,BWART,,,Copy from ZSG_MM_LO.PRO-GR related roles
ZSG_MM_LO.NT.PRO-GR_522,M_MSEG_BWF,Goods Receipt for Production Order: Movement Type,BWART,,,Copy from ZSG_MM_LO.PRO-GR related roles
ZSG_MM_LO.NT.PRO-GR_523,F_KNA1_BED,Customer: Account Authorization,BRGRU,,,Copy from ZSG_MM_LO.PRO-GR related roles
ZSG_MM_LO.NT.PRO-GR_523,F_LFA1_BEK,Vendor: Account Authorization,BRGRU,,,Copy from ZSG_MM_LO.PRO-GR related roles
ZSG_MM_LO.NT.PRO-GR_523,M_INVVAL,Inventory Values Display,DISPINVVAL,,,Copy from ZSG_MM_LO.PRO-GR related roles
ZSG_MM_LO.NT.PRO-GR_523,M_MRES_BWA,Reservations: Movement Type,BWART,,,Copy from ZSG_MM_LO.PRO-GR related roles
ZSG_MM_LO.NT.PRO-GR_523,M_MSEG_BMB,Material Documents: Movement Type,BWART,,,Copy from ZSG_MM_LO.PRO-GR related roles
ZSG_MM_LO.NT.PRO-GR_523,M_MSEG_BWA,Goods Movements: Movement Type,BWART,,,Copy from ZSG_MM_LO.PRO-GR related roles
ZSG_MM_LO.NT.PRO-GR_523,M_MSEG_BWE,Goods Receipt for Purchase Order: Movement Type,BWART,,,Copy from ZSG_MM_LO.PRO-GR related roles
ZSG_MM_LO.NT.PRO-GR_523,M_MSEG_BWF,Goods Receipt for Production Order: Movement Type,BWART,,,Copy from ZSG_MM_LO.PRO-GR related roles
ZSG_MM_LO.NT.PRO-GR_611,F_KNA1_BED,Customer: Account Authorization,BRGRU,,,Copy from ZSG_MM_LO.PRO-GR related roles
ZSG_MM_LO.NT.PRO-GR_611,F_LFA1_BEK,Vendor: Account Authorization,BRGRU,,,Copy from ZSG_MM_LO.PRO-GR related roles
ZSG_MM_LO.NT.PRO-GR_611,M_INVVAL,Inventory Values Display,DISPINVVAL,,,Copy from ZSG_MM_LO.PRO-GR related roles
ZSG_MM_LO.NT.PRO-GR_611,M_MRES_BWA,Reservations: Movement Type,BWART,,,Copy from ZSG_MM_LO.PRO-GR related roles
ZSG_MM_LO.NT.PRO-GR_611,M_MSEG_BMB,Material Documents: Movement Type,BWART,,,Copy from ZSG_MM_LO.PRO-GR related roles
ZSG_MM_LO.NT.PRO-GR_611,M_MSEG_BWA,Goods Movements: Movement Type,BWART,,,Copy from ZSG_MM_LO.PRO-GR related roles
ZSG_MM_LO.NT.PRO-GR_611,M_MSEG_BWE,Goods Receipt for Purchase Order: Movement Type,BWART,,,Copy from ZSG_MM_LO.PRO-GR related roles
ZSG_MM_LO.NT.PRO-GR_611,M_MSEG_BWF,Goods Receipt for Production Order: Movement Type,BWART,,,Copy from ZSG_MM_LO.PRO-GR related roles
ZSG_MM_LO.NT.PRO-GR_613,F_KNA1_BED,Customer: Account Authorization,BRGRU,,,Copy from ZSG_MM_LO.PRO-GR related roles
ZSG_MM_LO.NT.PRO-GR_613,F_LFA1_BEK,Vendor: Account Authorization,BRGRU,,,Copy from ZSG_MM_LO.PRO-GR related roles
ZSG_MM_LO.NT.PRO-GR_613,M_INVVAL,Inventory Values Display,DISPINVVAL,,,Copy from ZSG_MM_LO.PRO-GR related roles
ZSG_MM_LO.NT.PRO-GR_613,M_MRES_BWA,Reservations: Movement Type,BWART,,,Copy from ZSG_MM_LO.PRO-GR related roles
ZSG_MM_LO.NT.PRO-GR_613,M_MSEG_BMB,Material Documents: Movement Type,BWART,,,Copy from ZSG_MM_LO.PRO-GR related roles
ZSG_MM_LO.NT.PRO-GR_613,M_MSEG_BWA,Goods Movements: Movement Type,BWART,,,Copy from ZSG_MM_LO.PRO-GR related roles
ZSG_MM_LO.NT.PRO-GR_613,M_MSEG_BWE,Goods Receipt for Purchase Order: Movement Type,BWART,,,Copy from ZSG_MM_LO.PRO-GR related roles
ZSG_MM_LO.NT.PRO-GR_613,M_MSEG_BWF,Goods Receipt for Production Order: Movement Type,BWART,,,Copy from ZSG_MM_LO.PRO-GR related roles
ZSG_MM_LO.NT.PRO-GR_615,F_KNA1_BED,Customer: Account Authorization,BRGRU,,,Copy from ZSG_MM_LO.PRO-GR related roles
ZSG_MM_LO.NT.PRO-GR_615,F_LFA1_BEK,Vendor: Account Authorization,BRGRU,,,Copy from ZSG_MM_LO.PRO-GR related roles
ZSG_MM_LO.NT.PRO-GR_615,M_INVVAL,Inventory Values Display,DISPINVVAL,,,Copy from ZSG_MM_LO.PRO-GR related roles
ZSG_MM_LO.NT.PRO-GR_615,M_MRES_BWA,Reservations: Movement Type,BWART,,,Copy from ZSG_MM_LO.PRO-GR related roles
ZSG_MM_LO.NT.PRO-GR_615,M_MSEG_BMB,Material Documents: Movement Type,BWART,,,Copy from ZSG_MM_LO.PRO-GR related roles
ZSG_MM_LO.NT.PRO-GR_615,M_MSEG_BWA,Goods Movements: Movement Type,BWART,,,Copy from ZSG_MM_LO.PRO-GR related roles
ZSG_MM_LO.NT.PRO-GR_615,M_MSEG_BWE,Goods Receipt for Purchase Order: Movement Type,BWART,,,Copy from ZSG_MM_LO.PRO-GR related roles
ZSG_MM_LO.NT.PRO-GR_615,M_MSEG_BWF,Goods Receipt for Production Order: Movement Type,BWART,,,Copy from ZSG_MM_LO.PRO-GR related roles
ZSG_MM_LO.NT.PRO-GR_711,F_KNA1_BED,Customer: Account Authorization,BRGRU,,,Copy from ZSG_MM_LO.PRO-GR related roles
ZSG_MM_LO.NT.PRO-GR_711,F_LFA1_BEK,Vendor: Account Authorization,BRGRU,,,Copy from ZSG_MM_LO.PRO-GR related roles
ZSG_MM_LO.NT.PRO-GR_711,M_INVVAL,Inventory Values Display,DISPINVVAL,,,Copy from ZSG_MM_LO.PRO-GR related roles
ZSG_MM_LO.NT.PRO-GR_711,M_MRES_BWA,Reservations: Movement Type,BWART,,,Copy from ZSG_MM_LO.PRO-GR related roles
ZSG_MM_LO.NT.PRO-GR_711,M_MSEG_BMB,Material Documents: Movement Type,BWART,,,Copy from ZSG_MM_LO.PRO-GR related roles
ZSG_MM_LO.NT.PRO-GR_711,M_MSEG_BWA,Goods Movements: Movement Type,BWART,,,Copy from ZSG_MM_LO.PRO-GR related roles
ZSG_MM_LO.NT.PRO-GR_711,M_MSEG_BWE,Goods Receipt for Purchase Order: Movement Type,BWART,,,Copy from ZSG_MM_LO.PRO-GR related roles
ZSG_MM_LO.NT.PRO-GR_711,M_MSEG_BWF,Goods Receipt for Production Order: Movement Type,BWART,,,Copy from ZSG_MM_LO.PRO-GR related roles
ZSG_MM_LO.NT.PRO-GR_713,F_KNA1_BED,Customer: Account Authorization,BRGRU,,,Copy from ZSG_MM_LO.PRO-GR related roles
ZSG_MM_LO.NT.PRO-GR_713,F_LFA1_BEK,Vendor: Account Authorization,BRGRU,,,Copy from ZSG_MM_LO.PRO-GR related roles
ZSG_MM_LO.NT.PRO-GR_713,M_INVVAL,Inventory Values Display,DISPINVVAL,,,Copy from ZSG_MM_LO.PRO-GR related roles
ZSG_MM_LO.NT.PRO-GR_713,M_MRES_BWA,Reservations: Movement Type,BWART,,,Copy from ZSG_MM_LO.PRO-GR related roles
ZSG_MM_LO.NT.PRO-GR_713,M_MSEG_BMB,Material Documents: Movement Type,BWART,,,Copy from ZSG_MM_LO.PRO-GR related roles
ZSG_MM_LO.NT.PRO-GR_713,M_MSEG_BWA,Goods Movements: Movement Type,BWART,,,Copy from ZSG_MM_LO.PRO-GR related roles
ZSG_MM_LO.NT.PRO-GR_713,M_MSEG_BWE,Goods Receipt for Purchase Order: Movement Type,BWART,,,Copy from ZSG_MM_LO.PRO-GR related roles
ZSG_MM_LO.NT.PRO-GR_713,M_MSEG_BWF,Goods Receipt for Production Order: Movement Type,BWART,,,Copy from ZSG_MM_LO.PRO-GR related roles
ZSG_MM_LO.NT.PRO-GR_716,F_KNA1_BED,Customer: Account Authorization,BRGRU,,,Copy from ZSG_MM_LO.PRO-GR related roles
ZSG_MM_LO.NT.PRO-GR_716,F_LFA1_BEK,Vendor: Account Authorization,BRGRU,,,Copy from ZSG_MM_LO.PRO-GR related roles
ZSG_MM_LO.NT.PRO-GR_716,M_INVVAL,Inventory Values Display,DISPINVVAL,,,Copy from ZSG_MM_LO.PRO-GR related roles
ZSG_MM_LO.NT.PRO-GR_716,M_MRES_BWA,Reservations: Movement Type,BWART,,,Copy from ZSG_MM_LO.PRO-GR related roles
ZSG_MM_LO.NT.PRO-GR_716,M_MSEG_BMB,Material Documents: Movement Type,BWART,,,Copy from ZSG_MM_LO.PRO-GR related roles
ZSG_MM_LO.NT.PRO-GR_716,M_MSEG_BWA,Goods Movements: Movement Type,BWART,,,Copy from ZSG_MM_LO.PRO-GR related roles
ZSG_MM_LO.NT.PRO-GR_716,M_MSEG_BWE,Goods Receipt for Purchase Order: Movement Type,BWART,,,Copy from ZSG_MM_LO.PRO-GR related roles
ZSG_MM_LO.NT.PRO-GR_716,M_MSEG_BWF,Goods Receipt for Production Order: Movement Type,BWART,,,Copy from ZSG_MM_LO.PRO-GR related roles
ZSG_MM_LO.NT.PRO-GR_718,F_KNA1_BED,Customer: Account Authorization,BRGRU,,,Copy from ZSG_MM_LO.PRO-GR related roles
ZSG_MM_LO.NT.PRO-GR_718,F_LFA1_BEK,Vendor: Account Authorization,BRGRU,,,Copy from ZSG_MM_LO.PRO-GR related roles
ZSG_MM_LO.NT.PRO-GR_718,M_INVVAL,Inventory Values Display,DISPINVVAL,,,Copy from ZSG_MM_LO.PRO-GR related roles
ZSG_MM_LO.NT.PRO-GR_718,M_MRES_BWA,Reservations: Movement Type,BWART,,,Copy from ZSG_MM_LO.PRO-GR related roles
ZSG_MM_LO.NT.PRO-GR_718,M_MSEG_BMB,Material Documents: Movement Type,BWART,,,Copy from ZSG_MM_LO.PRO-GR related roles
ZSG_MM_LO.NT.PRO-GR_718,M_MSEG_BWA,Goods Movements: Movement Type,BWART,,,Copy from ZSG_MM_LO.PRO-GR related roles
ZSG_MM_LO.NT.PRO-GR_718,M_MSEG_BWE,Goods Receipt for Purchase Order: Movement Type,BWART,,,Copy from ZSG_MM_LO.PRO-GR related roles
ZSG_MM_LO.NT.PRO-GR_718,M_MSEG_BWF,Goods Receipt for Production Order: Movement Type,BWART,,,Copy from ZSG_MM_LO.PRO-GR related roles
ZSG_MM_LO.NT.PRO-GR_811,F_KNA1_BED,Customer: Account Authorization,BRGRU,,,Copy from ZSG_MM_LO.PRO-GR related roles
ZSG_MM_LO.NT.PRO-GR_811,F_LFA1_BEK,Vendor: Account Authorization,BRGRU,,,Copy from ZSG_MM_LO.PRO-GR related roles
ZSG_MM_LO.NT.PRO-GR_811,M_INVVAL,Inventory Values Display,DISPINVVAL,,,Copy from ZSG_MM_LO.PRO-GR related roles
ZSG_MM_LO.NT.PRO-GR_811,M_MRES_BWA,Reservations: Movement Type,BWART,,,Copy from ZSG_MM_LO.PRO-GR related roles
ZSG_MM_LO.NT.PRO-GR_811,M_MSEG_BMB,Material Documents: Movement Type,BWART,,,Copy from ZSG_MM_LO.PRO-GR related roles
ZSG_MM_LO.NT.PRO-GR_811,M_MSEG_BWA,Goods Movements: Movement Type,BWART,,,Copy from ZSG_MM_LO.PRO-GR related roles
ZSG_MM_LO.NT.PRO-GR_811,M_MSEG_BWE,Goods Receipt for Purchase Order: Movement Type,BWART,,,Copy from ZSG_MM_LO.PRO-GR related roles
ZSG_MM_LO.NT.PRO-GR_811,M_MSEG_BWF,Goods Receipt for Production Order: Movement Type,BWART,,,Copy from ZSG_MM_LO.PRO-GR related roles
ZSG_MM_LO.NT.PRO-GR_812,F_KNA1_BED,Customer: Account Authorization,BRGRU,,,Copy from ZSG_MM_LO.PRO-GR related roles
ZSG_MM_LO.NT.PRO-GR_812,F_LFA1_BEK,Vendor: Account Authorization,BRGRU,,,Copy from ZSG_MM_LO.PRO-GR related roles
ZSG_MM_LO.NT.PRO-GR_812,M_INVVAL,Inventory Values Display,DISPINVVAL,,,Copy from ZSG_MM_LO.PRO-GR related roles
ZSG_MM_LO.NT.PRO-GR_812,M_MRES_BWA,Reservations: Movement Type,BWART,,,Copy from ZSG_MM_LO.PRO-GR related roles
ZSG_MM_LO.NT.PRO-GR_812,M_MSEG_BMB,Material Documents: Movement Type,BWART,,,Copy from ZSG_MM_LO.PRO-GR related roles
ZSG_MM_LO.NT.PRO-GR_812,M_MSEG_BWA,Goods Movements: Movement Type,BWART,,,Copy from ZSG_MM_LO.PRO-GR related roles
ZSG_MM_LO.NT.PRO-GR_812,M_MSEG_BWE,Goods Receipt for Purchase Order: Movement Type,BWART,,,Copy from ZSG_MM_LO.PRO-GR related roles
ZSG_MM_LO.NT.PRO-GR_812,M_MSEG_BWF,Goods Receipt for Production Order: Movement Type,BWART,,,Copy from ZSG_MM_LO.PRO-GR related roles
ZSG_MM_LO.NT.PRO-GR_813,F_KNA1_BED,Customer: Account Authorization,BRGRU,,,Copy from ZSG_MM_LO.PRO-GR related roles
ZSG_MM_LO.NT.PRO-GR_813,F_LFA1_BEK,Vendor: Account Authorization,BRGRU,,,Copy from ZSG_MM_LO.PRO-GR related roles
ZSG_MM_LO.NT.PRO-GR_813,M_INVVAL,Inventory Values Display,DISPINVVAL,,,Copy from ZSG_MM_LO.PRO-GR related roles
ZSG_MM_LO.NT.PRO-GR_813,M_MRES_BWA,Reservations: Movement Type,BWART,,,Copy from ZSG_MM_LO.PRO-GR related roles
ZSG_MM_LO.NT.PRO-GR_813,M_MSEG_BMB,Material Documents: Movement Type,BWART,,,Copy from ZSG_MM_LO.PRO-GR related roles
ZSG_MM_LO.NT.PRO-GR_813,M_MSEG_BWA,Goods Movements: Movement Type,BWART,,,Copy from ZSG_MM_LO.PRO-GR related roles
ZSG_MM_LO.NT.PRO-GR_813,M_MSEG_BWE,Goods Receipt for Purchase Order: Movement Type,BWART,,,Copy from ZSG_MM_LO.PRO-GR related roles
ZSG_MM_LO.NT.PRO-GR_813,M_MSEG_BWF,Goods Receipt for Production Order: Movement Type,BWART,,,Copy from ZSG_MM_LO.PRO-GR related roles
ZSG_MM_LO.NT.PRO-GR_815,F_KNA1_BED,Customer: Account Authorization,BRGRU,,,Copy from ZSG_MM_LO.PRO-GR related roles
ZSG_MM_LO.NT.PRO-GR_815,F_LFA1_BEK,Vendor: Account Authorization,BRGRU,,,Copy from ZSG_MM_LO.PRO-GR related roles
ZSG_MM_LO.NT.PRO-GR_815,M_INVVAL,Inventory Values Display,DISPINVVAL,,,Copy from ZSG_MM_LO.PRO-GR related roles
ZSG_MM_LO.NT.PRO-GR_815,M_MRES_BWA,Reservations: Movement Type,BWART,,,Copy from ZSG_MM_LO.PRO-GR related roles
ZSG_MM_LO.NT.PRO-GR_815,M_MSEG_BMB,Material Documents: Movement Type,BWART,,,Copy from ZSG_MM_LO.PRO-GR related roles
ZSG_MM_LO.NT.PRO-GR_815,M_MSEG_BWA,Goods Movements: Movement Type,BWART,,,Copy from ZSG_MM_LO.PRO-GR related roles
ZSG_MM_LO.NT.PRO-GR_815,M_MSEG_BWE,Goods Receipt for Purchase Order: Movement Type,BWART,,,Copy from ZSG_MM_LO.PRO-GR related roles
ZSG_MM_LO.NT.PRO-GR_815,M_MSEG_BWF,Goods Receipt for Production Order: Movement Type,BWART,,,Copy from ZSG_MM_LO.PRO-GR related roles
ZSG_MM_LO.NT.PRO-GR_816,F_KNA1_BED,Customer: Account Authorization,BRGRU,,,Copy from ZSG_MM_LO.PRO-GR related roles
ZSG_MM_LO.NT.PRO-GR_816,F_LFA1_BEK,Vendor: Account Authorization,BRGRU,,,Copy from ZSG_MM_LO.PRO-GR related roles
ZSG_MM_LO.NT.PRO-GR_816,M_INVVAL,Inventory Values Display,DISPINVVAL,,,Copy from ZSG_MM_LO.PRO-GR related roles
ZSG_MM_LO.NT.PRO-GR_816,M_MRES_BWA,Reservations: Movement Type,BWART,,,Copy from ZSG_MM_LO.PRO-GR related roles
ZSG_MM_LO.NT.PRO-GR_816,M_MSEG_BMB,Material Documents: Movement Type,BWART,,,Copy from ZSG_MM_LO.PRO-GR related roles
ZSG_MM_LO.NT.PRO-GR_816,M_MSEG_BWA,Goods Movements: Movement Type,BWART,,,Copy from ZSG_MM_LO.PRO-GR related roles
ZSG_MM_LO.NT.PRO-GR_816,M_MSEG_BWE,Goods Receipt for Purchase Order: Movement Type,BWART,,,Copy from ZSG_MM_LO.PRO-GR related roles
ZSG_MM_LO.NT.PRO-GR_816,M_MSEG_BWF,Goods Receipt for Production Order: Movement Type,BWART,,,Copy from ZSG_MM_LO.PRO-GR related roles
ZSG_MM_LO.NT.PRO-GR_831,F_KNA1_BED,Customer: Account Authorization,BRGRU,,,Copy from ZSG_MM_LO.PRO-GR related roles
ZSG_MM_LO.NT.PRO-GR_831,F_LFA1_BEK,Vendor: Account Authorization,BRGRU,,,Copy from ZSG_MM_LO.PRO-GR related roles
ZSG_MM_LO.NT.PRO-GR_831,M_INVVAL,Inventory Values Display,DISPINVVAL,,,Copy from ZSG_MM_LO.PRO-GR related roles
ZSG_MM_LO.NT.PRO-GR_831,M_MRES_BWA,Reservations: Movement Type,BWART,,,Copy from ZSG_MM_LO.PRO-GR related roles
ZSG_MM_LO.NT.PRO-GR_831,M_MSEG_BMB,Material Documents: Movement Type,BWART,,,Copy from ZSG_MM_LO.PRO-GR related roles
ZSG_MM_LO.NT.PRO-GR_831,M_MSEG_BWA,Goods Movements: Movement Type,BWART,,,Copy from ZSG_MM_LO.PRO-GR related roles
ZSG_MM_LO.NT.PRO-GR_831,M_MSEG_BWE,Goods Receipt for Purchase Order: Movement Type,BWART,,,Copy from ZSG_MM_LO.PRO-GR related roles
ZSG_MM_LO.NT.PRO-GR_831,M_MSEG_BWF,Goods Receipt for Production Order: Movement Type,BWART,,,Copy from ZSG_MM_LO.PRO-GR related roles
ZSG_MM_LO.NT.PRO-GR_832,F_KNA1_BED,Customer: Account Authorization,BRGRU,,,Copy from ZSG_MM_LO.PRO-GR related roles
ZSG_MM_LO.NT.PRO-GR_832,F_LFA1_BEK,Vendor: Account Authorization,BRGRU,,,Copy from ZSG_MM_LO.PRO-GR related roles
ZSG_MM_LO.NT.PRO-GR_832,M_INVVAL,Inventory Values Display,DISPINVVAL,,,Copy from ZSG_MM_LO.PRO-GR related roles
ZSG_MM_LO.NT.PRO-GR_832,M_MRES_BWA,Reservations: Movement Type,BWART,,,Copy from ZSG_MM_LO.PRO-GR related roles
ZSG_MM_LO.NT.PRO-GR_832,M_MSEG_BMB,Material Documents: Movement Type,BWART,,,Copy from ZSG_MM_LO.PRO-GR related roles
ZSG_MM_LO.NT.PRO-GR_832,M_MSEG_BWA,Goods Movements: Movement Type,BWART,,,Copy from ZSG_MM_LO.PRO-GR related roles
ZSG_MM_LO.NT.PRO-GR_832,M_MSEG_BWE,Goods Receipt for Purchase Order: Movement Type,BWART,,,Copy from ZSG_MM_LO.PRO-GR related roles
ZSG_MM_LO.NT.PRO-GR_832,M_MSEG_BWF,Goods Receipt for Production Order: Movement Type,BWART,,,Copy from ZSG_MM_LO.PRO-GR related roles
ZSG_MM_LO.NT.PRO-GR_833,F_KNA1_BED,Customer: Account Authorization,BRGRU,,,Copy from ZSG_MM_LO.PRO-GR related roles
ZSG_MM_LO.NT.PRO-GR_833,F_LFA1_BEK,Vendor: Account Authorization,BRGRU,,,Copy from ZSG_MM_LO.PRO-GR related roles
ZSG_MM_LO.NT.PRO-GR_833,M_INVVAL,Inventory Values Display,DISPINVVAL,,,Copy from ZSG_MM_LO.PRO-GR related roles
ZSG_MM_LO.NT.PRO-GR_833,M_MRES_BWA,Reservations: Movement Type,BWART,,,Copy from ZSG_MM_LO.PRO-GR related roles
ZSG_MM_LO.NT.PRO-GR_833,M_MSEG_BMB,Material Documents: Movement Type,BWART,,,Copy from ZSG_MM_LO.PRO-GR related roles
ZSG_MM_LO.NT.PRO-GR_833,M_MSEG_BWA,Goods Movements: Movement Type,BWART,,,Copy from ZSG_MM_LO.PRO-GR related roles
ZSG_MM_LO.NT.PRO-GR_833,M_MSEG_BWE,Goods Receipt for Purchase Order: Movement Type,BWART,,,Copy from ZSG_MM_LO.PRO-GR related roles
ZSG_MM_LO.NT.PRO-GR_833,M_MSEG_BWF,Goods Receipt for Production Order: Movement Type,BWART,,,Copy from ZSG_MM_LO.PRO-GR related roles
ZSG_MM_LO.NT.PRO-GR_835,F_KNA1_BED,Customer: Account Authorization,BRGRU,,,Copy from ZSG_MM_LO.PRO-GR related roles
ZSG_MM_LO.NT.PRO-GR_835,F_LFA1_BEK,Vendor: Account Authorization,BRGRU,,,Copy from ZSG_MM_LO.PRO-GR related roles
ZSG_MM_LO.NT.PRO-GR_835,M_INVVAL,Inventory Values Display,DISPINVVAL,,,Copy from ZSG_MM_LO.PRO-GR related roles
ZSG_MM_LO.NT.PRO-GR_835,M_MRES_BWA,Reservations: Movement Type,BWART,,,Copy from ZSG_MM_LO.PRO-GR related roles
ZSG_MM_LO.NT.PRO-GR_835,M_MSEG_BMB,Material Documents: Movement Type,BWART,,,Copy from ZSG_MM_LO.PRO-GR related roles
ZSG_MM_LO.NT.PRO-GR_835,M_MSEG_BWA,Goods Movements: Movement Type,BWART,,,Copy from ZSG_MM_LO.PRO-GR related roles
ZSG_MM_LO.NT.PRO-GR_835,M_MSEG_BWE,Goods Receipt for Purchase Order: Movement Type,BWART,,,Copy from ZSG_MM_LO.PRO-GR related roles
ZSG_MM_LO.NT.PRO-GR_835,M_MSEG_BWF,Goods Receipt for Production Order: Movement Type,BWART,,,Copy from ZSG_MM_LO.PRO-GR related roles
ZSG_MM_LO.NT.PRO-GR_836,F_KNA1_BED,Customer: Account Authorization,BRGRU,,,Copy from ZSG_MM_LO.PRO-GR related roles
ZSG_MM_LO.NT.PRO-GR_836,F_LFA1_BEK,Vendor: Account Authorization,BRGRU,,,Copy from ZSG_MM_LO.PRO-GR related roles
ZSG_MM_LO.NT.PRO-GR_836,M_INVVAL,Inventory Values Display,DISPINVVAL,,,Copy from ZSG_MM_LO.PRO-GR related roles
ZSG_MM_LO.NT.PRO-GR_836,M_MRES_BWA,Reservations: Movement Type,BWART,,,Copy from ZSG_MM_LO.PRO-GR related roles
ZSG_MM_LO.NT.PRO-GR_836,M_MSEG_BMB,Material Documents: Movement Type,BWART,,,Copy from ZSG_MM_LO.PRO-GR related roles
ZSG_MM_LO.NT.PRO-GR_836,M_MSEG_BWA,Goods Movements: Movement Type,BWART,,,Copy from ZSG_MM_LO.PRO-GR related roles
ZSG_MM_LO.NT.PRO-GR_836,M_MSEG_BWE,Goods Receipt for Purchase Order: Movement Type,BWART,,,Copy from ZSG_MM_LO.PRO-GR related roles
ZSG_MM_LO.NT.PRO-GR_836,M_MSEG_BWF,Goods Receipt for Production Order: Movement Type,BWART,,,Copy from ZSG_MM_LO.PRO-GR related roles
ZSG_MM_LO.NT.PRO-GR_837,F_KNA1_BED,Customer: Account Authorization,BRGRU,,,Copy from ZSG_MM_LO.PRO-GR related roles
ZSG_MM_LO.NT.PRO-GR_837,F_LFA1_BEK,Vendor: Account Authorization,BRGRU,,,Copy from ZSG_MM_LO.PRO-GR related roles
ZSG_MM_LO.NT.PRO-GR_837,M_INVVAL,Inventory Values Display,DISPINVVAL,,,Copy from ZSG_MM_LO.PRO-GR related roles
ZSG_MM_LO.NT.PRO-GR_837,M_MRES_BWA,Reservations: Movement Type,BWART,,,Copy from ZSG_MM_LO.PRO-GR related roles
ZSG_MM_LO.NT.PRO-GR_837,M_MSEG_BMB,Material Documents: Movement Type,BWART,,,Copy from ZSG_MM_LO.PRO-GR related roles
ZSG_MM_LO.NT.PRO-GR_837,M_MSEG_BWA,Goods Movements: Movement Type,BWART,,,Copy from ZSG_MM_LO.PRO-GR related roles
ZSG_MM_LO.NT.PRO-GR_837,M_MSEG_BWE,Goods Receipt for Purchase Order: Movement Type,BWART,,,Copy from ZSG_MM_LO.PRO-GR related roles
ZSG_MM_LO.NT.PRO-GR_837,M_MSEG_BWF,Goods Receipt for Production Order: Movement Type,BWART,,,Copy from ZSG_MM_LO.PRO-GR related roles
ZSG_MM_LO.NT.PRO-GR_838,F_KNA1_BED,Customer: Account Authorization,BRGRU,,,Copy from ZSG_MM_LO.PRO-GR related roles
ZSG_MM_LO.NT.PRO-GR_838,F_LFA1_BEK,Vendor: Account Authorization,BRGRU,,,Copy from ZSG_MM_LO.PRO-GR related roles
ZSG_MM_LO.NT.PRO-GR_838,M_INVVAL,Inventory Values Display,DISPINVVAL,,,Copy from ZSG_MM_LO.PRO-GR related roles
ZSG_MM_LO.NT.PRO-GR_838,M_MRES_BWA,Reservations: Movement Type,BWART,,,Copy from ZSG_MM_LO.PRO-GR related roles
ZSG_MM_LO.NT.PRO-GR_838,M_MSEG_BMB,Material Documents: Movement Type,BWART,,,Copy from ZSG_MM_LO.PRO-GR related roles
ZSG_MM_LO.NT.PRO-GR_838,M_MSEG_BWA,Goods Movements: Movement Type,BWART,,,Copy from ZSG_MM_LO.PRO-GR related roles
ZSG_MM_LO.NT.PRO-GR_838,M_MSEG_BWE,Goods Receipt for Purchase Order: Movement Type,BWART,,,Copy from ZSG_MM_LO.PRO-GR related roles
ZSG_MM_LO.NT.PRO-GR_838,M_MSEG_BWF,Goods Receipt for Production Order: Movement Type,BWART,,,Copy from ZSG_MM_LO.PRO-GR related roles
ZSG_MM_LO.NT.PRO-GR_839,F_KNA1_BED,Customer: Account Authorization,BRGRU,,,Copy from ZSG_MM_LO.PRO-GR related roles
ZSG_MM_LO.NT.PRO-GR_839,F_LFA1_BEK,Vendor: Account Authorization,BRGRU,,,Copy from ZSG_MM_LO.PRO-GR related roles
ZSG_MM_LO.NT.PRO-GR_839,M_INVVAL,Inventory Values Display,DISPINVVAL,,,Copy from ZSG_MM_LO.PRO-GR related roles
ZSG_MM_LO.NT.PRO-GR_839,M_MRES_BWA,Reservations: Movement Type,BWART,,,Copy from ZSG_MM_LO.PRO-GR related roles
ZSG_MM_LO.NT.PRO-GR_839,M_MSEG_BMB,Material Documents: Movement Type,BWART,,,Copy from ZSG_MM_LO.PRO-GR related roles
ZSG_MM_LO.NT.PRO-GR_839,M_MSEG_BWA,Goods Movements: Movement Type,BWART,,,Copy from ZSG_MM_LO.PRO-GR related roles
ZSG_MM_LO.NT.PRO-GR_839,M_MSEG_BWE,Goods Receipt for Purchase Order: Movement Type,BWART,,,Copy from ZSG_MM_LO.PRO-GR related roles
ZSG_MM_LO.NT.PRO-GR_839,M_MSEG_BWF,Goods Receipt for Production Order: Movement Type,BWART,,,Copy from ZSG_MM_LO.PRO-GR related roles
ZSG_MM_LO.NT.PRO-GR_851,F_KNA1_BED,Customer: Account Authorization,BRGRU,,,Copy from ZSG_MM_LO.PRO-GR related roles
ZSG_MM_LO.NT.PRO-GR_851,F_LFA1_BEK,Vendor: Account Authorization,BRGRU,,,Copy from ZSG_MM_LO.PRO-GR related roles
ZSG_MM_LO.NT.PRO-GR_851,M_INVVAL,Inventory Values Display,DISPINVVAL,,,Copy from ZSG_MM_LO.PRO-GR related roles
ZSG_MM_LO.NT.PRO-GR_851,M_MRES_BWA,Reservations: Movement Type,BWART,,,Copy from ZSG_MM_LO.PRO-GR related roles
ZSG_MM_LO.NT.PRO-GR_851,M_MSEG_BMB,Material Documents: Movement Type,BWART,,,Copy from ZSG_MM_LO.PRO-GR related roles
ZSG_MM_LO.NT.PRO-GR_851,M_MSEG_BWA,Goods Movements: Movement Type,BWART,,,Copy from ZSG_MM_LO.PRO-GR related roles
ZSG_MM_LO.NT.PRO-GR_851,M_MSEG_BWE,Goods Receipt for Purchase Order: Movement Type,BWART,,,Copy from ZSG_MM_LO.PRO-GR related roles
ZSG_MM_LO.NT.PRO-GR_851,M_MSEG_BWF,Goods Receipt for Production Order: Movement Type,BWART,,,Copy from ZSG_MM_LO.PRO-GR related roles
ZSG_MM_LO.NT.PRO-GR_861,F_KNA1_BED,Customer: Account Authorization,BRGRU,,,Copy from ZSG_MM_LO.PRO-GR related roles
ZSG_MM_LO.NT.PRO-GR_861,F_LFA1_BEK,Vendor: Account Authorization,BRGRU,,,Copy from ZSG_MM_LO.PRO-GR related roles
ZSG_MM_LO.NT.PRO-GR_861,M_INVVAL,Inventory Values Display,DISPINVVAL,,,Copy from ZSG_MM_LO.PRO-GR related roles
ZSG_MM_LO.NT.PRO-GR_861,M_MRES_BWA,Reservations: Movement Type,BWART,,,Copy from ZSG_MM_LO.PRO-GR related roles
ZSG_MM_LO.NT.PRO-GR_861,M_MSEG_BMB,Material Documents: Movement Type,BWART,,,Copy from ZSG_MM_LO.PRO-GR related roles
ZSG_MM_LO.NT.PRO-GR_861,M_MSEG_BWA,Goods Movements: Movement Type,BWART,,,Copy from ZSG_MM_LO.PRO-GR related roles
ZSG_MM_LO.NT.PRO-GR_861,M_MSEG_BWE,Goods Receipt for Purchase Order: Movement Type,BWART,,,Copy from ZSG_MM_LO.PRO-GR related roles
ZSG_MM_LO.NT.PRO-GR_861,M_MSEG_BWF,Goods Receipt for Production Order: Movement Type,BWART,,,Copy from ZSG_MM_LO.PRO-GR related roles
ZSG_MM_LO.NT.PRO-GR_871,F_KNA1_BED,Customer: Account Authorization,BRGRU,,,Copy from ZSG_MM_LO.PRO-GR related roles
ZSG_MM_LO.NT.PRO-GR_871,F_LFA1_BEK,Vendor: Account Authorization,BRGRU,,,Copy from ZSG_MM_LO.PRO-GR related roles
ZSG_MM_LO.NT.PRO-GR_871,M_INVVAL,Inventory Values Display,DISPINVVAL,,,Copy from ZSG_MM_LO.PRO-GR related roles
ZSG_MM_LO.NT.PRO-GR_871,M_MRES_BWA,Reservations: Movement Type,BWART,,,Copy from ZSG_MM_LO.PRO-GR related roles
ZSG_MM_LO.NT.PRO-GR_871,M_MSEG_BMB,Material Documents: Movement Type,BWART,,,Copy from ZSG_MM_LO.PRO-GR related roles
ZSG_MM_LO.NT.PRO-GR_871,M_MSEG_BWA,Goods Movements: Movement Type,BWART,,,Copy from ZSG_MM_LO.PRO-GR related roles
ZSG_MM_LO.NT.PRO-GR_871,M_MSEG_BWE,Goods Receipt for Purchase Order: Movement Type,BWART,,,Copy from ZSG_MM_LO.PRO-GR related roles
ZSG_MM_LO.NT.PRO-GR_871,M_MSEG_BWF,Goods Receipt for Production Order: Movement Type,BWART,,,Copy from ZSG_MM_LO.PRO-GR related roles
ZSG_MM_LO.NT.PRO-GR_872,F_KNA1_BED,Customer: Account Authorization,BRGRU,,,Copy from ZSG_MM_LO.PRO-GR related roles
ZSG_MM_LO.NT.PRO-GR_872,F_LFA1_BEK,Vendor: Account Authorization,BRGRU,,,Copy from ZSG_MM_LO.PRO-GR related roles
ZSG_MM_LO.NT.PRO-GR_872,M_INVVAL,Inventory Values Display,DISPINVVAL,,,Copy from ZSG_MM_LO.PRO-GR related roles
ZSG_MM_LO.NT.PRO-GR_872,M_MRES_BWA,Reservations: Movement Type,BWART,,,Copy from ZSG_MM_LO.PRO-GR related roles
ZSG_MM_LO.NT.PRO-GR_872,M_MSEG_BMB,Material Documents: Movement Type,BWART,,,Copy from ZSG_MM_LO.PRO-GR related roles
ZSG_MM_LO.NT.PRO-GR_872,M_MSEG_BWA,Goods Movements: Movement Type,BWART,,,Copy from ZSG_MM_LO.PRO-GR related roles
ZSG_MM_LO.NT.PRO-GR_872,M_MSEG_BWE,Goods Receipt for Purchase Order: Movement Type,BWART,,,Copy from ZSG_MM_LO.PRO-GR related roles
ZSG_MM_LO.NT.PRO-GR_872,M_MSEG_BWF,Goods Receipt for Production Order: Movement Type,BWART,,,Copy from ZSG_MM_LO.PRO-GR related roles
ZSG_MM_LO.NT.PRO-GR_873,F_KNA1_BED,Customer: Account Authorization,BRGRU,,,Copy from ZSG_MM_LO.PRO-GR related roles
ZSG_MM_LO.NT.PRO-GR_873,F_LFA1_BEK,Vendor: Account Authorization,BRGRU,,,Copy from ZSG_MM_LO.PRO-GR related roles
ZSG_MM_LO.NT.PRO-GR_873,M_INVVAL,Inventory Values Display,DISPINVVAL,,,Copy from ZSG_MM_LO.PRO-GR related roles
ZSG_MM_LO.NT.PRO-GR_873,M_MRES_BWA,Reservations: Movement Type,BWART,,,Copy from ZSG_MM_LO.PRO-GR related roles
ZSG_MM_LO.NT.PRO-GR_873,M_MSEG_BMB,Material Documents: Movement Type,BWART,,,Copy from ZSG_MM_LO.PRO-GR related roles
ZSG_MM_LO.NT.PRO-GR_873,M_MSEG_BWA,Goods Movements: Movement Type,BWART,,,Copy from ZSG_MM_LO.PRO-GR related roles
ZSG_MM_LO.NT.PRO-GR_873,M_MSEG_BWE,Goods Receipt for Purchase Order: Movement Type,BWART,,,Copy from ZSG_MM_LO.PRO-GR related roles
ZSG_MM_LO.NT.PRO-GR_873,M_MSEG_BWF,Goods Receipt for Production Order: Movement Type,BWART,,,Copy from ZSG_MM_LO.PRO-GR related roles
ZSG_MM_LO.NT.PRO-GR_911,F_KNA1_BED,Customer: Account Authorization,BRGRU,,,Copy from ZSG_MM_LO.PRO-GR related roles
ZSG_MM_LO.NT.PRO-GR_911,F_LFA1_BEK,Vendor: Account Authorization,BRGRU,,,Copy from ZSG_MM_LO.PRO-GR related roles
ZSG_MM_LO.NT.PRO-GR_911,M_INVVAL,Inventory Values Display,DISPINVVAL,,,Copy from ZSG_MM_LO.PRO-GR related roles
ZSG_MM_LO.NT.PRO-GR_911,M_MRES_BWA,Reservations: Movement Type,BWART,,,Copy from ZSG_MM_LO.PRO-GR related roles
ZSG_MM_LO.NT.PRO-GR_911,M_MSEG_BMB,Material Documents: Movement Type,BWART,,,Copy from ZSG_MM_LO.PRO-GR related roles
ZSG_MM_LO.NT.PRO-GR_911,M_MSEG_BWA,Goods Movements: Movement Type,BWART,,,Copy from ZSG_MM_LO.PRO-GR related roles
ZSG_MM_LO.NT.PRO-GR_911,M_MSEG_BWE,Goods Receipt for Purchase Order: Movement Type,BWART,,,Copy from ZSG_MM_LO.PRO-GR related roles
ZSG_MM_LO.NT.PRO-GR_911,M_MSEG_BWF,Goods Receipt for Production Order: Movement Type,BWART,,,Copy from ZSG_MM_LO.PRO-GR related roles
ZSG_MM_LO.NT.PRO-GR_XXX,F_KNA1_BED,Customer: Account Authorization,BRGRU,,,Copy from ZSG_MM_LO.PRO-GR related roles
ZSG_MM_LO.NT.PRO-GR_XXX,F_LFA1_BEK,Vendor: Account Authorization,BRGRU,,,Copy from ZSG_MM_LO.PRO-GR related roles
ZSG_MM_LO.NT.PRO-GR_XXX,M_INVVAL,Inventory Values Display,DISPINVVAL,,,Copy from ZSG_MM_LO.PRO-GR related roles
ZSG_MM_LO.NT.PRO-GR_XXX,M_MRES_BWA,Reservations: Movement Type,BWART,,,Copy from ZSG_MM_LO.PRO-GR related roles
ZSG_MM_LO.NT.PRO-GR_XXX,M_MSEG_BMB,Material Documents: Movement Type,BWART,,,Copy from ZSG_MM_LO.PRO-GR related roles
ZSG_MM_LO.NT.PRO-GR_XXX,M_MSEG_BWA,Goods Movements: Movement Type,BWART,,,Copy from ZSG_MM_LO.PRO-GR related roles
ZSG_MM_LO.NT.PRO-GR_XXX,M_MSEG_BWE,Goods Receipt for Purchase Order: Movement Type,BWART,,,Copy from ZSG_MM_LO.PRO-GR related roles
ZSG_MM_LO.NT.PRO-GR_XXX,M_MSEG_BWF,Goods Receipt for Production Order: Movement Type,BWART,,,Copy from ZSG_MM_LO.PRO-GR related roles
ZSG_MM_ODATA,/SCWM/PROD,Warehouse Product,/SCWM/PROD,,,
ZSG_MM_ODATA,/SCWM/PROD,Warehouse Product,ACTVT,,,
ZSG_MM_ODATA,C_AENR_BGR,CC Change Master - Authorization Group,BEGRU,,,
ZSG_MM_ODATA,C_AENR_ERW,CC Eng. Chg. Mgmt. Enhanced Authorization Check,AENST,,,
ZSG_MM_ODATA,C_AENR_ERW,CC Eng. Chg. Mgmt. Enhanced Authorization Check,BEGRU,,,
ZSG_MM_ODATA,C_AENR_ERW,CC Eng. Chg. Mgmt. Enhanced Authorization Check,RLKEY,,,
ZSG_MM_ODATA,C_APO_PROD,"APO Authorization Object: Master Data, Products",ACTVT,,,
ZSG_MM_ODATA,C_APO_PROD,"APO Authorization Object: Master Data, Products",APO_LOC,,,
ZSG_MM_ODATA,C_APO_PROD,"APO Authorization Object: Master Data, Products",APO_PROD,,,
ZSG_MM_ODATA,C_DRAD_OBJ,Create/Change/Display/Delete Object Link,ACTVT,,,
ZSG_MM_ODATA,C_DRAD_OBJ,Create/Change/Display/Delete Object Link,DOKAR,,,
ZSG_MM_ODATA,C_DRAD_OBJ,Create/Change/Display/Delete Object Link,STATUS,,,
ZSG_MM_ODATA,C_DRAW_DOK,Authorization for document access,ACTVT,,,
ZSG_MM_ODATA,C_DRAW_DOK,Authorization for document access,DOKAR,,,
ZSG_MM_ODATA,C_DRAW_STA,Authorization for document status,DOKAR,,,
ZSG_MM_ODATA,C_DRAW_STA,Authorization for document status,DOKST,,,
ZSG_MM_ODATA,C_DRAW_TCD,Authorization for document activities,ACTVT,,,
ZSG_MM_ODATA,C_DRAW_TCD,Authorization for document activities,DOKAR,,,
ZSG_MM_ODATA,C_DRAW_TCS,Status-Dependent Authorizations for Documents,ACTVT,,,
ZSG_MM_ODATA,C_DRAW_TCS,Status-Dependent Authorizations for Documents,DOKAR,,,
ZSG_MM_ODATA,C_DRAW_TCS,Status-Dependent Authorizations for Documents,DOKST,,,
ZSG_MM_ODATA,C_KLAH_BKL,Authorization for Classification,BGRKL,,,
ZSG_MM_ODATA,C_TCLS_MNT,Authorization for Characteristics of Org. Area,KLART,,,
ZSG_MM_ODATA,C_TCLS_MNT,Authorization for Characteristics of Org. Area,SICHT,,,
ZSG_MM_ODATA,C_VC_MODEL,Variant Configuration - Object Dependencies,ACTVT,,,
ZSG_MM_ODATA,C_VC_MODEL,Variant Configuration - Object Dependencies,LOV_OBJTYP,,,
ZSG_MM_ODATA,DRF_ADM,Creating Outbound Messages,DRF_APPL,,,
ZSG_MM_ODATA,DRF_ADM,Creating Outbound Messages,DRF_FOBJ,,,
ZSG_MM_ODATA,F_KNA1_GEN,Customer: Central Data,ACTVT,,,
ZSG_MM_ODATA,K_ML_VA,CO Material Ledger: Valuation Area,ACTVT,,,
ZSG_MM_ODATA,K_PCA_MD,EC-PCA: Authorization Object for Profit Center Master Data,ACTVT,,,
ZSG_MM_ODATA,MDC_PFILT,Consolidation Cluster Permissions,MDC_FILTER,,,
ZSG_MM_ODATA,MDC_PROOT,Consolidation Root Permissions,ACTVT,,,
ZSG_MM_ODATA,M_MATE_MAR,Material Master: Material Types,BEGRU,,,
ZSG_MM_ODATA,M_MATE_MAT,Material Master: Materials,BEGRU,,,
ZSG_MM_ODATA,M_MATE_STA,Material Master: Maintenance Statuses,STATM,,,
ZSG_MM_ODATA,M_MATE_WGR,Material Master: Material Groups,BEGRU,,,
ZSG_MM_ODATA,SDDLVIEW,DDL Entity Access,DDLNAME,,,
ZSG_MM_ODATA,S_ESH_CONN,Authoriz. Check on Connector level,REQUEST,,,
ZSG_MM_ODATA,S_ESH_CONN,Authoriz. Check on Connector level,SCONN_ID,,,
ZSG_MM_ODATA,S_ESH_CONN,Authoriz. Check on Connector level,SYSTEM_ID,,,
ZSG_MM_ODATA,S_ESH_CONN,Authoriz. Check on Connector level,SYS_CLIENT,,,
ZSG_MM_ODATA,S_RS_COMP,Business Explorer - Components,RSINFOAREA,,,
ZSG_MM_ODATA,S_RS_COMP1,Business Explorer - Components: Enhancements to the Owner,RSZOWNER,,,
ZSG_MM_ODATA,S_SCOPE,OAuth2 Scope,OA2_CLIENT,,,
ZSG_MM_PO.DSP_716,B_BUPA_ATT,Business Partner: Authorization Types,AUTHTYP,,,Copy values from existing role
ZSG_MM_PO.DSP_716,B_BUPA_ATT,Business Partner: Authorization Types,AUVAL1,,,Copy values from existing role
ZSG_MM_PO.DSP_716,B_BUPA_ATT,Business Partner: Authorization Types,AUVAL2,,,Copy values from existing role
ZSG_MM_PO.DSP_716,B_BUPA_FDG,Business Partner: Field Groups,FLDGR,,,Copy values from existing role
ZSG_MM_PO.DSP_716,B_BUPA_GRP,Business Partner: Authorization Groups,BEGRU,,,Copy values from existing role
ZSG_MM_PO.DSP_716,B_BUPA_RLT,Business Partner: BP Roles,RLTYP,,,Copy values from existing role
ZSG_MM_PO.DSP_716,B_BUPR_BZT,Business Partner Relationships: Relationship Categories,RELTYP,,,Copy values from existing role
ZSG_MM_PO.DSP_716,B_BUPR_FDG,Business Partner Relationships: Field Groups,FLDGR,,,Copy values from existing role
ZSG_MM_PO.DSP_716,C_AFVG_TYP,PS: Activity types for network act. and activity elements,PS_VGTYP,,,Copy values from existing role
ZSG_MM_PO.DSP_716,C_PRPS_ART,PS: Project type authorization for WBS elements,PS_PRART,,,Copy values from existing role
ZSG_MM_PO.DSP_716,C_PRPS_KST,PS: Cost Center Authorization for WBS elements,PS_FKOKR,,,Copy values from existing role
ZSG_MM_PO.DSP_716,C_PRPS_KST,PS: Cost Center Authorization for WBS elements,PS_FKSTL,,,Copy values from existing role
ZSG_MM_PO.DSP_716,C_PRPS_USR,PS: Model for User Field Authorization for WBS elements,USR10_1,,,Copy values from existing role
ZSG_MM_PO.DSP_716,C_PRPS_USR,PS: Model for User Field Authorization for WBS elements,USR10_2,,,Copy values from existing role
ZSG_MM_PO.DSP_716,C_PRPS_USR,PS: Model for User Field Authorization for WBS elements,USR20_1,,,Copy values from existing role
ZSG_MM_PO.DSP_716,C_PRPS_USR,PS: Model for User Field Authorization for WBS elements,USR20_2,,,Copy values from existing role
ZSG_MM_PO.DSP_716,C_PRPS_USR,PS: Model for User Field Authorization for WBS elements,USRFLAG_1,,,Copy values from existing role
ZSG_MM_PO.DSP_716,C_PRPS_USR,PS: Model for User Field Authorization for WBS elements,USRFLAG_2,,,Copy values from existing role
ZSG_MM_PO.DSP_716,C_PRPS_VNR,PS: Project Manager Authorization for WBS elements,PS_VERNR,,,Copy values from existing role
ZSG_MM_PO.DSP_716,F_KNA1_BED,Customer: Account Authorization,BRGRU,,,Copy values from existing role
ZSG_MM_PO.DSP_716,F_KNA1_GRP,Customer: Account Group Authorization,KTOKD,,,Copy values from existing role
ZSG_MM_PO.DSP_716,F_LFA1_AEN,Vendor: Change Authorization for Certain Fields,VGRUP,,,Copy values from existing role
ZSG_MM_PO.DSP_716,F_LFA1_BEK,Vendor: Account Authorization,BRGRU,,,Copy values from existing role
ZSG_MM_PO.DSP_716,F_LFA1_BEK,Vendor: Account Authorization,BRGRU,,,Copy values from existing role
ZSG_MM_PO.DSP_716,F_LFA1_GRP,Vendor: Account Group Authorization,KTOKK,,,Copy values from existing role
ZSG_MM_PO.DSP_716,F_LFA1_GRP,Vendor: Account Group Authorization,KTOKK,,,Copy values from existing role
ZSG_MM_PO.DSP_716,K_CSKS,CO-CCA: Cost Center Master,KOSTL,,,Copy values from existing role
ZSG_MM_PO.DSP_716,M_ANFR_BSA,Document Type in RFQ,BSART,,,Copy values from existing role
ZSG_MM_PO.DSP_716,M_ANGB_BSA,Document Type in Quotation,BSART,,,Copy values from existing role
ZSG_MM_PO.DSP_716,M_BEST_BSA,Document Type in Purchase Order,BSART,,,Copy values from existing role
ZSG_MM_PO.DSP_716,M_IS_DISPO,LIS Standard Analysis: Info Structure / MRP Controller,DISPO,,,Copy values from existing role
ZSG_MM_PO.DSP_716,M_IS_MATKL,LIS Standard Analysis: Info Structure / Material Group,MATKL,,,Copy values from existing role
ZSG_MM_PO.DSP_716,M_IS_MTART,LIS Standard Analysis: Info Structure / Material Type,MTART,,,Copy values from existing role
ZSG_MM_PO.DSP_716,M_IS_SELVS,LIS Standard Analysis: Selection Versions,ACTVT,,,Copy values from existing role
ZSG_MM_PO.DSP_716,M_IS_SELVS,LIS Standard Analysis: Selection Versions,MCAPP,,,Copy values from existing role
ZSG_MM_PO.DSP_716,M_IS_SELVS,LIS Standard Analysis: Selection Versions,SELVS,,,Copy values from existing role
ZSG_MM_PO.DSP_716,M_MATE_MAR,Material Master: Material Types,BEGRU,,,Copy values from existing role
ZSG_MM_PO.DSP_716,M_MATE_MAT,Material Master: Materials,BEGRU,,,Copy values from existing role
ZSG_MM_PO.DSP_716,M_MATE_WGR,Material Master: Material Groups,BEGRU,,,Copy values from existing role
ZSG_MM_PO.DSP_716,M_QTN_BSA,Document Type in Quotation,BSART,,,Copy values from existing role
ZSG_MM_PO.DSP_716,M_RAHM_BSA,Document Type in Outline Agreement,BSART,,,Copy values from existing role
ZSG_MM_PO.DSP_716,M_RFQ_BSA,Document Type in RFQ,BSART,,,Copy values from existing role
ZSG_MM_PO.DSP_716,S_RS_COMP,Business Explorer - Components,RSINFOAREA,,,Copy values from existing role
ZSG_MM_PO.DSP_716,S_RS_COMP1,Business Explorer - Components: Enhancements to the Owner,RSZOWNER,,,Copy values from existing role
ZSG_MM_PO.DSP_716,S_SCOPE,OAuth2 Scope,OA2_CLIENT,,,Copy values from existing role
ZSG_MM_PO.DSP_716,V_KOND_VEA,Maintain Condition: Auth. for Use/Appl./Cond.Type/Table,KOTABNR,,,Copy values from existing role
ZSG_MM_PO.DSP_716,V_KOND_VEA,Maintain Condition: Auth. for Use/Appl./Cond.Type/Table,KSCHL,,,Copy values from existing role
ZSG_MM_PO.NT.PRO_511,A_S_ANLKL,Asset Master Data Maint: Company Code/Asset Class,ANLKL,,,Copy values from ZSG_MM_PO.PRO related roles
ZSG_MM_PO.NT.PRO_511,A_S_MD,New Asset Master Data Maintenance,ANLKL,,,Copy values from ZSG_MM_PO.PRO related roles
ZSG_MM_PO.NT.PRO_511,A_S_MD,New Asset Master Data Maintenance,ASSET_TYPE,,,Copy values from ZSG_MM_PO.PRO related roles
ZSG_MM_PO.NT.PRO_511,B_BUPA_GRP,Business Partner: Authorization Groups,BEGRU,,,Copy values from ZSG_MM_PO.PRO related roles
ZSG_MM_PO.NT.PRO_511,B_BUPA_RLT,Business Partner: BP Roles,RLTYP,,,Copy values from ZSG_MM_PO.PRO related roles
ZSG_MM_PO.NT.PRO_511,C_AFVG_TYP,PS: Activity types for network act. and activity elements,PS_VGTYP,,,Copy values from ZSG_MM_PO.PRO related roles
ZSG_MM_PO.NT.PRO_511,C_PRPS_ART,PS: Project type authorization for WBS elements,PS_PRART,,,Copy values from ZSG_MM_PO.PRO related roles
ZSG_MM_PO.NT.PRO_511,C_PRPS_KST,PS: Cost Center Authorization for WBS elements,PS_FKOKR,,,Copy values from ZSG_MM_PO.PRO related roles
ZSG_MM_PO.NT.PRO_511,C_PRPS_KST,PS: Cost Center Authorization for WBS elements,PS_FKSTL,,,Copy values from ZSG_MM_PO.PRO related roles
ZSG_MM_PO.NT.PRO_511,C_PRPS_VNR,PS: Project Manager Authorization for WBS elements,PS_VERNR,,,Copy values from ZSG_MM_PO.PRO related roles
ZSG_MM_PO.NT.PRO_511,F_KNA1_BED,Customer: Account Authorization,BRGRU,,,Copy values from ZSG_MM_PO.PRO related roles
ZSG_MM_PO.NT.PRO_511,F_KNA1_GRP,Customer: Account Group Authorization,KTOKD,,,Copy values from ZSG_MM_PO.PRO related roles
ZSG_MM_PO.NT.PRO_511,F_LFA1_BEK,Vendor: Account Authorization,BRGRU,,,Copy values from ZSG_MM_PO.PRO related roles
ZSG_MM_PO.NT.PRO_511,F_LFA1_GRP,Vendor: Account Group Authorization,KTOKK,,,Copy values from ZSG_MM_PO.PRO related roles
ZSG_MM_PO.NT.PRO_511,K_CSKS,CO-CCA: Cost Center Master,KOSTL,,,Copy values from ZSG_MM_PO.PRO related roles
ZSG_MM_PO.NT.PRO_511,M_ANFR_BSA,Document Type in RFQ,BSART,,,Copy values from ZSG_MM_PO.PRO related roles
ZSG_MM_PO.NT.PRO_511,M_ANGB_BSA,Document Type in Quotation,BSART,,,Copy values from ZSG_MM_PO.PRO related roles
ZSG_MM_PO.NT.PRO_511,M_BANF_BSA,Document Type in Purchase Requisition,BSART,,,Copy values from ZSG_MM_PO.PRO related roles
ZSG_MM_PO.NT.PRO_511,M_BANF_FRG,Release Code in Purchase Requisition,FRGCD,,,Copy values from ZSG_MM_PO.PRO related roles
ZSG_MM_PO.NT.PRO_511,M_LPET_BSA,Document Type in Scheduling Agreement Delivery Schedule,BSART,,,Copy values from ZSG_MM_PO.PRO related roles
ZSG_MM_PO.NT.PRO_511,M_MATE_MAR,Material Master: Material Types,BEGRU,,,Copy values from ZSG_MM_PO.PRO related roles
ZSG_MM_PO.NT.PRO_511,M_MATE_MAT,Material Master: Materials,BEGRU,,,Copy values from ZSG_MM_PO.PRO related roles
ZSG_MM_PO.NT.PRO_511,M_MATE_WGR,Material Master: Material Groups,BEGRU,,,Copy values from ZSG_MM_PO.PRO related roles
ZSG_MM_PO.NT.PRO_511,M_QTN_BSA,Document Type in Quotation,BSART,,,Copy values from ZSG_MM_PO.PRO related roles
ZSG_MM_PO.NT.PRO_511,M_RAHM_BSA,Document Type in Outline Agreement,BSART,,,Copy values from ZSG_MM_PO.PRO related roles
ZSG_MM_PO.NT.PRO_511,M_RAHM_LGO,Plant/Storage Location in Outline Agreement,ACTVT,,,Copy values from ZSG_MM_PO.PRO related roles
ZSG_MM_PO.NT.PRO_511,M_RAHM_LGO,Plant/Storage Location in Outline Agreement,LGORT,,,Copy values from ZSG_MM_PO.PRO related roles
ZSG_MM_PO.NT.PRO_511,M_RFQ_BSA,Document Type in RFQ,BSART,,,Copy values from ZSG_MM_PO.PRO related roles
ZSG_MM_PO.NT.PRO_511,M_TEMPLATE,Create/Change/Delete Public Templates,J_BO_TYPE,,,Copy values from ZSG_MM_PO.PRO related roles
ZSG_MM_PO.NT.PRO_511,S_APPL_LOG,Applications log,ALG_OBJECT,,,Copy values from ZSG_MM_PO.PRO related roles
ZSG_MM_PO.NT.PRO_511,S_APPL_LOG,Applications log,ALG_SUBOBJ,,,Copy values from ZSG_MM_PO.PRO related roles
ZSG_MM_PO.NT.PRO_511,S_PROGNAM,Generic Programm Start,P_PROGNAM,,,Copy values from ZSG_MM_PO.PRO related roles
ZSG_MM_PO.NT.PRO_511,V_KOND_VEA,Maintain Condition: Auth. for Use/Appl./Cond.Type/Table,KAPPL,,,Copy values from ZSG_MM_PO.PRO related roles
ZSG_MM_PO.NT.PRO_511,V_KOND_VEA,Maintain Condition: Auth. for Use/Appl./Cond.Type/Table,KOTABNR,,,Copy values from ZSG_MM_PO.PRO related roles
ZSG_MM_PO.NT.PRO_511,V_KOND_VEA,Maintain Condition: Auth. for Use/Appl./Cond.Type/Table,KOTABNR,,,Copy values from ZSG_MM_PO.PRO related roles
ZSG_MM_PO.NT.PRO_511,V_KOND_VEA,Maintain Condition: Auth. for Use/Appl./Cond.Type/Table,KOTABNR,,,Copy values from ZSG_MM_PO.PRO related roles
ZSG_MM_PO.NT.PRO_511,V_KOND_VEA,Maintain Condition: Auth. for Use/Appl./Cond.Type/Table,KSCHL,,,Copy values from ZSG_MM_PO.PRO related roles
ZSG_MM_PO.NT.PRO_511,V_KOND_VEA,Maintain Condition: Auth. for Use/Appl./Cond.Type/Table,KSCHL,,,Copy values from ZSG_MM_PO.PRO related roles
ZSG_MM_PO.NT.PRO_511,V_KOND_VEA,Maintain Condition: Auth. for Use/Appl./Cond.Type/Table,KSCHL,,,Copy values from ZSG_MM_PO.PRO related roles
ZSG_MM_PO.NT.PRO_511,V_KOND_VEA,Maintain Condition: Auth. for Use/Appl./Cond.Type/Table,KVEWE,,,Copy values from ZSG_MM_PO.PRO related roles
ZSG_MM_PO.NT.PRO_511,V_KOND_VEA,Maintain Condition: Auth. for Use/Appl./Cond.Type/Table,KVEWE,,,Copy values from ZSG_MM_PO.PRO related roles
ZSG_MM_PO.NT.PRO_511,V_KONH_VKS,Condition: Authorization for Condition Types,KSCHL,,,Copy values from ZSG_MM_PO.PRO related roles
ZSG_MM_PO.NT.PRO_512,A_S_ANLKL,Asset Master Data Maint: Company Code/Asset Class,ANLKL,,,Copy values from ZSG_MM_PO.PRO related roles
ZSG_MM_PO.NT.PRO_512,A_S_MD,New Asset Master Data Maintenance,ANLKL,,,Copy values from ZSG_MM_PO.PRO related roles
ZSG_MM_PO.NT.PRO_512,A_S_MD,New Asset Master Data Maintenance,ASSET_TYPE,,,Copy values from ZSG_MM_PO.PRO related roles
ZSG_MM_PO.NT.PRO_512,B_BUPA_GRP,Business Partner: Authorization Groups,BEGRU,,,Copy values from ZSG_MM_PO.PRO related roles
ZSG_MM_PO.NT.PRO_512,B_BUPA_RLT,Business Partner: BP Roles,RLTYP,,,Copy values from ZSG_MM_PO.PRO related roles
ZSG_MM_PO.NT.PRO_512,C_AFVG_TYP,PS: Activity types for network act. and activity elements,PS_VGTYP,,,Copy values from ZSG_MM_PO.PRO related roles
ZSG_MM_PO.NT.PRO_512,C_PRPS_ART,PS: Project type authorization for WBS elements,PS_PRART,,,Copy values from ZSG_MM_PO.PRO related roles
ZSG_MM_PO.NT.PRO_512,C_PRPS_KST,PS: Cost Center Authorization for WBS elements,PS_FKOKR,,,Copy values from ZSG_MM_PO.PRO related roles
ZSG_MM_PO.NT.PRO_512,C_PRPS_KST,PS: Cost Center Authorization for WBS elements,PS_FKSTL,,,Copy values from ZSG_MM_PO.PRO related roles
ZSG_MM_PO.NT.PRO_512,C_PRPS_VNR,PS: Project Manager Authorization for WBS elements,PS_VERNR,,,Copy values from ZSG_MM_PO.PRO related roles
ZSG_MM_PO.NT.PRO_512,F_KNA1_BED,Customer: Account Authorization,BRGRU,,,Copy values from ZSG_MM_PO.PRO related roles
ZSG_MM_PO.NT.PRO_512,F_KNA1_GRP,Customer: Account Group Authorization,KTOKD,,,Copy values from ZSG_MM_PO.PRO related roles
ZSG_MM_PO.NT.PRO_512,F_LFA1_BEK,Vendor: Account Authorization,BRGRU,,,Copy values from ZSG_MM_PO.PRO related roles
ZSG_MM_PO.NT.PRO_512,F_LFA1_GRP,Vendor: Account Group Authorization,KTOKK,,,Copy values from ZSG_MM_PO.PRO related roles
ZSG_MM_PO.NT.PRO_512,K_CSKS,CO-CCA: Cost Center Master,KOSTL,,,Copy values from ZSG_MM_PO.PRO related roles
ZSG_MM_PO.NT.PRO_512,M_ANFR_BSA,Document Type in RFQ,BSART,,,Copy values from ZSG_MM_PO.PRO related roles
ZSG_MM_PO.NT.PRO_512,M_ANGB_BSA,Document Type in Quotation,BSART,,,Copy values from ZSG_MM_PO.PRO related roles
ZSG_MM_PO.NT.PRO_512,M_BANF_BSA,Document Type in Purchase Requisition,BSART,,,Copy values from ZSG_MM_PO.PRO related roles
ZSG_MM_PO.NT.PRO_512,M_BANF_FRG,Release Code in Purchase Requisition,FRGCD,,,Copy values from ZSG_MM_PO.PRO related roles
ZSG_MM_PO.NT.PRO_512,M_LPET_BSA,Document Type in Scheduling Agreement Delivery Schedule,BSART,,,Copy values from ZSG_MM_PO.PRO related roles
ZSG_MM_PO.NT.PRO_512,M_MATE_MAR,Material Master: Material Types,BEGRU,,,Copy values from ZSG_MM_PO.PRO related roles
ZSG_MM_PO.NT.PRO_512,M_MATE_MAT,Material Master: Materials,BEGRU,,,Copy values from ZSG_MM_PO.PRO related roles
ZSG_MM_PO.NT.PRO_512,M_MATE_WGR,Material Master: Material Groups,BEGRU,,,Copy values from ZSG_MM_PO.PRO related roles
ZSG_MM_PO.NT.PRO_512,M_QTN_BSA,Document Type in Quotation,BSART,,,Copy values from ZSG_MM_PO.PRO related roles
ZSG_MM_PO.NT.PRO_512,M_RAHM_BSA,Document Type in Outline Agreement,BSART,,,Copy values from ZSG_MM_PO.PRO related roles
ZSG_MM_PO.NT.PRO_512,M_RAHM_LGO,Plant/Storage Location in Outline Agreement,ACTVT,,,Copy values from ZSG_MM_PO.PRO related roles
ZSG_MM_PO.NT.PRO_512,M_RAHM_LGO,Plant/Storage Location in Outline Agreement,LGORT,,,Copy values from ZSG_MM_PO.PRO related roles
ZSG_MM_PO.NT.PRO_512,M_RFQ_BSA,Document Type in RFQ,BSART,,,Copy values from ZSG_MM_PO.PRO related roles
ZSG_MM_PO.NT.PRO_512,M_TEMPLATE,Create/Change/Delete Public Templates,J_BO_TYPE,,,Copy values from ZSG_MM_PO.PRO related roles
ZSG_MM_PO.NT.PRO_512,S_APPL_LOG,Applications log,ALG_OBJECT,,,Copy values from ZSG_MM_PO.PRO related roles
ZSG_MM_PO.NT.PRO_512,S_APPL_LOG,Applications log,ALG_SUBOBJ,,,Copy values from ZSG_MM_PO.PRO related roles
ZSG_MM_PO.NT.PRO_512,S_PROGNAM,Generic Programm Start,P_PROGNAM,,,Copy values from ZSG_MM_PO.PRO related roles
ZSG_MM_PO.NT.PRO_512,V_KOND_VEA,Maintain Condition: Auth. for Use/Appl./Cond.Type/Table,KAPPL,,,Copy values from ZSG_MM_PO.PRO related roles
ZSG_MM_PO.NT.PRO_512,V_KOND_VEA,Maintain Condition: Auth. for Use/Appl./Cond.Type/Table,KOTABNR,,,Copy values from ZSG_MM_PO.PRO related roles
ZSG_MM_PO.NT.PRO_512,V_KOND_VEA,Maintain Condition: Auth. for Use/Appl./Cond.Type/Table,KOTABNR,,,Copy values from ZSG_MM_PO.PRO related roles
ZSG_MM_PO.NT.PRO_512,V_KOND_VEA,Maintain Condition: Auth. for Use/Appl./Cond.Type/Table,KOTABNR,,,Copy values from ZSG_MM_PO.PRO related roles
ZSG_MM_PO.NT.PRO_512,V_KOND_VEA,Maintain Condition: Auth. for Use/Appl./Cond.Type/Table,KSCHL,,,Copy values from ZSG_MM_PO.PRO related roles
ZSG_MM_PO.NT.PRO_512,V_KOND_VEA,Maintain Condition: Auth. for Use/Appl./Cond.Type/Table,KSCHL,,,Copy values from ZSG_MM_PO.PRO related roles
ZSG_MM_PO.NT.PRO_512,V_KOND_VEA,Maintain Condition: Auth. for Use/Appl./Cond.Type/Table,KSCHL,,,Copy values from ZSG_MM_PO.PRO related roles
ZSG_MM_PO.NT.PRO_512,V_KOND_VEA,Maintain Condition: Auth. for Use/Appl./Cond.Type/Table,KVEWE,,,Copy values from ZSG_MM_PO.PRO related roles
ZSG_MM_PO.NT.PRO_512,V_KOND_VEA,Maintain Condition: Auth. for Use/Appl./Cond.Type/Table,KVEWE,,,Copy values from ZSG_MM_PO.PRO related roles
ZSG_MM_PO.NT.PRO_512,V_KONH_VKS,Condition: Authorization for Condition Types,KSCHL,,,Copy values from ZSG_MM_PO.PRO related roles
ZSG_MM_PO.NT.PRO_513,A_S_ANLKL,Asset Master Data Maint: Company Code/Asset Class,ANLKL,,,Copy values from ZSG_MM_PO.PRO related roles
ZSG_MM_PO.NT.PRO_513,A_S_MD,New Asset Master Data Maintenance,ANLKL,,,Copy values from ZSG_MM_PO.PRO related roles
ZSG_MM_PO.NT.PRO_513,A_S_MD,New Asset Master Data Maintenance,ASSET_TYPE,,,Copy values from ZSG_MM_PO.PRO related roles
ZSG_MM_PO.NT.PRO_513,B_BUPA_GRP,Business Partner: Authorization Groups,BEGRU,,,Copy values from ZSG_MM_PO.PRO related roles
ZSG_MM_PO.NT.PRO_513,B_BUPA_RLT,Business Partner: BP Roles,RLTYP,,,Copy values from ZSG_MM_PO.PRO related roles
ZSG_MM_PO.NT.PRO_513,C_AFVG_TYP,PS: Activity types for network act. and activity elements,PS_VGTYP,,,Copy values from ZSG_MM_PO.PRO related roles
ZSG_MM_PO.NT.PRO_513,C_PRPS_ART,PS: Project type authorization for WBS elements,PS_PRART,,,Copy values from ZSG_MM_PO.PRO related roles
ZSG_MM_PO.NT.PRO_513,C_PRPS_KST,PS: Cost Center Authorization for WBS elements,PS_FKOKR,,,Copy values from ZSG_MM_PO.PRO related roles
ZSG_MM_PO.NT.PRO_513,C_PRPS_KST,PS: Cost Center Authorization for WBS elements,PS_FKSTL,,,Copy values from ZSG_MM_PO.PRO related roles
ZSG_MM_PO.NT.PRO_513,C_PRPS_VNR,PS: Project Manager Authorization for WBS elements,PS_VERNR,,,Copy values from ZSG_MM_PO.PRO related roles
ZSG_MM_PO.NT.PRO_513,F_KNA1_BED,Customer: Account Authorization,BRGRU,,,Copy values from ZSG_MM_PO.PRO related roles
ZSG_MM_PO.NT.PRO_513,F_KNA1_GRP,Customer: Account Group Authorization,KTOKD,,,Copy values from ZSG_MM_PO.PRO related roles
ZSG_MM_PO.NT.PRO_513,F_LFA1_BEK,Vendor: Account Authorization,BRGRU,,,Copy values from ZSG_MM_PO.PRO related roles
ZSG_MM_PO.NT.PRO_513,F_LFA1_GRP,Vendor: Account Group Authorization,KTOKK,,,Copy values from ZSG_MM_PO.PRO related roles
ZSG_MM_PO.NT.PRO_513,K_CSKS,CO-CCA: Cost Center Master,KOSTL,,,Copy values from ZSG_MM_PO.PRO related roles
ZSG_MM_PO.NT.PRO_513,M_ANFR_BSA,Document Type in RFQ,BSART,,,Copy values from ZSG_MM_PO.PRO related roles
ZSG_MM_PO.NT.PRO_513,M_ANGB_BSA,Document Type in Quotation,BSART,,,Copy values from ZSG_MM_PO.PRO related roles
ZSG_MM_PO.NT.PRO_513,M_BANF_BSA,Document Type in Purchase Requisition,BSART,,,Copy values from ZSG_MM_PO.PRO related roles
ZSG_MM_PO.NT.PRO_513,M_BANF_FRG,Release Code in Purchase Requisition,FRGCD,,,Copy values from ZSG_MM_PO.PRO related roles
ZSG_MM_PO.NT.PRO_513,M_LPET_BSA,Document Type in Scheduling Agreement Delivery Schedule,BSART,,,Copy values from ZSG_MM_PO.PRO related roles
ZSG_MM_PO.NT.PRO_513,M_MATE_MAR,Material Master: Material Types,BEGRU,,,Copy values from ZSG_MM_PO.PRO related roles
ZSG_MM_PO.NT.PRO_513,M_MATE_MAT,Material Master: Materials,BEGRU,,,Copy values from ZSG_MM_PO.PRO related roles
ZSG_MM_PO.NT.PRO_513,M_MATE_WGR,Material Master: Material Groups,BEGRU,,,Copy values from ZSG_MM_PO.PRO related roles
ZSG_MM_PO.NT.PRO_513,M_QTN_BSA,Document Type in Quotation,BSART,,,Copy values from ZSG_MM_PO.PRO related roles
ZSG_MM_PO.NT.PRO_513,M_RAHM_BSA,Document Type in Outline Agreement,BSART,,,Copy values from ZSG_MM_PO.PRO related roles
ZSG_MM_PO.NT.PRO_513,M_RAHM_LGO,Plant/Storage Location in Outline Agreement,ACTVT,,,Copy values from ZSG_MM_PO.PRO related roles
ZSG_MM_PO.NT.PRO_513,M_RAHM_LGO,Plant/Storage Location in Outline Agreement,LGORT,,,Copy values from ZSG_MM_PO.PRO related roles
ZSG_MM_PO.NT.PRO_513,M_RFQ_BSA,Document Type in RFQ,BSART,,,Copy values from ZSG_MM_PO.PRO related roles
ZSG_MM_PO.NT.PRO_513,M_TEMPLATE,Create/Change/Delete Public Templates,J_BO_TYPE,,,Copy values from ZSG_MM_PO.PRO related roles
ZSG_MM_PO.NT.PRO_513,S_APPL_LOG,Applications log,ALG_OBJECT,,,Copy values from ZSG_MM_PO.PRO related roles
ZSG_MM_PO.NT.PRO_513,S_APPL_LOG,Applications log,ALG_SUBOBJ,,,Copy values from ZSG_MM_PO.PRO related roles
ZSG_MM_PO.NT.PRO_513,S_PROGNAM,Generic Programm Start,P_PROGNAM,,,Copy values from ZSG_MM_PO.PRO related roles
ZSG_MM_PO.NT.PRO_513,V_KOND_VEA,Maintain Condition: Auth. for Use/Appl./Cond.Type/Table,KAPPL,,,Copy values from ZSG_MM_PO.PRO related roles
ZSG_MM_PO.NT.PRO_513,V_KOND_VEA,Maintain Condition: Auth. for Use/Appl./Cond.Type/Table,KOTABNR,,,Copy values from ZSG_MM_PO.PRO related roles
ZSG_MM_PO.NT.PRO_513,V_KOND_VEA,Maintain Condition: Auth. for Use/Appl./Cond.Type/Table,KOTABNR,,,Copy values from ZSG_MM_PO.PRO related roles
ZSG_MM_PO.NT.PRO_513,V_KOND_VEA,Maintain Condition: Auth. for Use/Appl./Cond.Type/Table,KOTABNR,,,Copy values from ZSG_MM_PO.PRO related roles
ZSG_MM_PO.NT.PRO_513,V_KOND_VEA,Maintain Condition: Auth. for Use/Appl./Cond.Type/Table,KSCHL,,,Copy values from ZSG_MM_PO.PRO related roles
ZSG_MM_PO.NT.PRO_513,V_KOND_VEA,Maintain Condition: Auth. for Use/Appl./Cond.Type/Table,KSCHL,,,Copy values from ZSG_MM_PO.PRO related roles
ZSG_MM_PO.NT.PRO_513,V_KOND_VEA,Maintain Condition: Auth. for Use/Appl./Cond.Type/Table,KSCHL,,,Copy values from ZSG_MM_PO.PRO related roles
ZSG_MM_PO.NT.PRO_513,V_KOND_VEA,Maintain Condition: Auth. for Use/Appl./Cond.Type/Table,KVEWE,,,Copy values from ZSG_MM_PO.PRO related roles
ZSG_MM_PO.NT.PRO_513,V_KOND_VEA,Maintain Condition: Auth. for Use/Appl./Cond.Type/Table,KVEWE,,,Copy values from ZSG_MM_PO.PRO related roles
ZSG_MM_PO.NT.PRO_513,V_KONH_VKS,Condition: Authorization for Condition Types,KSCHL,,,Copy values from ZSG_MM_PO.PRO related roles
ZSG_MM_PO.NT.PRO_515,A_S_ANLKL,Asset Master Data Maint: Company Code/Asset Class,ANLKL,,,Copy values from ZSG_MM_PO.PRO related roles
ZSG_MM_PO.NT.PRO_515,A_S_MD,New Asset Master Data Maintenance,ANLKL,,,Copy values from ZSG_MM_PO.PRO related roles
ZSG_MM_PO.NT.PRO_515,A_S_MD,New Asset Master Data Maintenance,ASSET_TYPE,,,Copy values from ZSG_MM_PO.PRO related roles
ZSG_MM_PO.NT.PRO_515,B_BUPA_GRP,Business Partner: Authorization Groups,BEGRU,,,Copy values from ZSG_MM_PO.PRO related roles
ZSG_MM_PO.NT.PRO_515,B_BUPA_RLT,Business Partner: BP Roles,RLTYP,,,Copy values from ZSG_MM_PO.PRO related roles
ZSG_MM_PO.NT.PRO_515,C_AFVG_TYP,PS: Activity types for network act. and activity elements,PS_VGTYP,,,Copy values from ZSG_MM_PO.PRO related roles
ZSG_MM_PO.NT.PRO_515,C_PRPS_ART,PS: Project type authorization for WBS elements,PS_PRART,,,Copy values from ZSG_MM_PO.PRO related roles
ZSG_MM_PO.NT.PRO_515,C_PRPS_KST,PS: Cost Center Authorization for WBS elements,PS_FKOKR,,,Copy values from ZSG_MM_PO.PRO related roles
ZSG_MM_PO.NT.PRO_515,C_PRPS_KST,PS: Cost Center Authorization for WBS elements,PS_FKSTL,,,Copy values from ZSG_MM_PO.PRO related roles
ZSG_MM_PO.NT.PRO_515,C_PRPS_VNR,PS: Project Manager Authorization for WBS elements,PS_VERNR,,,Copy values from ZSG_MM_PO.PRO related roles
ZSG_MM_PO.NT.PRO_515,F_KNA1_BED,Customer: Account Authorization,BRGRU,,,Copy values from ZSG_MM_PO.PRO related roles
ZSG_MM_PO.NT.PRO_515,F_KNA1_GRP,Customer: Account Group Authorization,KTOKD,,,Copy values from ZSG_MM_PO.PRO related roles
ZSG_MM_PO.NT.PRO_515,F_LFA1_BEK,Vendor: Account Authorization,BRGRU,,,Copy values from ZSG_MM_PO.PRO related roles
ZSG_MM_PO.NT.PRO_515,F_LFA1_GRP,Vendor: Account Group Authorization,KTOKK,,,Copy values from ZSG_MM_PO.PRO related roles
ZSG_MM_PO.NT.PRO_515,K_CSKS,CO-CCA: Cost Center Master,KOSTL,,,Copy values from ZSG_MM_PO.PRO related roles
ZSG_MM_PO.NT.PRO_515,M_ANFR_BSA,Document Type in RFQ,BSART,,,Copy values from ZSG_MM_PO.PRO related roles
ZSG_MM_PO.NT.PRO_515,M_ANGB_BSA,Document Type in Quotation,BSART,,,Copy values from ZSG_MM_PO.PRO related roles
ZSG_MM_PO.NT.PRO_515,M_BANF_BSA,Document Type in Purchase Requisition,BSART,,,Copy values from ZSG_MM_PO.PRO related roles
ZSG_MM_PO.NT.PRO_515,M_BANF_FRG,Release Code in Purchase Requisition,FRGCD,,,Copy values from ZSG_MM_PO.PRO related roles
ZSG_MM_PO.NT.PRO_515,M_LPET_BSA,Document Type in Scheduling Agreement Delivery Schedule,BSART,,,Copy values from ZSG_MM_PO.PRO related roles
ZSG_MM_PO.NT.PRO_515,M_MATE_MAR,Material Master: Material Types,BEGRU,,,Copy values from ZSG_MM_PO.PRO related roles
ZSG_MM_PO.NT.PRO_515,M_MATE_MAT,Material Master: Materials,BEGRU,,,Copy values from ZSG_MM_PO.PRO related roles
ZSG_MM_PO.NT.PRO_515,M_MATE_WGR,Material Master: Material Groups,BEGRU,,,Copy values from ZSG_MM_PO.PRO related roles
ZSG_MM_PO.NT.PRO_515,M_QTN_BSA,Document Type in Quotation,BSART,,,Copy values from ZSG_MM_PO.PRO related roles
ZSG_MM_PO.NT.PRO_515,M_RAHM_BSA,Document Type in Outline Agreement,BSART,,,Copy values from ZSG_MM_PO.PRO related roles
ZSG_MM_PO.NT.PRO_515,M_RAHM_LGO,Plant/Storage Location in Outline Agreement,ACTVT,,,Copy values from ZSG_MM_PO.PRO related roles
ZSG_MM_PO.NT.PRO_515,M_RAHM_LGO,Plant/Storage Location in Outline Agreement,LGORT,,,Copy values from ZSG_MM_PO.PRO related roles
ZSG_MM_PO.NT.PRO_515,M_RFQ_BSA,Document Type in RFQ,BSART,,,Copy values from ZSG_MM_PO.PRO related roles
ZSG_MM_PO.NT.PRO_515,M_TEMPLATE,Create/Change/Delete Public Templates,J_BO_TYPE,,,Copy values from ZSG_MM_PO.PRO related roles
ZSG_MM_PO.NT.PRO_515,S_APPL_LOG,Applications log,ALG_OBJECT,,,Copy values from ZSG_MM_PO.PRO related roles
ZSG_MM_PO.NT.PRO_515,S_APPL_LOG,Applications log,ALG_SUBOBJ,,,Copy values from ZSG_MM_PO.PRO related roles
ZSG_MM_PO.NT.PRO_515,S_PROGNAM,Generic Programm Start,P_PROGNAM,,,Copy values from ZSG_MM_PO.PRO related roles
ZSG_MM_PO.NT.PRO_515,V_KOND_VEA,Maintain Condition: Auth. for Use/Appl./Cond.Type/Table,KAPPL,,,Copy values from ZSG_MM_PO.PRO related roles
ZSG_MM_PO.NT.PRO_515,V_KOND_VEA,Maintain Condition: Auth. for Use/Appl./Cond.Type/Table,KOTABNR,,,Copy values from ZSG_MM_PO.PRO related roles
ZSG_MM_PO.NT.PRO_515,V_KOND_VEA,Maintain Condition: Auth. for Use/Appl./Cond.Type/Table,KOTABNR,,,Copy values from ZSG_MM_PO.PRO related roles
ZSG_MM_PO.NT.PRO_515,V_KOND_VEA,Maintain Condition: Auth. for Use/Appl./Cond.Type/Table,KOTABNR,,,Copy values from ZSG_MM_PO.PRO related roles
ZSG_MM_PO.NT.PRO_515,V_KOND_VEA,Maintain Condition: Auth. for Use/Appl./Cond.Type/Table,KSCHL,,,Copy values from ZSG_MM_PO.PRO related roles
ZSG_MM_PO.NT.PRO_515,V_KOND_VEA,Maintain Condition: Auth. for Use/Appl./Cond.Type/Table,KSCHL,,,Copy values from ZSG_MM_PO.PRO related roles
ZSG_MM_PO.NT.PRO_515,V_KOND_VEA,Maintain Condition: Auth. for Use/Appl./Cond.Type/Table,KSCHL,,,Copy values from ZSG_MM_PO.PRO related roles
ZSG_MM_PO.NT.PRO_515,V_KOND_VEA,Maintain Condition: Auth. for Use/Appl./Cond.Type/Table,KVEWE,,,Copy values from ZSG_MM_PO.PRO related roles
ZSG_MM_PO.NT.PRO_515,V_KOND_VEA,Maintain Condition: Auth. for Use/Appl./Cond.Type/Table,KVEWE,,,Copy values from ZSG_MM_PO.PRO related roles
ZSG_MM_PO.NT.PRO_515,V_KONH_VKS,Condition: Authorization for Condition Types,KSCHL,,,Copy values from ZSG_MM_PO.PRO related roles
ZSG_MM_PO.NT.PRO_516,A_S_ANLKL,Asset Master Data Maint: Company Code/Asset Class,ANLKL,,,Copy values from ZSG_MM_PO.PRO related roles
ZSG_MM_PO.NT.PRO_516,A_S_MD,New Asset Master Data Maintenance,ANLKL,,,Copy values from ZSG_MM_PO.PRO related roles
ZSG_MM_PO.NT.PRO_516,A_S_MD,New Asset Master Data Maintenance,ASSET_TYPE,,,Copy values from ZSG_MM_PO.PRO related roles
ZSG_MM_PO.NT.PRO_516,B_BUPA_GRP,Business Partner: Authorization Groups,BEGRU,,,Copy values from ZSG_MM_PO.PRO related roles
ZSG_MM_PO.NT.PRO_516,B_BUPA_RLT,Business Partner: BP Roles,RLTYP,,,Copy values from ZSG_MM_PO.PRO related roles
ZSG_MM_PO.NT.PRO_516,C_AFVG_TYP,PS: Activity types for network act. and activity elements,PS_VGTYP,,,Copy values from ZSG_MM_PO.PRO related roles
ZSG_MM_PO.NT.PRO_516,C_PRPS_ART,PS: Project type authorization for WBS elements,PS_PRART,,,Copy values from ZSG_MM_PO.PRO related roles
ZSG_MM_PO.NT.PRO_516,C_PRPS_KST,PS: Cost Center Authorization for WBS elements,PS_FKOKR,,,Copy values from ZSG_MM_PO.PRO related roles
ZSG_MM_PO.NT.PRO_516,C_PRPS_KST,PS: Cost Center Authorization for WBS elements,PS_FKSTL,,,Copy values from ZSG_MM_PO.PRO related roles
ZSG_MM_PO.NT.PRO_516,C_PRPS_VNR,PS: Project Manager Authorization for WBS elements,PS_VERNR,,,Copy values from ZSG_MM_PO.PRO related roles
ZSG_MM_PO.NT.PRO_516,F_KNA1_BED,Customer: Account Authorization,BRGRU,,,Copy values from ZSG_MM_PO.PRO related roles
ZSG_MM_PO.NT.PRO_516,F_KNA1_GRP,Customer: Account Group Authorization,KTOKD,,,Copy values from ZSG_MM_PO.PRO related roles
ZSG_MM_PO.NT.PRO_516,F_LFA1_BEK,Vendor: Account Authorization,BRGRU,,,Copy values from ZSG_MM_PO.PRO related roles
ZSG_MM_PO.NT.PRO_516,F_LFA1_GRP,Vendor: Account Group Authorization,KTOKK,,,Copy values from ZSG_MM_PO.PRO related roles
ZSG_MM_PO.NT.PRO_516,K_CSKS,CO-CCA: Cost Center Master,KOSTL,,,Copy values from ZSG_MM_PO.PRO related roles
ZSG_MM_PO.NT.PRO_516,M_ANFR_BSA,Document Type in RFQ,BSART,,,Copy values from ZSG_MM_PO.PRO related roles
ZSG_MM_PO.NT.PRO_516,M_ANGB_BSA,Document Type in Quotation,BSART,,,Copy values from ZSG_MM_PO.PRO related roles
ZSG_MM_PO.NT.PRO_516,M_BANF_BSA,Document Type in Purchase Requisition,BSART,,,Copy values from ZSG_MM_PO.PRO related roles
ZSG_MM_PO.NT.PRO_516,M_BANF_FRG,Release Code in Purchase Requisition,FRGCD,,,Copy values from ZSG_MM_PO.PRO related roles
ZSG_MM_PO.NT.PRO_516,M_LPET_BSA,Document Type in Scheduling Agreement Delivery Schedule,BSART,,,Copy values from ZSG_MM_PO.PRO related roles
ZSG_MM_PO.NT.PRO_516,M_MATE_MAR,Material Master: Material Types,BEGRU,,,Copy values from ZSG_MM_PO.PRO related roles
ZSG_MM_PO.NT.PRO_516,M_MATE_MAT,Material Master: Materials,BEGRU,,,Copy values from ZSG_MM_PO.PRO related roles
ZSG_MM_PO.NT.PRO_516,M_MATE_WGR,Material Master: Material Groups,BEGRU,,,Copy values from ZSG_MM_PO.PRO related roles
ZSG_MM_PO.NT.PRO_516,M_QTN_BSA,Document Type in Quotation,BSART,,,Copy values from ZSG_MM_PO.PRO related roles
ZSG_MM_PO.NT.PRO_516,M_RAHM_BSA,Document Type in Outline Agreement,BSART,,,Copy values from ZSG_MM_PO.PRO related roles
ZSG_MM_PO.NT.PRO_516,M_RAHM_LGO,Plant/Storage Location in Outline Agreement,ACTVT,,,Copy values from ZSG_MM_PO.PRO related roles
ZSG_MM_PO.NT.PRO_516,M_RAHM_LGO,Plant/Storage Location in Outline Agreement,LGORT,,,Copy values from ZSG_MM_PO.PRO related roles
ZSG_MM_PO.NT.PRO_516,M_RFQ_BSA,Document Type in RFQ,BSART,,,Copy values from ZSG_MM_PO.PRO related roles
ZSG_MM_PO.NT.PRO_516,M_TEMPLATE,Create/Change/Delete Public Templates,J_BO_TYPE,,,Copy values from ZSG_MM_PO.PRO related roles
ZSG_MM_PO.NT.PRO_516,S_APPL_LOG,Applications log,ALG_OBJECT,,,Copy values from ZSG_MM_PO.PRO related roles
ZSG_MM_PO.NT.PRO_516,S_APPL_LOG,Applications log,ALG_SUBOBJ,,,Copy values from ZSG_MM_PO.PRO related roles
ZSG_MM_PO.NT.PRO_516,S_PROGNAM,Generic Programm Start,P_PROGNAM,,,Copy values from ZSG_MM_PO.PRO related roles
ZSG_MM_PO.NT.PRO_516,V_KOND_VEA,Maintain Condition: Auth. for Use/Appl./Cond.Type/Table,KAPPL,,,Copy values from ZSG_MM_PO.PRO related roles
ZSG_MM_PO.NT.PRO_516,V_KOND_VEA,Maintain Condition: Auth. for Use/Appl./Cond.Type/Table,KOTABNR,,,Copy values from ZSG_MM_PO.PRO related roles
ZSG_MM_PO.NT.PRO_516,V_KOND_VEA,Maintain Condition: Auth. for Use/Appl./Cond.Type/Table,KOTABNR,,,Copy values from ZSG_MM_PO.PRO related roles
ZSG_MM_PO.NT.PRO_516,V_KOND_VEA,Maintain Condition: Auth. for Use/Appl./Cond.Type/Table,KOTABNR,,,Copy values from ZSG_MM_PO.PRO related roles
ZSG_MM_PO.NT.PRO_516,V_KOND_VEA,Maintain Condition: Auth. for Use/Appl./Cond.Type/Table,KSCHL,,,Copy values from ZSG_MM_PO.PRO related roles
ZSG_MM_PO.NT.PRO_516,V_KOND_VEA,Maintain Condition: Auth. for Use/Appl./Cond.Type/Table,KSCHL,,,Copy values from ZSG_MM_PO.PRO related roles
ZSG_MM_PO.NT.PRO_516,V_KOND_VEA,Maintain Condition: Auth. for Use/Appl./Cond.Type/Table,KSCHL,,,Copy values from ZSG_MM_PO.PRO related roles
ZSG_MM_PO.NT.PRO_516,V_KOND_VEA,Maintain Condition: Auth. for Use/Appl./Cond.Type/Table,KVEWE,,,Copy values from ZSG_MM_PO.PRO related roles
ZSG_MM_PO.NT.PRO_516,V_KOND_VEA,Maintain Condition: Auth. for Use/Appl./Cond.Type/Table,KVEWE,,,Copy values from ZSG_MM_PO.PRO related roles
ZSG_MM_PO.NT.PRO_516,V_KONH_VKS,Condition: Authorization for Condition Types,KSCHL,,,Copy values from ZSG_MM_PO.PRO related roles
ZSG_MM_PO.NT.PRO_517,A_S_ANLKL,Asset Master Data Maint: Company Code/Asset Class,ANLKL,,,Copy values from ZSG_MM_PO.PRO related roles
ZSG_MM_PO.NT.PRO_517,A_S_MD,New Asset Master Data Maintenance,ANLKL,,,Copy values from ZSG_MM_PO.PRO related roles
ZSG_MM_PO.NT.PRO_517,A_S_MD,New Asset Master Data Maintenance,ASSET_TYPE,,,Copy values from ZSG_MM_PO.PRO related roles
ZSG_MM_PO.NT.PRO_517,B_BUPA_GRP,Business Partner: Authorization Groups,BEGRU,,,Copy values from ZSG_MM_PO.PRO related roles
ZSG_MM_PO.NT.PRO_517,B_BUPA_RLT,Business Partner: BP Roles,RLTYP,,,Copy values from ZSG_MM_PO.PRO related roles
ZSG_MM_PO.NT.PRO_517,C_AFVG_TYP,PS: Activity types for network act. and activity elements,PS_VGTYP,,,Copy values from ZSG_MM_PO.PRO related roles
ZSG_MM_PO.NT.PRO_517,C_PRPS_ART,PS: Project type authorization for WBS elements,PS_PRART,,,Copy values from ZSG_MM_PO.PRO related roles
ZSG_MM_PO.NT.PRO_517,C_PRPS_KST,PS: Cost Center Authorization for WBS elements,PS_FKOKR,,,Copy values from ZSG_MM_PO.PRO related roles
ZSG_MM_PO.NT.PRO_517,C_PRPS_KST,PS: Cost Center Authorization for WBS elements,PS_FKSTL,,,Copy values from ZSG_MM_PO.PRO related roles
ZSG_MM_PO.NT.PRO_517,C_PRPS_VNR,PS: Project Manager Authorization for WBS elements,PS_VERNR,,,Copy values from ZSG_MM_PO.PRO related roles
ZSG_MM_PO.NT.PRO_517,F_KNA1_BED,Customer: Account Authorization,BRGRU,,,Copy values from ZSG_MM_PO.PRO related roles
ZSG_MM_PO.NT.PRO_517,F_KNA1_GRP,Customer: Account Group Authorization,KTOKD,,,Copy values from ZSG_MM_PO.PRO related roles
ZSG_MM_PO.NT.PRO_517,F_LFA1_BEK,Vendor: Account Authorization,BRGRU,,,Copy values from ZSG_MM_PO.PRO related roles
ZSG_MM_PO.NT.PRO_517,F_LFA1_GRP,Vendor: Account Group Authorization,KTOKK,,,Copy values from ZSG_MM_PO.PRO related roles
ZSG_MM_PO.NT.PRO_517,K_CSKS,CO-CCA: Cost Center Master,KOSTL,,,Copy values from ZSG_MM_PO.PRO related roles
ZSG_MM_PO.NT.PRO_517,M_ANFR_BSA,Document Type in RFQ,BSART,,,Copy values from ZSG_MM_PO.PRO related roles
ZSG_MM_PO.NT.PRO_517,M_ANGB_BSA,Document Type in Quotation,BSART,,,Copy values from ZSG_MM_PO.PRO related roles
ZSG_MM_PO.NT.PRO_517,M_BANF_BSA,Document Type in Purchase Requisition,BSART,,,Copy values from ZSG_MM_PO.PRO related roles
ZSG_MM_PO.NT.PRO_517,M_BANF_FRG,Release Code in Purchase Requisition,FRGCD,,,Copy values from ZSG_MM_PO.PRO related roles
ZSG_MM_PO.NT.PRO_517,M_LPET_BSA,Document Type in Scheduling Agreement Delivery Schedule,BSART,,,Copy values from ZSG_MM_PO.PRO related roles
ZSG_MM_PO.NT.PRO_517,M_MATE_MAR,Material Master: Material Types,BEGRU,,,Copy values from ZSG_MM_PO.PRO related roles
ZSG_MM_PO.NT.PRO_517,M_MATE_MAT,Material Master: Materials,BEGRU,,,Copy values from ZSG_MM_PO.PRO related roles
ZSG_MM_PO.NT.PRO_517,M_MATE_WGR,Material Master: Material Groups,BEGRU,,,Copy values from ZSG_MM_PO.PRO related roles
ZSG_MM_PO.NT.PRO_517,M_QTN_BSA,Document Type in Quotation,BSART,,,Copy values from ZSG_MM_PO.PRO related roles
ZSG_MM_PO.NT.PRO_517,M_RAHM_BSA,Document Type in Outline Agreement,BSART,,,Copy values from ZSG_MM_PO.PRO related roles
ZSG_MM_PO.NT.PRO_517,M_RAHM_LGO,Plant/Storage Location in Outline Agreement,ACTVT,,,Copy values from ZSG_MM_PO.PRO related roles
ZSG_MM_PO.NT.PRO_517,M_RAHM_LGO,Plant/Storage Location in Outline Agreement,LGORT,,,Copy values from ZSG_MM_PO.PRO related roles
ZSG_MM_PO.NT.PRO_517,M_RFQ_BSA,Document Type in RFQ,BSART,,,Copy values from ZSG_MM_PO.PRO related roles
ZSG_MM_PO.NT.PRO_517,M_TEMPLATE,Create/Change/Delete Public Templates,J_BO_TYPE,,,Copy values from ZSG_MM_PO.PRO related roles
ZSG_MM_PO.NT.PRO_517,S_APPL_LOG,Applications log,ALG_OBJECT,,,Copy values from ZSG_MM_PO.PRO related roles
ZSG_MM_PO.NT.PRO_517,S_APPL_LOG,Applications log,ALG_SUBOBJ,,,Copy values from ZSG_MM_PO.PRO related roles
ZSG_MM_PO.NT.PRO_517,S_PROGNAM,Generic Programm Start,P_PROGNAM,,,Copy values from ZSG_MM_PO.PRO related roles
ZSG_MM_PO.NT.PRO_517,V_KOND_VEA,Maintain Condition: Auth. for Use/Appl./Cond.Type/Table,KAPPL,,,Copy values from ZSG_MM_PO.PRO related roles
ZSG_MM_PO.NT.PRO_517,V_KOND_VEA,Maintain Condition: Auth. for Use/Appl./Cond.Type/Table,KOTABNR,,,Copy values from ZSG_MM_PO.PRO related roles
ZSG_MM_PO.NT.PRO_517,V_KOND_VEA,Maintain Condition: Auth. for Use/Appl./Cond.Type/Table,KOTABNR,,,Copy values from ZSG_MM_PO.PRO related roles
ZSG_MM_PO.NT.PRO_517,V_KOND_VEA,Maintain Condition: Auth. for Use/Appl./Cond.Type/Table,KOTABNR,,,Copy values from ZSG_MM_PO.PRO related roles
ZSG_MM_PO.NT.PRO_517,V_KOND_VEA,Maintain Condition: Auth. for Use/Appl./Cond.Type/Table,KSCHL,,,Copy values from ZSG_MM_PO.PRO related roles
ZSG_MM_PO.NT.PRO_517,V_KOND_VEA,Maintain Condition: Auth. for Use/Appl./Cond.Type/Table,KSCHL,,,Copy values from ZSG_MM_PO.PRO related roles
ZSG_MM_PO.NT.PRO_517,V_KOND_VEA,Maintain Condition: Auth. for Use/Appl./Cond.Type/Table,KSCHL,,,Copy values from ZSG_MM_PO.PRO related roles
ZSG_MM_PO.NT.PRO_517,V_KOND_VEA,Maintain Condition: Auth. for Use/Appl./Cond.Type/Table,KVEWE,,,Copy values from ZSG_MM_PO.PRO related roles
ZSG_MM_PO.NT.PRO_517,V_KOND_VEA,Maintain Condition: Auth. for Use/Appl./Cond.Type/Table,KVEWE,,,Copy values from ZSG_MM_PO.PRO related roles
ZSG_MM_PO.NT.PRO_517,V_KONH_VKS,Condition: Authorization for Condition Types,KSCHL,,,Copy values from ZSG_MM_PO.PRO related roles
ZSG_MM_PO.NT.PRO_518,A_S_ANLKL,Asset Master Data Maint: Company Code/Asset Class,ANLKL,,,Copy values from ZSG_MM_PO.PRO related roles
ZSG_MM_PO.NT.PRO_518,A_S_MD,New Asset Master Data Maintenance,ANLKL,,,Copy values from ZSG_MM_PO.PRO related roles
ZSG_MM_PO.NT.PRO_518,A_S_MD,New Asset Master Data Maintenance,ASSET_TYPE,,,Copy values from ZSG_MM_PO.PRO related roles
ZSG_MM_PO.NT.PRO_518,B_BUPA_GRP,Business Partner: Authorization Groups,BEGRU,,,Copy values from ZSG_MM_PO.PRO related roles
ZSG_MM_PO.NT.PRO_518,B_BUPA_RLT,Business Partner: BP Roles,RLTYP,,,Copy values from ZSG_MM_PO.PRO related roles
ZSG_MM_PO.NT.PRO_518,C_AFVG_TYP,PS: Activity types for network act. and activity elements,PS_VGTYP,,,Copy values from ZSG_MM_PO.PRO related roles
ZSG_MM_PO.NT.PRO_518,C_PRPS_ART,PS: Project type authorization for WBS elements,PS_PRART,,,Copy values from ZSG_MM_PO.PRO related roles
ZSG_MM_PO.NT.PRO_518,C_PRPS_KST,PS: Cost Center Authorization for WBS elements,PS_FKOKR,,,Copy values from ZSG_MM_PO.PRO related roles
ZSG_MM_PO.NT.PRO_518,C_PRPS_KST,PS: Cost Center Authorization for WBS elements,PS_FKSTL,,,Copy values from ZSG_MM_PO.PRO related roles
ZSG_MM_PO.NT.PRO_518,C_PRPS_VNR,PS: Project Manager Authorization for WBS elements,PS_VERNR,,,Copy values from ZSG_MM_PO.PRO related roles
ZSG_MM_PO.NT.PRO_518,F_KNA1_BED,Customer: Account Authorization,BRGRU,,,Copy values from ZSG_MM_PO.PRO related roles
ZSG_MM_PO.NT.PRO_518,F_KNA1_GRP,Customer: Account Group Authorization,KTOKD,,,Copy values from ZSG_MM_PO.PRO related roles
ZSG_MM_PO.NT.PRO_518,F_LFA1_BEK,Vendor: Account Authorization,BRGRU,,,Copy values from ZSG_MM_PO.PRO related roles
ZSG_MM_PO.NT.PRO_518,F_LFA1_GRP,Vendor: Account Group Authorization,KTOKK,,,Copy values from ZSG_MM_PO.PRO related roles
ZSG_MM_PO.NT.PRO_518,K_CSKS,CO-CCA: Cost Center Master,KOSTL,,,Copy values from ZSG_MM_PO.PRO related roles
ZSG_MM_PO.NT.PRO_518,M_ANFR_BSA,Document Type in RFQ,BSART,,,Copy values from ZSG_MM_PO.PRO related roles
ZSG_MM_PO.NT.PRO_518,M_ANGB_BSA,Document Type in Quotation,BSART,,,Copy values from ZSG_MM_PO.PRO related roles
ZSG_MM_PO.NT.PRO_518,M_BANF_BSA,Document Type in Purchase Requisition,BSART,,,Copy values from ZSG_MM_PO.PRO related roles
ZSG_MM_PO.NT.PRO_518,M_BANF_FRG,Release Code in Purchase Requisition,FRGCD,,,Copy values from ZSG_MM_PO.PRO related roles
ZSG_MM_PO.NT.PRO_518,M_LPET_BSA,Document Type in Scheduling Agreement Delivery Schedule,BSART,,,Copy values from ZSG_MM_PO.PRO related roles
ZSG_MM_PO.NT.PRO_518,M_MATE_MAR,Material Master: Material Types,BEGRU,,,Copy values from ZSG_MM_PO.PRO related roles
ZSG_MM_PO.NT.PRO_518,M_MATE_MAT,Material Master: Materials,BEGRU,,,Copy values from ZSG_MM_PO.PRO related roles
ZSG_MM_PO.NT.PRO_518,M_MATE_WGR,Material Master: Material Groups,BEGRU,,,Copy values from ZSG_MM_PO.PRO related roles
ZSG_MM_PO.NT.PRO_518,M_QTN_BSA,Document Type in Quotation,BSART,,,Copy values from ZSG_MM_PO.PRO related roles
ZSG_MM_PO.NT.PRO_518,M_RAHM_BSA,Document Type in Outline Agreement,BSART,,,Copy values from ZSG_MM_PO.PRO related roles
ZSG_MM_PO.NT.PRO_518,M_RAHM_LGO,Plant/Storage Location in Outline Agreement,ACTVT,,,Copy values from ZSG_MM_PO.PRO related roles
ZSG_MM_PO.NT.PRO_518,M_RAHM_LGO,Plant/Storage Location in Outline Agreement,LGORT,,,Copy values from ZSG_MM_PO.PRO related roles
ZSG_MM_PO.NT.PRO_518,M_RFQ_BSA,Document Type in RFQ,BSART,,,Copy values from ZSG_MM_PO.PRO related roles
ZSG_MM_PO.NT.PRO_518,M_TEMPLATE,Create/Change/Delete Public Templates,J_BO_TYPE,,,Copy values from ZSG_MM_PO.PRO related roles
ZSG_MM_PO.NT.PRO_518,S_APPL_LOG,Applications log,ALG_OBJECT,,,Copy values from ZSG_MM_PO.PRO related roles
ZSG_MM_PO.NT.PRO_518,S_APPL_LOG,Applications log,ALG_SUBOBJ,,,Copy values from ZSG_MM_PO.PRO related roles
ZSG_MM_PO.NT.PRO_518,S_PROGNAM,Generic Programm Start,P_PROGNAM,,,Copy values from ZSG_MM_PO.PRO related roles
ZSG_MM_PO.NT.PRO_518,V_KOND_VEA,Maintain Condition: Auth. for Use/Appl./Cond.Type/Table,KAPPL,,,Copy values from ZSG_MM_PO.PRO related roles
ZSG_MM_PO.NT.PRO_518,V_KOND_VEA,Maintain Condition: Auth. for Use/Appl./Cond.Type/Table,KOTABNR,,,Copy values from ZSG_MM_PO.PRO related roles
ZSG_MM_PO.NT.PRO_518,V_KOND_VEA,Maintain Condition: Auth. for Use/Appl./Cond.Type/Table,KOTABNR,,,Copy values from ZSG_MM_PO.PRO related roles
ZSG_MM_PO.NT.PRO_518,V_KOND_VEA,Maintain Condition: Auth. for Use/Appl./Cond.Type/Table,KOTABNR,,,Copy values from ZSG_MM_PO.PRO related roles
ZSG_MM_PO.NT.PRO_518,V_KOND_VEA,Maintain Condition: Auth. for Use/Appl./Cond.Type/Table,KSCHL,,,Copy values from ZSG_MM_PO.PRO related roles
ZSG_MM_PO.NT.PRO_518,V_KOND_VEA,Maintain Condition: Auth. for Use/Appl./Cond.Type/Table,KSCHL,,,Copy values from ZSG_MM_PO.PRO related roles
ZSG_MM_PO.NT.PRO_518,V_KOND_VEA,Maintain Condition: Auth. for Use/Appl./Cond.Type/Table,KSCHL,,,Copy values from ZSG_MM_PO.PRO related roles
ZSG_MM_PO.NT.PRO_518,V_KOND_VEA,Maintain Condition: Auth. for Use/Appl./Cond.Type/Table,KVEWE,,,Copy values from ZSG_MM_PO.PRO related roles
ZSG_MM_PO.NT.PRO_518,V_KOND_VEA,Maintain Condition: Auth. for Use/Appl./Cond.Type/Table,KVEWE,,,Copy values from ZSG_MM_PO.PRO related roles
ZSG_MM_PO.NT.PRO_518,V_KONH_VKS,Condition: Authorization for Condition Types,KSCHL,,,Copy values from ZSG_MM_PO.PRO related roles
ZSG_MM_PO.NT.PRO_519,A_S_ANLKL,Asset Master Data Maint: Company Code/Asset Class,ANLKL,,,Copy values from ZSG_MM_PO.PRO related roles
ZSG_MM_PO.NT.PRO_519,A_S_MD,New Asset Master Data Maintenance,ANLKL,,,Copy values from ZSG_MM_PO.PRO related roles
ZSG_MM_PO.NT.PRO_519,A_S_MD,New Asset Master Data Maintenance,ASSET_TYPE,,,Copy values from ZSG_MM_PO.PRO related roles
ZSG_MM_PO.NT.PRO_519,B_BUPA_GRP,Business Partner: Authorization Groups,BEGRU,,,Copy values from ZSG_MM_PO.PRO related roles
ZSG_MM_PO.NT.PRO_519,B_BUPA_RLT,Business Partner: BP Roles,RLTYP,,,Copy values from ZSG_MM_PO.PRO related roles
ZSG_MM_PO.NT.PRO_519,C_AFVG_TYP,PS: Activity types for network act. and activity elements,PS_VGTYP,,,Copy values from ZSG_MM_PO.PRO related roles
ZSG_MM_PO.NT.PRO_519,C_PRPS_ART,PS: Project type authorization for WBS elements,PS_PRART,,,Copy values from ZSG_MM_PO.PRO related roles
ZSG_MM_PO.NT.PRO_519,C_PRPS_KST,PS: Cost Center Authorization for WBS elements,PS_FKOKR,,,Copy values from ZSG_MM_PO.PRO related roles
ZSG_MM_PO.NT.PRO_519,C_PRPS_KST,PS: Cost Center Authorization for WBS elements,PS_FKSTL,,,Copy values from ZSG_MM_PO.PRO related roles
ZSG_MM_PO.NT.PRO_519,C_PRPS_VNR,PS: Project Manager Authorization for WBS elements,PS_VERNR,,,Copy values from ZSG_MM_PO.PRO related roles
ZSG_MM_PO.NT.PRO_519,F_KNA1_BED,Customer: Account Authorization,BRGRU,,,Copy values from ZSG_MM_PO.PRO related roles
ZSG_MM_PO.NT.PRO_519,F_KNA1_GRP,Customer: Account Group Authorization,KTOKD,,,Copy values from ZSG_MM_PO.PRO related roles
ZSG_MM_PO.NT.PRO_519,F_LFA1_BEK,Vendor: Account Authorization,BRGRU,,,Copy values from ZSG_MM_PO.PRO related roles
ZSG_MM_PO.NT.PRO_519,F_LFA1_GRP,Vendor: Account Group Authorization,KTOKK,,,Copy values from ZSG_MM_PO.PRO related roles
ZSG_MM_PO.NT.PRO_519,K_CSKS,CO-CCA: Cost Center Master,KOSTL,,,Copy values from ZSG_MM_PO.PRO related roles
ZSG_MM_PO.NT.PRO_519,M_ANFR_BSA,Document Type in RFQ,BSART,,,Copy values from ZSG_MM_PO.PRO related roles
ZSG_MM_PO.NT.PRO_519,M_ANGB_BSA,Document Type in Quotation,BSART,,,Copy values from ZSG_MM_PO.PRO related roles
ZSG_MM_PO.NT.PRO_519,M_BANF_BSA,Document Type in Purchase Requisition,BSART,,,Copy values from ZSG_MM_PO.PRO related roles
ZSG_MM_PO.NT.PRO_519,M_BANF_FRG,Release Code in Purchase Requisition,FRGCD,,,Copy values from ZSG_MM_PO.PRO related roles
ZSG_MM_PO.NT.PRO_519,M_LPET_BSA,Document Type in Scheduling Agreement Delivery Schedule,BSART,,,Copy values from ZSG_MM_PO.PRO related roles
ZSG_MM_PO.NT.PRO_519,M_MATE_MAR,Material Master: Material Types,BEGRU,,,Copy values from ZSG_MM_PO.PRO related roles
ZSG_MM_PO.NT.PRO_519,M_MATE_MAT,Material Master: Materials,BEGRU,,,Copy values from ZSG_MM_PO.PRO related roles
ZSG_MM_PO.NT.PRO_519,M_MATE_WGR,Material Master: Material Groups,BEGRU,,,Copy values from ZSG_MM_PO.PRO related roles
ZSG_MM_PO.NT.PRO_519,M_QTN_BSA,Document Type in Quotation,BSART,,,Copy values from ZSG_MM_PO.PRO related roles
ZSG_MM_PO.NT.PRO_519,M_RAHM_BSA,Document Type in Outline Agreement,BSART,,,Copy values from ZSG_MM_PO.PRO related roles
ZSG_MM_PO.NT.PRO_519,M_RAHM_LGO,Plant/Storage Location in Outline Agreement,ACTVT,,,Copy values from ZSG_MM_PO.PRO related roles
ZSG_MM_PO.NT.PRO_519,M_RAHM_LGO,Plant/Storage Location in Outline Agreement,LGORT,,,Copy values from ZSG_MM_PO.PRO related roles
ZSG_MM_PO.NT.PRO_519,M_RFQ_BSA,Document Type in RFQ,BSART,,,Copy values from ZSG_MM_PO.PRO related roles
ZSG_MM_PO.NT.PRO_519,M_TEMPLATE,Create/Change/Delete Public Templates,J_BO_TYPE,,,Copy values from ZSG_MM_PO.PRO related roles
ZSG_MM_PO.NT.PRO_519,S_APPL_LOG,Applications log,ALG_OBJECT,,,Copy values from ZSG_MM_PO.PRO related roles
ZSG_MM_PO.NT.PRO_519,S_APPL_LOG,Applications log,ALG_SUBOBJ,,,Copy values from ZSG_MM_PO.PRO related roles
ZSG_MM_PO.NT.PRO_519,S_PROGNAM,Generic Programm Start,P_PROGNAM,,,Copy values from ZSG_MM_PO.PRO related roles
ZSG_MM_PO.NT.PRO_519,V_KOND_VEA,Maintain Condition: Auth. for Use/Appl./Cond.Type/Table,KAPPL,,,Copy values from ZSG_MM_PO.PRO related roles
ZSG_MM_PO.NT.PRO_519,V_KOND_VEA,Maintain Condition: Auth. for Use/Appl./Cond.Type/Table,KOTABNR,,,Copy values from ZSG_MM_PO.PRO related roles
ZSG_MM_PO.NT.PRO_519,V_KOND_VEA,Maintain Condition: Auth. for Use/Appl./Cond.Type/Table,KOTABNR,,,Copy values from ZSG_MM_PO.PRO related roles
ZSG_MM_PO.NT.PRO_519,V_KOND_VEA,Maintain Condition: Auth. for Use/Appl./Cond.Type/Table,KOTABNR,,,Copy values from ZSG_MM_PO.PRO related roles
ZSG_MM_PO.NT.PRO_519,V_KOND_VEA,Maintain Condition: Auth. for Use/Appl./Cond.Type/Table,KSCHL,,,Copy values from ZSG_MM_PO.PRO related roles
ZSG_MM_PO.NT.PRO_519,V_KOND_VEA,Maintain Condition: Auth. for Use/Appl./Cond.Type/Table,KSCHL,,,Copy values from ZSG_MM_PO.PRO related roles
ZSG_MM_PO.NT.PRO_519,V_KOND_VEA,Maintain Condition: Auth. for Use/Appl./Cond.Type/Table,KSCHL,,,Copy values from ZSG_MM_PO.PRO related roles
ZSG_MM_PO.NT.PRO_519,V_KOND_VEA,Maintain Condition: Auth. for Use/Appl./Cond.Type/Table,KVEWE,,,Copy values from ZSG_MM_PO.PRO related roles
ZSG_MM_PO.NT.PRO_519,V_KOND_VEA,Maintain Condition: Auth. for Use/Appl./Cond.Type/Table,KVEWE,,,Copy values from ZSG_MM_PO.PRO related roles
ZSG_MM_PO.NT.PRO_519,V_KONH_VKS,Condition: Authorization for Condition Types,KSCHL,,,Copy values from ZSG_MM_PO.PRO related roles
ZSG_MM_PO.NT.PRO_520,A_S_ANLKL,Asset Master Data Maint: Company Code/Asset Class,ANLKL,,,Copy values from ZSG_MM_PO.PRO related roles
ZSG_MM_PO.NT.PRO_520,A_S_MD,New Asset Master Data Maintenance,ANLKL,,,Copy values from ZSG_MM_PO.PRO related roles
ZSG_MM_PO.NT.PRO_520,A_S_MD,New Asset Master Data Maintenance,ASSET_TYPE,,,Copy values from ZSG_MM_PO.PRO related roles
ZSG_MM_PO.NT.PRO_520,B_BUPA_GRP,Business Partner: Authorization Groups,BEGRU,,,Copy values from ZSG_MM_PO.PRO related roles
ZSG_MM_PO.NT.PRO_520,B_BUPA_RLT,Business Partner: BP Roles,RLTYP,,,Copy values from ZSG_MM_PO.PRO related roles
ZSG_MM_PO.NT.PRO_520,C_AFVG_TYP,PS: Activity types for network act. and activity elements,PS_VGTYP,,,Copy values from ZSG_MM_PO.PRO related roles
ZSG_MM_PO.NT.PRO_520,C_PRPS_ART,PS: Project type authorization for WBS elements,PS_PRART,,,Copy values from ZSG_MM_PO.PRO related roles
ZSG_MM_PO.NT.PRO_520,C_PRPS_KST,PS: Cost Center Authorization for WBS elements,PS_FKOKR,,,Copy values from ZSG_MM_PO.PRO related roles
ZSG_MM_PO.NT.PRO_520,C_PRPS_KST,PS: Cost Center Authorization for WBS elements,PS_FKSTL,,,Copy values from ZSG_MM_PO.PRO related roles
ZSG_MM_PO.NT.PRO_520,C_PRPS_VNR,PS: Project Manager Authorization for WBS elements,PS_VERNR,,,Copy values from ZSG_MM_PO.PRO related roles
ZSG_MM_PO.NT.PRO_520,F_KNA1_BED,Customer: Account Authorization,BRGRU,,,Copy values from ZSG_MM_PO.PRO related roles
ZSG_MM_PO.NT.PRO_520,F_KNA1_GRP,Customer: Account Group Authorization,KTOKD,,,Copy values from ZSG_MM_PO.PRO related roles
ZSG_MM_PO.NT.PRO_520,F_LFA1_BEK,Vendor: Account Authorization,BRGRU,,,Copy values from ZSG_MM_PO.PRO related roles
ZSG_MM_PO.NT.PRO_520,F_LFA1_GRP,Vendor: Account Group Authorization,KTOKK,,,Copy values from ZSG_MM_PO.PRO related roles
ZSG_MM_PO.NT.PRO_520,K_CSKS,CO-CCA: Cost Center Master,KOSTL,,,Copy values from ZSG_MM_PO.PRO related roles
ZSG_MM_PO.NT.PRO_520,M_ANFR_BSA,Document Type in RFQ,BSART,,,Copy values from ZSG_MM_PO.PRO related roles
ZSG_MM_PO.NT.PRO_520,M_ANGB_BSA,Document Type in Quotation,BSART,,,Copy values from ZSG_MM_PO.PRO related roles
ZSG_MM_PO.NT.PRO_520,M_BANF_BSA,Document Type in Purchase Requisition,BSART,,,Copy values from ZSG_MM_PO.PRO related roles
ZSG_MM_PO.NT.PRO_520,M_BANF_FRG,Release Code in Purchase Requisition,FRGCD,,,Copy values from ZSG_MM_PO.PRO related roles
ZSG_MM_PO.NT.PRO_520,M_LPET_BSA,Document Type in Scheduling Agreement Delivery Schedule,BSART,,,Copy values from ZSG_MM_PO.PRO related roles
ZSG_MM_PO.NT.PRO_520,M_MATE_MAR,Material Master: Material Types,BEGRU,,,Copy values from ZSG_MM_PO.PRO related roles
ZSG_MM_PO.NT.PRO_520,M_MATE_MAT,Material Master: Materials,BEGRU,,,Copy values from ZSG_MM_PO.PRO related roles
ZSG_MM_PO.NT.PRO_520,M_MATE_WGR,Material Master: Material Groups,BEGRU,,,Copy values from ZSG_MM_PO.PRO related roles
ZSG_MM_PO.NT.PRO_520,M_QTN_BSA,Document Type in Quotation,BSART,,,Copy values from ZSG_MM_PO.PRO related roles
ZSG_MM_PO.NT.PRO_520,M_RAHM_BSA,Document Type in Outline Agreement,BSART,,,Copy values from ZSG_MM_PO.PRO related roles
ZSG_MM_PO.NT.PRO_520,M_RAHM_LGO,Plant/Storage Location in Outline Agreement,ACTVT,,,Copy values from ZSG_MM_PO.PRO related roles
ZSG_MM_PO.NT.PRO_520,M_RAHM_LGO,Plant/Storage Location in Outline Agreement,LGORT,,,Copy values from ZSG_MM_PO.PRO related roles
ZSG_MM_PO.NT.PRO_520,M_RFQ_BSA,Document Type in RFQ,BSART,,,Copy values from ZSG_MM_PO.PRO related roles
ZSG_MM_PO.NT.PRO_520,M_TEMPLATE,Create/Change/Delete Public Templates,J_BO_TYPE,,,Copy values from ZSG_MM_PO.PRO related roles
ZSG_MM_PO.NT.PRO_520,S_APPL_LOG,Applications log,ALG_OBJECT,,,Copy values from ZSG_MM_PO.PRO related roles
ZSG_MM_PO.NT.PRO_520,S_APPL_LOG,Applications log,ALG_SUBOBJ,,,Copy values from ZSG_MM_PO.PRO related roles
ZSG_MM_PO.NT.PRO_520,S_PROGNAM,Generic Programm Start,P_PROGNAM,,,Copy values from ZSG_MM_PO.PRO related roles
ZSG_MM_PO.NT.PRO_520,V_KOND_VEA,Maintain Condition: Auth. for Use/Appl./Cond.Type/Table,KAPPL,,,Copy values from ZSG_MM_PO.PRO related roles
ZSG_MM_PO.NT.PRO_520,V_KOND_VEA,Maintain Condition: Auth. for Use/Appl./Cond.Type/Table,KOTABNR,,,Copy values from ZSG_MM_PO.PRO related roles
ZSG_MM_PO.NT.PRO_520,V_KOND_VEA,Maintain Condition: Auth. for Use/Appl./Cond.Type/Table,KOTABNR,,,Copy values from ZSG_MM_PO.PRO related roles
ZSG_MM_PO.NT.PRO_520,V_KOND_VEA,Maintain Condition: Auth. for Use/Appl./Cond.Type/Table,KOTABNR,,,Copy values from ZSG_MM_PO.PRO related roles
ZSG_MM_PO.NT.PRO_520,V_KOND_VEA,Maintain Condition: Auth. for Use/Appl./Cond.Type/Table,KSCHL,,,Copy values from ZSG_MM_PO.PRO related roles
ZSG_MM_PO.NT.PRO_520,V_KOND_VEA,Maintain Condition: Auth. for Use/Appl./Cond.Type/Table,KSCHL,,,Copy values from ZSG_MM_PO.PRO related roles
ZSG_MM_PO.NT.PRO_520,V_KOND_VEA,Maintain Condition: Auth. for Use/Appl./Cond.Type/Table,KSCHL,,,Copy values from ZSG_MM_PO.PRO related roles
ZSG_MM_PO.NT.PRO_520,V_KOND_VEA,Maintain Condition: Auth. for Use/Appl./Cond.Type/Table,KVEWE,,,Copy values from ZSG_MM_PO.PRO related roles
ZSG_MM_PO.NT.PRO_520,V_KOND_VEA,Maintain Condition: Auth. for Use/Appl./Cond.Type/Table,KVEWE,,,Copy values from ZSG_MM_PO.PRO related roles
ZSG_MM_PO.NT.PRO_520,V_KONH_VKS,Condition: Authorization for Condition Types,KSCHL,,,Copy values from ZSG_MM_PO.PRO related roles
ZSG_MM_PO.NT.PRO_521,A_S_ANLKL,Asset Master Data Maint: Company Code/Asset Class,ANLKL,,,Copy values from ZSG_MM_PO.PRO related roles
ZSG_MM_PO.NT.PRO_521,A_S_MD,New Asset Master Data Maintenance,ANLKL,,,Copy values from ZSG_MM_PO.PRO related roles
ZSG_MM_PO.NT.PRO_521,A_S_MD,New Asset Master Data Maintenance,ASSET_TYPE,,,Copy values from ZSG_MM_PO.PRO related roles
ZSG_MM_PO.NT.PRO_521,B_BUPA_GRP,Business Partner: Authorization Groups,BEGRU,,,Copy values from ZSG_MM_PO.PRO related roles
ZSG_MM_PO.NT.PRO_521,B_BUPA_RLT,Business Partner: BP Roles,RLTYP,,,Copy values from ZSG_MM_PO.PRO related roles
ZSG_MM_PO.NT.PRO_521,C_AFVG_TYP,PS: Activity types for network act. and activity elements,PS_VGTYP,,,Copy values from ZSG_MM_PO.PRO related roles
ZSG_MM_PO.NT.PRO_521,C_PRPS_ART,PS: Project type authorization for WBS elements,PS_PRART,,,Copy values from ZSG_MM_PO.PRO related roles
ZSG_MM_PO.NT.PRO_521,C_PRPS_KST,PS: Cost Center Authorization for WBS elements,PS_FKOKR,,,Copy values from ZSG_MM_PO.PRO related roles
ZSG_MM_PO.NT.PRO_521,C_PRPS_KST,PS: Cost Center Authorization for WBS elements,PS_FKSTL,,,Copy values from ZSG_MM_PO.PRO related roles
ZSG_MM_PO.NT.PRO_521,C_PRPS_VNR,PS: Project Manager Authorization for WBS elements,PS_VERNR,,,Copy values from ZSG_MM_PO.PRO related roles
ZSG_MM_PO.NT.PRO_521,F_KNA1_BED,Customer: Account Authorization,BRGRU,,,Copy values from ZSG_MM_PO.PRO related roles
ZSG_MM_PO.NT.PRO_521,F_KNA1_GRP,Customer: Account Group Authorization,KTOKD,,,Copy values from ZSG_MM_PO.PRO related roles
ZSG_MM_PO.NT.PRO_521,F_LFA1_BEK,Vendor: Account Authorization,BRGRU,,,Copy values from ZSG_MM_PO.PRO related roles
ZSG_MM_PO.NT.PRO_521,F_LFA1_GRP,Vendor: Account Group Authorization,KTOKK,,,Copy values from ZSG_MM_PO.PRO related roles
ZSG_MM_PO.NT.PRO_521,K_CSKS,CO-CCA: Cost Center Master,KOSTL,,,Copy values from ZSG_MM_PO.PRO related roles
ZSG_MM_PO.NT.PRO_521,M_ANFR_BSA,Document Type in RFQ,BSART,,,Copy values from ZSG_MM_PO.PRO related roles
ZSG_MM_PO.NT.PRO_521,M_ANGB_BSA,Document Type in Quotation,BSART,,,Copy values from ZSG_MM_PO.PRO related roles
ZSG_MM_PO.NT.PRO_521,M_BANF_BSA,Document Type in Purchase Requisition,BSART,,,Copy values from ZSG_MM_PO.PRO related roles
ZSG_MM_PO.NT.PRO_521,M_BANF_FRG,Release Code in Purchase Requisition,FRGCD,,,Copy values from ZSG_MM_PO.PRO related roles
ZSG_MM_PO.NT.PRO_521,M_LPET_BSA,Document Type in Scheduling Agreement Delivery Schedule,BSART,,,Copy values from ZSG_MM_PO.PRO related roles
ZSG_MM_PO.NT.PRO_521,M_MATE_MAR,Material Master: Material Types,BEGRU,,,Copy values from ZSG_MM_PO.PRO related roles
ZSG_MM_PO.NT.PRO_521,M_MATE_MAT,Material Master: Materials,BEGRU,,,Copy values from ZSG_MM_PO.PRO related roles
ZSG_MM_PO.NT.PRO_521,M_MATE_WGR,Material Master: Material Groups,BEGRU,,,Copy values from ZSG_MM_PO.PRO related roles
ZSG_MM_PO.NT.PRO_521,M_QTN_BSA,Document Type in Quotation,BSART,,,Copy values from ZSG_MM_PO.PRO related roles
ZSG_MM_PO.NT.PRO_521,M_RAHM_BSA,Document Type in Outline Agreement,BSART,,,Copy values from ZSG_MM_PO.PRO related roles
ZSG_MM_PO.NT.PRO_521,M_RAHM_LGO,Plant/Storage Location in Outline Agreement,ACTVT,,,Copy values from ZSG_MM_PO.PRO related roles
ZSG_MM_PO.NT.PRO_521,M_RAHM_LGO,Plant/Storage Location in Outline Agreement,LGORT,,,Copy values from ZSG_MM_PO.PRO related roles
ZSG_MM_PO.NT.PRO_521,M_RFQ_BSA,Document Type in RFQ,BSART,,,Copy values from ZSG_MM_PO.PRO related roles
ZSG_MM_PO.NT.PRO_521,M_TEMPLATE,Create/Change/Delete Public Templates,J_BO_TYPE,,,Copy values from ZSG_MM_PO.PRO related roles
ZSG_MM_PO.NT.PRO_521,S_APPL_LOG,Applications log,ALG_OBJECT,,,Copy values from ZSG_MM_PO.PRO related roles
ZSG_MM_PO.NT.PRO_521,S_APPL_LOG,Applications log,ALG_SUBOBJ,,,Copy values from ZSG_MM_PO.PRO related roles
ZSG_MM_PO.NT.PRO_521,S_PROGNAM,Generic Programm Start,P_PROGNAM,,,Copy values from ZSG_MM_PO.PRO related roles
ZSG_MM_PO.NT.PRO_521,V_KOND_VEA,Maintain Condition: Auth. for Use/Appl./Cond.Type/Table,KAPPL,,,Copy values from ZSG_MM_PO.PRO related roles
ZSG_MM_PO.NT.PRO_521,V_KOND_VEA,Maintain Condition: Auth. for Use/Appl./Cond.Type/Table,KOTABNR,,,Copy values from ZSG_MM_PO.PRO related roles
ZSG_MM_PO.NT.PRO_521,V_KOND_VEA,Maintain Condition: Auth. for Use/Appl./Cond.Type/Table,KOTABNR,,,Copy values from ZSG_MM_PO.PRO related roles
ZSG_MM_PO.NT.PRO_521,V_KOND_VEA,Maintain Condition: Auth. for Use/Appl./Cond.Type/Table,KOTABNR,,,Copy values from ZSG_MM_PO.PRO related roles
ZSG_MM_PO.NT.PRO_521,V_KOND_VEA,Maintain Condition: Auth. for Use/Appl./Cond.Type/Table,KSCHL,,,Copy values from ZSG_MM_PO.PRO related roles
ZSG_MM_PO.NT.PRO_521,V_KOND_VEA,Maintain Condition: Auth. for Use/Appl./Cond.Type/Table,KSCHL,,,Copy values from ZSG_MM_PO.PRO related roles
ZSG_MM_PO.NT.PRO_521,V_KOND_VEA,Maintain Condition: Auth. for Use/Appl./Cond.Type/Table,KSCHL,,,Copy values from ZSG_MM_PO.PRO related roles
ZSG_MM_PO.NT.PRO_521,V_KOND_VEA,Maintain Condition: Auth. for Use/Appl./Cond.Type/Table,KVEWE,,,Copy values from ZSG_MM_PO.PRO related roles
ZSG_MM_PO.NT.PRO_521,V_KOND_VEA,Maintain Condition: Auth. for Use/Appl./Cond.Type/Table,KVEWE,,,Copy values from ZSG_MM_PO.PRO related roles
ZSG_MM_PO.NT.PRO_521,V_KONH_VKS,Condition: Authorization for Condition Types,KSCHL,,,Copy values from ZSG_MM_PO.PRO related roles
ZSG_MM_PO.NT.PRO_522,A_S_ANLKL,Asset Master Data Maint: Company Code/Asset Class,ANLKL,,,Copy values from ZSG_MM_PO.PRO related roles
ZSG_MM_PO.NT.PRO_522,A_S_MD,New Asset Master Data Maintenance,ANLKL,,,Copy values from ZSG_MM_PO.PRO related roles
ZSG_MM_PO.NT.PRO_522,A_S_MD,New Asset Master Data Maintenance,ASSET_TYPE,,,Copy values from ZSG_MM_PO.PRO related roles
ZSG_MM_PO.NT.PRO_522,B_BUPA_GRP,Business Partner: Authorization Groups,BEGRU,,,Copy values from ZSG_MM_PO.PRO related roles
ZSG_MM_PO.NT.PRO_522,B_BUPA_RLT,Business Partner: BP Roles,RLTYP,,,Copy values from ZSG_MM_PO.PRO related roles
ZSG_MM_PO.NT.PRO_522,C_AFVG_TYP,PS: Activity types for network act. and activity elements,PS_VGTYP,,,Copy values from ZSG_MM_PO.PRO related roles
ZSG_MM_PO.NT.PRO_522,C_PRPS_ART,PS: Project type authorization for WBS elements,PS_PRART,,,Copy values from ZSG_MM_PO.PRO related roles
ZSG_MM_PO.NT.PRO_522,C_PRPS_KST,PS: Cost Center Authorization for WBS elements,PS_FKOKR,,,Copy values from ZSG_MM_PO.PRO related roles
ZSG_MM_PO.NT.PRO_522,C_PRPS_KST,PS: Cost Center Authorization for WBS elements,PS_FKSTL,,,Copy values from ZSG_MM_PO.PRO related roles
ZSG_MM_PO.NT.PRO_522,C_PRPS_VNR,PS: Project Manager Authorization for WBS elements,PS_VERNR,,,Copy values from ZSG_MM_PO.PRO related roles
ZSG_MM_PO.NT.PRO_522,F_KNA1_BED,Customer: Account Authorization,BRGRU,,,Copy values from ZSG_MM_PO.PRO related roles
ZSG_MM_PO.NT.PRO_522,F_KNA1_GRP,Customer: Account Group Authorization,KTOKD,,,Copy values from ZSG_MM_PO.PRO related roles
ZSG_MM_PO.NT.PRO_522,F_LFA1_BEK,Vendor: Account Authorization,BRGRU,,,Copy values from ZSG_MM_PO.PRO related roles
ZSG_MM_PO.NT.PRO_522,F_LFA1_GRP,Vendor: Account Group Authorization,KTOKK,,,Copy values from ZSG_MM_PO.PRO related roles
ZSG_MM_PO.NT.PRO_522,K_CSKS,CO-CCA: Cost Center Master,KOSTL,,,Copy values from ZSG_MM_PO.PRO related roles
ZSG_MM_PO.NT.PRO_522,M_ANFR_BSA,Document Type in RFQ,BSART,,,Copy values from ZSG_MM_PO.PRO related roles
ZSG_MM_PO.NT.PRO_522,M_ANGB_BSA,Document Type in Quotation,BSART,,,Copy values from ZSG_MM_PO.PRO related roles
ZSG_MM_PO.NT.PRO_522,M_BANF_BSA,Document Type in Purchase Requisition,BSART,,,Copy values from ZSG_MM_PO.PRO related roles
ZSG_MM_PO.NT.PRO_522,M_BANF_FRG,Release Code in Purchase Requisition,FRGCD,,,Copy values from ZSG_MM_PO.PRO related roles
ZSG_MM_PO.NT.PRO_522,M_LPET_BSA,Document Type in Scheduling Agreement Delivery Schedule,BSART,,,Copy values from ZSG_MM_PO.PRO related roles
ZSG_MM_PO.NT.PRO_522,M_MATE_MAR,Material Master: Material Types,BEGRU,,,Copy values from ZSG_MM_PO.PRO related roles
ZSG_MM_PO.NT.PRO_522,M_MATE_MAT,Material Master: Materials,BEGRU,,,Copy values from ZSG_MM_PO.PRO related roles
ZSG_MM_PO.NT.PRO_522,M_MATE_WGR,Material Master: Material Groups,BEGRU,,,Copy values from ZSG_MM_PO.PRO related roles
ZSG_MM_PO.NT.PRO_522,M_QTN_BSA,Document Type in Quotation,BSART,,,Copy values from ZSG_MM_PO.PRO related roles
ZSG_MM_PO.NT.PRO_522,M_RAHM_BSA,Document Type in Outline Agreement,BSART,,,Copy values from ZSG_MM_PO.PRO related roles
ZSG_MM_PO.NT.PRO_522,M_RAHM_LGO,Plant/Storage Location in Outline Agreement,ACTVT,,,Copy values from ZSG_MM_PO.PRO related roles
ZSG_MM_PO.NT.PRO_522,M_RAHM_LGO,Plant/Storage Location in Outline Agreement,LGORT,,,Copy values from ZSG_MM_PO.PRO related roles
ZSG_MM_PO.NT.PRO_522,M_RFQ_BSA,Document Type in RFQ,BSART,,,Copy values from ZSG_MM_PO.PRO related roles
ZSG_MM_PO.NT.PRO_522,M_TEMPLATE,Create/Change/Delete Public Templates,J_BO_TYPE,,,Copy values from ZSG_MM_PO.PRO related roles
ZSG_MM_PO.NT.PRO_522,S_APPL_LOG,Applications log,ALG_OBJECT,,,Copy values from ZSG_MM_PO.PRO related roles
ZSG_MM_PO.NT.PRO_522,S_APPL_LOG,Applications log,ALG_SUBOBJ,,,Copy values from ZSG_MM_PO.PRO related roles
ZSG_MM_PO.NT.PRO_522,S_PROGNAM,Generic Programm Start,P_PROGNAM,,,Copy values from ZSG_MM_PO.PRO related roles
ZSG_MM_PO.NT.PRO_522,V_KOND_VEA,Maintain Condition: Auth. for Use/Appl./Cond.Type/Table,KAPPL,,,Copy values from ZSG_MM_PO.PRO related roles
ZSG_MM_PO.NT.PRO_522,V_KOND_VEA,Maintain Condition: Auth. for Use/Appl./Cond.Type/Table,KOTABNR,,,Copy values from ZSG_MM_PO.PRO related roles
ZSG_MM_PO.NT.PRO_522,V_KOND_VEA,Maintain Condition: Auth. for Use/Appl./Cond.Type/Table,KOTABNR,,,Copy values from ZSG_MM_PO.PRO related roles
ZSG_MM_PO.NT.PRO_522,V_KOND_VEA,Maintain Condition: Auth. for Use/Appl./Cond.Type/Table,KOTABNR,,,Copy values from ZSG_MM_PO.PRO related roles
ZSG_MM_PO.NT.PRO_522,V_KOND_VEA,Maintain Condition: Auth. for Use/Appl./Cond.Type/Table,KSCHL,,,Copy values from ZSG_MM_PO.PRO related roles
ZSG_MM_PO.NT.PRO_522,V_KOND_VEA,Maintain Condition: Auth. for Use/Appl./Cond.Type/Table,KSCHL,,,Copy values from ZSG_MM_PO.PRO related roles
ZSG_MM_PO.NT.PRO_522,V_KOND_VEA,Maintain Condition: Auth. for Use/Appl./Cond.Type/Table,KSCHL,,,Copy values from ZSG_MM_PO.PRO related roles
ZSG_MM_PO.NT.PRO_522,V_KOND_VEA,Maintain Condition: Auth. for Use/Appl./Cond.Type/Table,KVEWE,,,Copy values from ZSG_MM_PO.PRO related roles
ZSG_MM_PO.NT.PRO_522,V_KOND_VEA,Maintain Condition: Auth. for Use/Appl./Cond.Type/Table,KVEWE,,,Copy values from ZSG_MM_PO.PRO related roles
ZSG_MM_PO.NT.PRO_522,V_KONH_VKS,Condition: Authorization for Condition Types,KSCHL,,,Copy values from ZSG_MM_PO.PRO related roles
ZSG_MM_PO.NT.PRO_523,A_S_ANLKL,Asset Master Data Maint: Company Code/Asset Class,ANLKL,,,Copy values from ZSG_MM_PO.PRO related roles
ZSG_MM_PO.NT.PRO_523,A_S_MD,New Asset Master Data Maintenance,ANLKL,,,Copy values from ZSG_MM_PO.PRO related roles
ZSG_MM_PO.NT.PRO_523,A_S_MD,New Asset Master Data Maintenance,ASSET_TYPE,,,Copy values from ZSG_MM_PO.PRO related roles
ZSG_MM_PO.NT.PRO_523,B_BUPA_GRP,Business Partner: Authorization Groups,BEGRU,,,Copy values from ZSG_MM_PO.PRO related roles
ZSG_MM_PO.NT.PRO_523,B_BUPA_RLT,Business Partner: BP Roles,RLTYP,,,Copy values from ZSG_MM_PO.PRO related roles
ZSG_MM_PO.NT.PRO_523,C_AFVG_TYP,PS: Activity types for network act. and activity elements,PS_VGTYP,,,Copy values from ZSG_MM_PO.PRO related roles
ZSG_MM_PO.NT.PRO_523,C_PRPS_ART,PS: Project type authorization for WBS elements,PS_PRART,,,Copy values from ZSG_MM_PO.PRO related roles
ZSG_MM_PO.NT.PRO_523,C_PRPS_KST,PS: Cost Center Authorization for WBS elements,PS_FKOKR,,,Copy values from ZSG_MM_PO.PRO related roles
ZSG_MM_PO.NT.PRO_523,C_PRPS_KST,PS: Cost Center Authorization for WBS elements,PS_FKSTL,,,Copy values from ZSG_MM_PO.PRO related roles
ZSG_MM_PO.NT.PRO_523,C_PRPS_VNR,PS: Project Manager Authorization for WBS elements,PS_VERNR,,,Copy values from ZSG_MM_PO.PRO related roles
ZSG_MM_PO.NT.PRO_523,F_KNA1_BED,Customer: Account Authorization,BRGRU,,,Copy values from ZSG_MM_PO.PRO related roles
ZSG_MM_PO.NT.PRO_523,F_KNA1_GRP,Customer: Account Group Authorization,KTOKD,,,Copy values from ZSG_MM_PO.PRO related roles
ZSG_MM_PO.NT.PRO_523,F_LFA1_BEK,Vendor: Account Authorization,BRGRU,,,Copy values from ZSG_MM_PO.PRO related roles
ZSG_MM_PO.NT.PRO_523,F_LFA1_GRP,Vendor: Account Group Authorization,KTOKK,,,Copy values from ZSG_MM_PO.PRO related roles
ZSG_MM_PO.NT.PRO_523,K_CSKS,CO-CCA: Cost Center Master,KOSTL,,,Copy values from ZSG_MM_PO.PRO related roles
ZSG_MM_PO.NT.PRO_523,M_ANFR_BSA,Document Type in RFQ,BSART,,,Copy values from ZSG_MM_PO.PRO related roles
ZSG_MM_PO.NT.PRO_523,M_ANGB_BSA,Document Type in Quotation,BSART,,,Copy values from ZSG_MM_PO.PRO related roles
ZSG_MM_PO.NT.PRO_523,M_BANF_BSA,Document Type in Purchase Requisition,BSART,,,Copy values from ZSG_MM_PO.PRO related roles
ZSG_MM_PO.NT.PRO_523,M_BANF_FRG,Release Code in Purchase Requisition,FRGCD,,,Copy values from ZSG_MM_PO.PRO related roles
ZSG_MM_PO.NT.PRO_523,M_LPET_BSA,Document Type in Scheduling Agreement Delivery Schedule,BSART,,,Copy values from ZSG_MM_PO.PRO related roles
ZSG_MM_PO.NT.PRO_523,M_MATE_MAR,Material Master: Material Types,BEGRU,,,Copy values from ZSG_MM_PO.PRO related roles
ZSG_MM_PO.NT.PRO_523,M_MATE_MAT,Material Master: Materials,BEGRU,,,Copy values from ZSG_MM_PO.PRO related roles
ZSG_MM_PO.NT.PRO_523,M_MATE_WGR,Material Master: Material Groups,BEGRU,,,Copy values from ZSG_MM_PO.PRO related roles
ZSG_MM_PO.NT.PRO_523,M_QTN_BSA,Document Type in Quotation,BSART,,,Copy values from ZSG_MM_PO.PRO related roles
ZSG_MM_PO.NT.PRO_523,M_RAHM_BSA,Document Type in Outline Agreement,BSART,,,Copy values from ZSG_MM_PO.PRO related roles
ZSG_MM_PO.NT.PRO_523,M_RAHM_LGO,Plant/Storage Location in Outline Agreement,ACTVT,,,Copy values from ZSG_MM_PO.PRO related roles
ZSG_MM_PO.NT.PRO_523,M_RAHM_LGO,Plant/Storage Location in Outline Agreement,LGORT,,,Copy values from ZSG_MM_PO.PRO related roles
ZSG_MM_PO.NT.PRO_523,M_RFQ_BSA,Document Type in RFQ,BSART,,,Copy values from ZSG_MM_PO.PRO related roles
ZSG_MM_PO.NT.PRO_523,M_TEMPLATE,Create/Change/Delete Public Templates,J_BO_TYPE,,,Copy values from ZSG_MM_PO.PRO related roles
ZSG_MM_PO.NT.PRO_523,S_APPL_LOG,Applications log,ALG_OBJECT,,,Copy values from ZSG_MM_PO.PRO related roles
ZSG_MM_PO.NT.PRO_523,S_APPL_LOG,Applications log,ALG_SUBOBJ,,,Copy values from ZSG_MM_PO.PRO related roles
ZSG_MM_PO.NT.PRO_523,S_PROGNAM,Generic Programm Start,P_PROGNAM,,,Copy values from ZSG_MM_PO.PRO related roles
ZSG_MM_PO.NT.PRO_523,V_KOND_VEA,Maintain Condition: Auth. for Use/Appl./Cond.Type/Table,KAPPL,,,Copy values from ZSG_MM_PO.PRO related roles
ZSG_MM_PO.NT.PRO_523,V_KOND_VEA,Maintain Condition: Auth. for Use/Appl./Cond.Type/Table,KOTABNR,,,Copy values from ZSG_MM_PO.PRO related roles
ZSG_MM_PO.NT.PRO_523,V_KOND_VEA,Maintain Condition: Auth. for Use/Appl./Cond.Type/Table,KOTABNR,,,Copy values from ZSG_MM_PO.PRO related roles
ZSG_MM_PO.NT.PRO_523,V_KOND_VEA,Maintain Condition: Auth. for Use/Appl./Cond.Type/Table,KOTABNR,,,Copy values from ZSG_MM_PO.PRO related roles
ZSG_MM_PO.NT.PRO_523,V_KOND_VEA,Maintain Condition: Auth. for Use/Appl./Cond.Type/Table,KSCHL,,,Copy values from ZSG_MM_PO.PRO related roles
ZSG_MM_PO.NT.PRO_523,V_KOND_VEA,Maintain Condition: Auth. for Use/Appl./Cond.Type/Table,KSCHL,,,Copy values from ZSG_MM_PO.PRO related roles
ZSG_MM_PO.NT.PRO_523,V_KOND_VEA,Maintain Condition: Auth. for Use/Appl./Cond.Type/Table,KSCHL,,,Copy values from ZSG_MM_PO.PRO related roles
ZSG_MM_PO.NT.PRO_523,V_KOND_VEA,Maintain Condition: Auth. for Use/Appl./Cond.Type/Table,KVEWE,,,Copy values from ZSG_MM_PO.PRO related roles
ZSG_MM_PO.NT.PRO_523,V_KOND_VEA,Maintain Condition: Auth. for Use/Appl./Cond.Type/Table,KVEWE,,,Copy values from ZSG_MM_PO.PRO related roles
ZSG_MM_PO.NT.PRO_523,V_KONH_VKS,Condition: Authorization for Condition Types,KSCHL,,,Copy values from ZSG_MM_PO.PRO related roles
ZSG_MM_PO.NT.PRO_611,A_S_ANLKL,Asset Master Data Maint: Company Code/Asset Class,ANLKL,,,Copy values from ZSG_MM_PO.PRO related roles
ZSG_MM_PO.NT.PRO_611,A_S_MD,New Asset Master Data Maintenance,ANLKL,,,Copy values from ZSG_MM_PO.PRO related roles
ZSG_MM_PO.NT.PRO_611,A_S_MD,New Asset Master Data Maintenance,ASSET_TYPE,,,Copy values from ZSG_MM_PO.PRO related roles
ZSG_MM_PO.NT.PRO_611,B_BUPA_GRP,Business Partner: Authorization Groups,BEGRU,,,Copy values from ZSG_MM_PO.PRO related roles
ZSG_MM_PO.NT.PRO_611,B_BUPA_RLT,Business Partner: BP Roles,RLTYP,,,Copy values from ZSG_MM_PO.PRO related roles
ZSG_MM_PO.NT.PRO_611,C_AFVG_TYP,PS: Activity types for network act. and activity elements,PS_VGTYP,,,Copy values from ZSG_MM_PO.PRO related roles
ZSG_MM_PO.NT.PRO_611,C_PRPS_ART,PS: Project type authorization for WBS elements,PS_PRART,,,Copy values from ZSG_MM_PO.PRO related roles
ZSG_MM_PO.NT.PRO_611,C_PRPS_KST,PS: Cost Center Authorization for WBS elements,PS_FKOKR,,,Copy values from ZSG_MM_PO.PRO related roles
ZSG_MM_PO.NT.PRO_611,C_PRPS_KST,PS: Cost Center Authorization for WBS elements,PS_FKSTL,,,Copy values from ZSG_MM_PO.PRO related roles
ZSG_MM_PO.NT.PRO_611,C_PRPS_VNR,PS: Project Manager Authorization for WBS elements,PS_VERNR,,,Copy values from ZSG_MM_PO.PRO related roles
ZSG_MM_PO.NT.PRO_611,F_KNA1_BED,Customer: Account Authorization,BRGRU,,,Copy values from ZSG_MM_PO.PRO related roles
ZSG_MM_PO.NT.PRO_611,F_KNA1_GRP,Customer: Account Group Authorization,KTOKD,,,Copy values from ZSG_MM_PO.PRO related roles
ZSG_MM_PO.NT.PRO_611,F_LFA1_BEK,Vendor: Account Authorization,BRGRU,,,Copy values from ZSG_MM_PO.PRO related roles
ZSG_MM_PO.NT.PRO_611,F_LFA1_GRP,Vendor: Account Group Authorization,KTOKK,,,Copy values from ZSG_MM_PO.PRO related roles
ZSG_MM_PO.NT.PRO_611,K_CSKS,CO-CCA: Cost Center Master,KOSTL,,,Copy values from ZSG_MM_PO.PRO related roles
ZSG_MM_PO.NT.PRO_611,M_ANFR_BSA,Document Type in RFQ,BSART,,,Copy values from ZSG_MM_PO.PRO related roles
ZSG_MM_PO.NT.PRO_611,M_ANGB_BSA,Document Type in Quotation,BSART,,,Copy values from ZSG_MM_PO.PRO related roles
ZSG_MM_PO.NT.PRO_611,M_BANF_BSA,Document Type in Purchase Requisition,BSART,,,Copy values from ZSG_MM_PO.PRO related roles
ZSG_MM_PO.NT.PRO_611,M_BANF_FRG,Release Code in Purchase Requisition,FRGCD,,,Copy values from ZSG_MM_PO.PRO related roles
ZSG_MM_PO.NT.PRO_611,M_LPET_BSA,Document Type in Scheduling Agreement Delivery Schedule,BSART,,,Copy values from ZSG_MM_PO.PRO related roles
ZSG_MM_PO.NT.PRO_611,M_MATE_MAR,Material Master: Material Types,BEGRU,,,Copy values from ZSG_MM_PO.PRO related roles
ZSG_MM_PO.NT.PRO_611,M_MATE_MAT,Material Master: Materials,BEGRU,,,Copy values from ZSG_MM_PO.PRO related roles
ZSG_MM_PO.NT.PRO_611,M_MATE_WGR,Material Master: Material Groups,BEGRU,,,Copy values from ZSG_MM_PO.PRO related roles
ZSG_MM_PO.NT.PRO_611,M_QTN_BSA,Document Type in Quotation,BSART,,,Copy values from ZSG_MM_PO.PRO related roles
ZSG_MM_PO.NT.PRO_611,M_RAHM_BSA,Document Type in Outline Agreement,BSART,,,Copy values from ZSG_MM_PO.PRO related roles
ZSG_MM_PO.NT.PRO_611,M_RAHM_LGO,Plant/Storage Location in Outline Agreement,ACTVT,,,Copy values from ZSG_MM_PO.PRO related roles
ZSG_MM_PO.NT.PRO_611,M_RAHM_LGO,Plant/Storage Location in Outline Agreement,LGORT,,,Copy values from ZSG_MM_PO.PRO related roles
ZSG_MM_PO.NT.PRO_611,M_RFQ_BSA,Document Type in RFQ,BSART,,,Copy values from ZSG_MM_PO.PRO related roles
ZSG_MM_PO.NT.PRO_611,M_TEMPLATE,Create/Change/Delete Public Templates,J_BO_TYPE,,,Copy values from ZSG_MM_PO.PRO related roles
ZSG_MM_PO.NT.PRO_611,S_APPL_LOG,Applications log,ALG_OBJECT,,,Copy values from ZSG_MM_PO.PRO related roles
ZSG_MM_PO.NT.PRO_611,S_APPL_LOG,Applications log,ALG_SUBOBJ,,,Copy values from ZSG_MM_PO.PRO related roles
ZSG_MM_PO.NT.PRO_611,S_PROGNAM,Generic Programm Start,P_PROGNAM,,,Copy values from ZSG_MM_PO.PRO related roles
ZSG_MM_PO.NT.PRO_611,V_KOND_VEA,Maintain Condition: Auth. for Use/Appl./Cond.Type/Table,KAPPL,,,Copy values from ZSG_MM_PO.PRO related roles
ZSG_MM_PO.NT.PRO_611,V_KOND_VEA,Maintain Condition: Auth. for Use/Appl./Cond.Type/Table,KOTABNR,,,Copy values from ZSG_MM_PO.PRO related roles
ZSG_MM_PO.NT.PRO_611,V_KOND_VEA,Maintain Condition: Auth. for Use/Appl./Cond.Type/Table,KOTABNR,,,Copy values from ZSG_MM_PO.PRO related roles
ZSG_MM_PO.NT.PRO_611,V_KOND_VEA,Maintain Condition: Auth. for Use/Appl./Cond.Type/Table,KOTABNR,,,Copy values from ZSG_MM_PO.PRO related roles
ZSG_MM_PO.NT.PRO_611,V_KOND_VEA,Maintain Condition: Auth. for Use/Appl./Cond.Type/Table,KSCHL,,,Copy values from ZSG_MM_PO.PRO related roles
ZSG_MM_PO.NT.PRO_611,V_KOND_VEA,Maintain Condition: Auth. for Use/Appl./Cond.Type/Table,KSCHL,,,Copy values from ZSG_MM_PO.PRO related roles
ZSG_MM_PO.NT.PRO_611,V_KOND_VEA,Maintain Condition: Auth. for Use/Appl./Cond.Type/Table,KSCHL,,,Copy values from ZSG_MM_PO.PRO related roles
ZSG_MM_PO.NT.PRO_611,V_KOND_VEA,Maintain Condition: Auth. for Use/Appl./Cond.Type/Table,KVEWE,,,Copy values from ZSG_MM_PO.PRO related roles
ZSG_MM_PO.NT.PRO_611,V_KOND_VEA,Maintain Condition: Auth. for Use/Appl./Cond.Type/Table,KVEWE,,,Copy values from ZSG_MM_PO.PRO related roles
ZSG_MM_PO.NT.PRO_611,V_KONH_VKS,Condition: Authorization for Condition Types,KSCHL,,,Copy values from ZSG_MM_PO.PRO related roles
ZSG_MM_PO.NT.PRO_613,A_S_ANLKL,Asset Master Data Maint: Company Code/Asset Class,ANLKL,,,Copy values from ZSG_MM_PO.PRO related roles
ZSG_MM_PO.NT.PRO_613,A_S_MD,New Asset Master Data Maintenance,ANLKL,,,Copy values from ZSG_MM_PO.PRO related roles
ZSG_MM_PO.NT.PRO_613,A_S_MD,New Asset Master Data Maintenance,ASSET_TYPE,,,Copy values from ZSG_MM_PO.PRO related roles
ZSG_MM_PO.NT.PRO_613,B_BUPA_GRP,Business Partner: Authorization Groups,BEGRU,,,Copy values from ZSG_MM_PO.PRO related roles
ZSG_MM_PO.NT.PRO_613,B_BUPA_RLT,Business Partner: BP Roles,RLTYP,,,Copy values from ZSG_MM_PO.PRO related roles
ZSG_MM_PO.NT.PRO_613,C_AFVG_TYP,PS: Activity types for network act. and activity elements,PS_VGTYP,,,Copy values from ZSG_MM_PO.PRO related roles
ZSG_MM_PO.NT.PRO_613,C_PRPS_ART,PS: Project type authorization for WBS elements,PS_PRART,,,Copy values from ZSG_MM_PO.PRO related roles
ZSG_MM_PO.NT.PRO_613,C_PRPS_KST,PS: Cost Center Authorization for WBS elements,PS_FKOKR,,,Copy values from ZSG_MM_PO.PRO related roles
ZSG_MM_PO.NT.PRO_613,C_PRPS_KST,PS: Cost Center Authorization for WBS elements,PS_FKSTL,,,Copy values from ZSG_MM_PO.PRO related roles
ZSG_MM_PO.NT.PRO_613,C_PRPS_VNR,PS: Project Manager Authorization for WBS elements,PS_VERNR,,,Copy values from ZSG_MM_PO.PRO related roles
ZSG_MM_PO.NT.PRO_613,F_KNA1_BED,Customer: Account Authorization,BRGRU,,,Copy values from ZSG_MM_PO.PRO related roles
ZSG_MM_PO.NT.PRO_613,F_KNA1_GRP,Customer: Account Group Authorization,KTOKD,,,Copy values from ZSG_MM_PO.PRO related roles
ZSG_MM_PO.NT.PRO_613,F_LFA1_BEK,Vendor: Account Authorization,BRGRU,,,Copy values from ZSG_MM_PO.PRO related roles
ZSG_MM_PO.NT.PRO_613,F_LFA1_GRP,Vendor: Account Group Authorization,KTOKK,,,Copy values from ZSG_MM_PO.PRO related roles
ZSG_MM_PO.NT.PRO_613,K_CSKS,CO-CCA: Cost Center Master,KOSTL,,,Copy values from ZSG_MM_PO.PRO related roles
ZSG_MM_PO.NT.PRO_613,M_ANFR_BSA,Document Type in RFQ,BSART,,,Copy values from ZSG_MM_PO.PRO related roles
ZSG_MM_PO.NT.PRO_613,M_ANGB_BSA,Document Type in Quotation,BSART,,,Copy values from ZSG_MM_PO.PRO related roles
ZSG_MM_PO.NT.PRO_613,M_BANF_BSA,Document Type in Purchase Requisition,BSART,,,Copy values from ZSG_MM_PO.PRO related roles
ZSG_MM_PO.NT.PRO_613,M_BANF_FRG,Release Code in Purchase Requisition,FRGCD,,,Copy values from ZSG_MM_PO.PRO related roles
ZSG_MM_PO.NT.PRO_613,M_LPET_BSA,Document Type in Scheduling Agreement Delivery Schedule,BSART,,,Copy values from ZSG_MM_PO.PRO related roles
ZSG_MM_PO.NT.PRO_613,M_MATE_MAR,Material Master: Material Types,BEGRU,,,Copy values from ZSG_MM_PO.PRO related roles
ZSG_MM_PO.NT.PRO_613,M_MATE_MAT,Material Master: Materials,BEGRU,,,Copy values from ZSG_MM_PO.PRO related roles
ZSG_MM_PO.NT.PRO_613,M_MATE_WGR,Material Master: Material Groups,BEGRU,,,Copy values from ZSG_MM_PO.PRO related roles
ZSG_MM_PO.NT.PRO_613,M_QTN_BSA,Document Type in Quotation,BSART,,,Copy values from ZSG_MM_PO.PRO related roles
ZSG_MM_PO.NT.PRO_613,M_RAHM_BSA,Document Type in Outline Agreement,BSART,,,Copy values from ZSG_MM_PO.PRO related roles
ZSG_MM_PO.NT.PRO_613,M_RAHM_LGO,Plant/Storage Location in Outline Agreement,ACTVT,,,Copy values from ZSG_MM_PO.PRO related roles
ZSG_MM_PO.NT.PRO_613,M_RAHM_LGO,Plant/Storage Location in Outline Agreement,LGORT,,,Copy values from ZSG_MM_PO.PRO related roles
ZSG_MM_PO.NT.PRO_613,M_RFQ_BSA,Document Type in RFQ,BSART,,,Copy values from ZSG_MM_PO.PRO related roles
ZSG_MM_PO.NT.PRO_613,M_TEMPLATE,Create/Change/Delete Public Templates,J_BO_TYPE,,,Copy values from ZSG_MM_PO.PRO related roles
ZSG_MM_PO.NT.PRO_613,S_APPL_LOG,Applications log,ALG_OBJECT,,,Copy values from ZSG_MM_PO.PRO related roles
ZSG_MM_PO.NT.PRO_613,S_APPL_LOG,Applications log,ALG_SUBOBJ,,,Copy values from ZSG_MM_PO.PRO related roles
ZSG_MM_PO.NT.PRO_613,S_PROGNAM,Generic Programm Start,P_PROGNAM,,,Copy values from ZSG_MM_PO.PRO related roles
ZSG_MM_PO.NT.PRO_613,V_KOND_VEA,Maintain Condition: Auth. for Use/Appl./Cond.Type/Table,KAPPL,,,Copy values from ZSG_MM_PO.PRO related roles
ZSG_MM_PO.NT.PRO_613,V_KOND_VEA,Maintain Condition: Auth. for Use/Appl./Cond.Type/Table,KOTABNR,,,Copy values from ZSG_MM_PO.PRO related roles
ZSG_MM_PO.NT.PRO_613,V_KOND_VEA,Maintain Condition: Auth. for Use/Appl./Cond.Type/Table,KOTABNR,,,Copy values from ZSG_MM_PO.PRO related roles
ZSG_MM_PO.NT.PRO_613,V_KOND_VEA,Maintain Condition: Auth. for Use/Appl./Cond.Type/Table,KOTABNR,,,Copy values from ZSG_MM_PO.PRO related roles
ZSG_MM_PO.NT.PRO_613,V_KOND_VEA,Maintain Condition: Auth. for Use/Appl./Cond.Type/Table,KSCHL,,,Copy values from ZSG_MM_PO.PRO related roles
ZSG_MM_PO.NT.PRO_613,V_KOND_VEA,Maintain Condition: Auth. for Use/Appl./Cond.Type/Table,KSCHL,,,Copy values from ZSG_MM_PO.PRO related roles
ZSG_MM_PO.NT.PRO_613,V_KOND_VEA,Maintain Condition: Auth. for Use/Appl./Cond.Type/Table,KSCHL,,,Copy values from ZSG_MM_PO.PRO related roles
ZSG_MM_PO.NT.PRO_613,V_KOND_VEA,Maintain Condition: Auth. for Use/Appl./Cond.Type/Table,KVEWE,,,Copy values from ZSG_MM_PO.PRO related roles
ZSG_MM_PO.NT.PRO_613,V_KOND_VEA,Maintain Condition: Auth. for Use/Appl./Cond.Type/Table,KVEWE,,,Copy values from ZSG_MM_PO.PRO related roles
ZSG_MM_PO.NT.PRO_613,V_KONH_VKS,Condition: Authorization for Condition Types,KSCHL,,,Copy values from ZSG_MM_PO.PRO related roles
ZSG_MM_PO.NT.PRO_615,A_S_ANLKL,Asset Master Data Maint: Company Code/Asset Class,ANLKL,,,Copy values from ZSG_MM_PO.PRO related roles
ZSG_MM_PO.NT.PRO_615,A_S_MD,New Asset Master Data Maintenance,ANLKL,,,Copy values from ZSG_MM_PO.PRO related roles
ZSG_MM_PO.NT.PRO_615,A_S_MD,New Asset Master Data Maintenance,ASSET_TYPE,,,Copy values from ZSG_MM_PO.PRO related roles
ZSG_MM_PO.NT.PRO_615,B_BUPA_GRP,Business Partner: Authorization Groups,BEGRU,,,Copy values from ZSG_MM_PO.PRO related roles
ZSG_MM_PO.NT.PRO_615,B_BUPA_RLT,Business Partner: BP Roles,RLTYP,,,Copy values from ZSG_MM_PO.PRO related roles
ZSG_MM_PO.NT.PRO_615,C_AFVG_TYP,PS: Activity types for network act. and activity elements,PS_VGTYP,,,Copy values from ZSG_MM_PO.PRO related roles
ZSG_MM_PO.NT.PRO_615,C_PRPS_ART,PS: Project type authorization for WBS elements,PS_PRART,,,Copy values from ZSG_MM_PO.PRO related roles
ZSG_MM_PO.NT.PRO_615,C_PRPS_KST,PS: Cost Center Authorization for WBS elements,PS_FKOKR,,,Copy values from ZSG_MM_PO.PRO related roles
ZSG_MM_PO.NT.PRO_615,C_PRPS_KST,PS: Cost Center Authorization for WBS elements,PS_FKSTL,,,Copy values from ZSG_MM_PO.PRO related roles
ZSG_MM_PO.NT.PRO_615,C_PRPS_VNR,PS: Project Manager Authorization for WBS elements,PS_VERNR,,,Copy values from ZSG_MM_PO.PRO related roles
ZSG_MM_PO.NT.PRO_615,F_KNA1_BED,Customer: Account Authorization,BRGRU,,,Copy values from ZSG_MM_PO.PRO related roles
ZSG_MM_PO.NT.PRO_615,F_KNA1_GRP,Customer: Account Group Authorization,KTOKD,,,Copy values from ZSG_MM_PO.PRO related roles
ZSG_MM_PO.NT.PRO_615,F_LFA1_BEK,Vendor: Account Authorization,BRGRU,,,Copy values from ZSG_MM_PO.PRO related roles
ZSG_MM_PO.NT.PRO_615,F_LFA1_GRP,Vendor: Account Group Authorization,KTOKK,,,Copy values from ZSG_MM_PO.PRO related roles
ZSG_MM_PO.NT.PRO_615,K_CSKS,CO-CCA: Cost Center Master,KOSTL,,,Copy values from ZSG_MM_PO.PRO related roles
ZSG_MM_PO.NT.PRO_615,M_ANFR_BSA,Document Type in RFQ,BSART,,,Copy values from ZSG_MM_PO.PRO related roles
ZSG_MM_PO.NT.PRO_615,M_ANGB_BSA,Document Type in Quotation,BSART,,,Copy values from ZSG_MM_PO.PRO related roles
ZSG_MM_PO.NT.PRO_615,M_BANF_BSA,Document Type in Purchase Requisition,BSART,,,Copy values from ZSG_MM_PO.PRO related roles
ZSG_MM_PO.NT.PRO_615,M_BANF_FRG,Release Code in Purchase Requisition,FRGCD,,,Copy values from ZSG_MM_PO.PRO related roles
ZSG_MM_PO.NT.PRO_615,M_LPET_BSA,Document Type in Scheduling Agreement Delivery Schedule,BSART,,,Copy values from ZSG_MM_PO.PRO related roles
ZSG_MM_PO.NT.PRO_615,M_MATE_MAR,Material Master: Material Types,BEGRU,,,Copy values from ZSG_MM_PO.PRO related roles
ZSG_MM_PO.NT.PRO_615,M_MATE_MAT,Material Master: Materials,BEGRU,,,Copy values from ZSG_MM_PO.PRO related roles
ZSG_MM_PO.NT.PRO_615,M_MATE_WGR,Material Master: Material Groups,BEGRU,,,Copy values from ZSG_MM_PO.PRO related roles
ZSG_MM_PO.NT.PRO_615,M_QTN_BSA,Document Type in Quotation,BSART,,,Copy values from ZSG_MM_PO.PRO related roles
ZSG_MM_PO.NT.PRO_615,M_RAHM_BSA,Document Type in Outline Agreement,BSART,,,Copy values from ZSG_MM_PO.PRO related roles
ZSG_MM_PO.NT.PRO_615,M_RAHM_LGO,Plant/Storage Location in Outline Agreement,ACTVT,,,Copy values from ZSG_MM_PO.PRO related roles
ZSG_MM_PO.NT.PRO_615,M_RAHM_LGO,Plant/Storage Location in Outline Agreement,LGORT,,,Copy values from ZSG_MM_PO.PRO related roles
ZSG_MM_PO.NT.PRO_615,M_RFQ_BSA,Document Type in RFQ,BSART,,,Copy values from ZSG_MM_PO.PRO related roles
ZSG_MM_PO.NT.PRO_615,M_TEMPLATE,Create/Change/Delete Public Templates,J_BO_TYPE,,,Copy values from ZSG_MM_PO.PRO related roles
ZSG_MM_PO.NT.PRO_615,S_APPL_LOG,Applications log,ALG_OBJECT,,,Copy values from ZSG_MM_PO.PRO related roles
ZSG_MM_PO.NT.PRO_615,S_APPL_LOG,Applications log,ALG_SUBOBJ,,,Copy values from ZSG_MM_PO.PRO related roles
ZSG_MM_PO.NT.PRO_615,S_PROGNAM,Generic Programm Start,P_PROGNAM,,,Copy values from ZSG_MM_PO.PRO related roles
ZSG_MM_PO.NT.PRO_615,V_KOND_VEA,Maintain Condition: Auth. for Use/Appl./Cond.Type/Table,KAPPL,,,Copy values from ZSG_MM_PO.PRO related roles
ZSG_MM_PO.NT.PRO_615,V_KOND_VEA,Maintain Condition: Auth. for Use/Appl./Cond.Type/Table,KOTABNR,,,Copy values from ZSG_MM_PO.PRO related roles
ZSG_MM_PO.NT.PRO_615,V_KOND_VEA,Maintain Condition: Auth. for Use/Appl./Cond.Type/Table,KOTABNR,,,Copy values from ZSG_MM_PO.PRO related roles
ZSG_MM_PO.NT.PRO_615,V_KOND_VEA,Maintain Condition: Auth. for Use/Appl./Cond.Type/Table,KOTABNR,,,Copy values from ZSG_MM_PO.PRO related roles
ZSG_MM_PO.NT.PRO_615,V_KOND_VEA,Maintain Condition: Auth. for Use/Appl./Cond.Type/Table,KSCHL,,,Copy values from ZSG_MM_PO.PRO related roles
ZSG_MM_PO.NT.PRO_615,V_KOND_VEA,Maintain Condition: Auth. for Use/Appl./Cond.Type/Table,KSCHL,,,Copy values from ZSG_MM_PO.PRO related roles
ZSG_MM_PO.NT.PRO_615,V_KOND_VEA,Maintain Condition: Auth. for Use/Appl./Cond.Type/Table,KSCHL,,,Copy values from ZSG_MM_PO.PRO related roles
ZSG_MM_PO.NT.PRO_615,V_KOND_VEA,Maintain Condition: Auth. for Use/Appl./Cond.Type/Table,KVEWE,,,Copy values from ZSG_MM_PO.PRO related roles
ZSG_MM_PO.NT.PRO_615,V_KOND_VEA,Maintain Condition: Auth. for Use/Appl./Cond.Type/Table,KVEWE,,,Copy values from ZSG_MM_PO.PRO related roles
ZSG_MM_PO.NT.PRO_615,V_KONH_VKS,Condition: Authorization for Condition Types,KSCHL,,,Copy values from ZSG_MM_PO.PRO related roles
ZSG_MM_PO.NT.PRO_711,A_S_ANLKL,Asset Master Data Maint: Company Code/Asset Class,ANLKL,,,Copy values from ZSG_MM_PO.PRO related roles
ZSG_MM_PO.NT.PRO_711,A_S_MD,New Asset Master Data Maintenance,ANLKL,,,Copy values from ZSG_MM_PO.PRO related roles
ZSG_MM_PO.NT.PRO_711,A_S_MD,New Asset Master Data Maintenance,ASSET_TYPE,,,Copy values from ZSG_MM_PO.PRO related roles
ZSG_MM_PO.NT.PRO_711,B_BUPA_GRP,Business Partner: Authorization Groups,BEGRU,,,Copy values from ZSG_MM_PO.PRO related roles
ZSG_MM_PO.NT.PRO_711,B_BUPA_RLT,Business Partner: BP Roles,RLTYP,,,Copy values from ZSG_MM_PO.PRO related roles
ZSG_MM_PO.NT.PRO_711,C_AFVG_TYP,PS: Activity types for network act. and activity elements,PS_VGTYP,,,Copy values from ZSG_MM_PO.PRO related roles
ZSG_MM_PO.NT.PRO_711,C_PRPS_ART,PS: Project type authorization for WBS elements,PS_PRART,,,Copy values from ZSG_MM_PO.PRO related roles
ZSG_MM_PO.NT.PRO_711,C_PRPS_KST,PS: Cost Center Authorization for WBS elements,PS_FKOKR,,,Copy values from ZSG_MM_PO.PRO related roles
ZSG_MM_PO.NT.PRO_711,C_PRPS_KST,PS: Cost Center Authorization for WBS elements,PS_FKSTL,,,Copy values from ZSG_MM_PO.PRO related roles
ZSG_MM_PO.NT.PRO_711,C_PRPS_VNR,PS: Project Manager Authorization for WBS elements,PS_VERNR,,,Copy values from ZSG_MM_PO.PRO related roles
ZSG_MM_PO.NT.PRO_711,F_KNA1_BED,Customer: Account Authorization,BRGRU,,,Copy values from ZSG_MM_PO.PRO related roles
ZSG_MM_PO.NT.PRO_711,F_KNA1_GRP,Customer: Account Group Authorization,KTOKD,,,Copy values from ZSG_MM_PO.PRO related roles
ZSG_MM_PO.NT.PRO_711,F_LFA1_BEK,Vendor: Account Authorization,BRGRU,,,Copy values from ZSG_MM_PO.PRO related roles
ZSG_MM_PO.NT.PRO_711,F_LFA1_GRP,Vendor: Account Group Authorization,KTOKK,,,Copy values from ZSG_MM_PO.PRO related roles
ZSG_MM_PO.NT.PRO_711,K_CSKS,CO-CCA: Cost Center Master,KOSTL,,,Copy values from ZSG_MM_PO.PRO related roles
ZSG_MM_PO.NT.PRO_711,M_ANFR_BSA,Document Type in RFQ,BSART,,,Copy values from ZSG_MM_PO.PRO related roles
ZSG_MM_PO.NT.PRO_711,M_ANGB_BSA,Document Type in Quotation,BSART,,,Copy values from ZSG_MM_PO.PRO related roles
ZSG_MM_PO.NT.PRO_711,M_BANF_BSA,Document Type in Purchase Requisition,BSART,,,Copy values from ZSG_MM_PO.PRO related roles
ZSG_MM_PO.NT.PRO_711,M_BANF_FRG,Release Code in Purchase Requisition,FRGCD,,,Copy values from ZSG_MM_PO.PRO related roles
ZSG_MM_PO.NT.PRO_711,M_LPET_BSA,Document Type in Scheduling Agreement Delivery Schedule,BSART,,,Copy values from ZSG_MM_PO.PRO related roles
ZSG_MM_PO.NT.PRO_711,M_MATE_MAR,Material Master: Material Types,BEGRU,,,Copy values from ZSG_MM_PO.PRO related roles
ZSG_MM_PO.NT.PRO_711,M_MATE_MAT,Material Master: Materials,BEGRU,,,Copy values from ZSG_MM_PO.PRO related roles
ZSG_MM_PO.NT.PRO_711,M_MATE_WGR,Material Master: Material Groups,BEGRU,,,Copy values from ZSG_MM_PO.PRO related roles
ZSG_MM_PO.NT.PRO_711,M_QTN_BSA,Document Type in Quotation,BSART,,,Copy values from ZSG_MM_PO.PRO related roles
ZSG_MM_PO.NT.PRO_711,M_RAHM_BSA,Document Type in Outline Agreement,BSART,,,Copy values from ZSG_MM_PO.PRO related roles
ZSG_MM_PO.NT.PRO_711,M_RAHM_LGO,Plant/Storage Location in Outline Agreement,ACTVT,,,Copy values from ZSG_MM_PO.PRO related roles
ZSG_MM_PO.NT.PRO_711,M_RAHM_LGO,Plant/Storage Location in Outline Agreement,LGORT,,,Copy values from ZSG_MM_PO.PRO related roles
ZSG_MM_PO.NT.PRO_711,M_RFQ_BSA,Document Type in RFQ,BSART,,,Copy values from ZSG_MM_PO.PRO related roles
ZSG_MM_PO.NT.PRO_711,M_TEMPLATE,Create/Change/Delete Public Templates,J_BO_TYPE,,,Copy values from ZSG_MM_PO.PRO related roles
ZSG_MM_PO.NT.PRO_711,S_APPL_LOG,Applications log,ALG_OBJECT,,,Copy values from ZSG_MM_PO.PRO related roles
ZSG_MM_PO.NT.PRO_711,S_APPL_LOG,Applications log,ALG_SUBOBJ,,,Copy values from ZSG_MM_PO.PRO related roles
ZSG_MM_PO.NT.PRO_711,S_PROGNAM,Generic Programm Start,P_PROGNAM,,,Copy values from ZSG_MM_PO.PRO related roles
ZSG_MM_PO.NT.PRO_711,V_KOND_VEA,Maintain Condition: Auth. for Use/Appl./Cond.Type/Table,KAPPL,,,Copy values from ZSG_MM_PO.PRO related roles
ZSG_MM_PO.NT.PRO_711,V_KOND_VEA,Maintain Condition: Auth. for Use/Appl./Cond.Type/Table,KOTABNR,,,Copy values from ZSG_MM_PO.PRO related roles
ZSG_MM_PO.NT.PRO_711,V_KOND_VEA,Maintain Condition: Auth. for Use/Appl./Cond.Type/Table,KOTABNR,,,Copy values from ZSG_MM_PO.PRO related roles
ZSG_MM_PO.NT.PRO_711,V_KOND_VEA,Maintain Condition: Auth. for Use/Appl./Cond.Type/Table,KOTABNR,,,Copy values from ZSG_MM_PO.PRO related roles
ZSG_MM_PO.NT.PRO_711,V_KOND_VEA,Maintain Condition: Auth. for Use/Appl./Cond.Type/Table,KSCHL,,,Copy values from ZSG_MM_PO.PRO related roles
ZSG_MM_PO.NT.PRO_711,V_KOND_VEA,Maintain Condition: Auth. for Use/Appl./Cond.Type/Table,KSCHL,,,Copy values from ZSG_MM_PO.PRO related roles
ZSG_MM_PO.NT.PRO_711,V_KOND_VEA,Maintain Condition: Auth. for Use/Appl./Cond.Type/Table,KSCHL,,,Copy values from ZSG_MM_PO.PRO related roles
ZSG_MM_PO.NT.PRO_711,V_KOND_VEA,Maintain Condition: Auth. for Use/Appl./Cond.Type/Table,KVEWE,,,Copy values from ZSG_MM_PO.PRO related roles
ZSG_MM_PO.NT.PRO_711,V_KOND_VEA,Maintain Condition: Auth. for Use/Appl./Cond.Type/Table,KVEWE,,,Copy values from ZSG_MM_PO.PRO related roles
ZSG_MM_PO.NT.PRO_711,V_KONH_VKS,Condition: Authorization for Condition Types,KSCHL,,,Copy values from ZSG_MM_PO.PRO related roles
ZSG_MM_PO.NT.PRO_713,A_S_ANLKL,Asset Master Data Maint: Company Code/Asset Class,ANLKL,,,Copy values from ZSG_MM_PO.PRO related roles
ZSG_MM_PO.NT.PRO_713,A_S_MD,New Asset Master Data Maintenance,ANLKL,,,Copy values from ZSG_MM_PO.PRO related roles
ZSG_MM_PO.NT.PRO_713,A_S_MD,New Asset Master Data Maintenance,ASSET_TYPE,,,Copy values from ZSG_MM_PO.PRO related roles
ZSG_MM_PO.NT.PRO_713,B_BUPA_GRP,Business Partner: Authorization Groups,BEGRU,,,Copy values from ZSG_MM_PO.PRO related roles
ZSG_MM_PO.NT.PRO_713,B_BUPA_RLT,Business Partner: BP Roles,RLTYP,,,Copy values from ZSG_MM_PO.PRO related roles
ZSG_MM_PO.NT.PRO_713,C_AFVG_TYP,PS: Activity types for network act. and activity elements,PS_VGTYP,,,Copy values from ZSG_MM_PO.PRO related roles
ZSG_MM_PO.NT.PRO_713,C_PRPS_ART,PS: Project type authorization for WBS elements,PS_PRART,,,Copy values from ZSG_MM_PO.PRO related roles
ZSG_MM_PO.NT.PRO_713,C_PRPS_KST,PS: Cost Center Authorization for WBS elements,PS_FKOKR,,,Copy values from ZSG_MM_PO.PRO related roles
ZSG_MM_PO.NT.PRO_713,C_PRPS_KST,PS: Cost Center Authorization for WBS elements,PS_FKSTL,,,Copy values from ZSG_MM_PO.PRO related roles
ZSG_MM_PO.NT.PRO_713,C_PRPS_VNR,PS: Project Manager Authorization for WBS elements,PS_VERNR,,,Copy values from ZSG_MM_PO.PRO related roles
ZSG_MM_PO.NT.PRO_713,F_KNA1_BED,Customer: Account Authorization,BRGRU,,,Copy values from ZSG_MM_PO.PRO related roles
ZSG_MM_PO.NT.PRO_713,F_KNA1_GRP,Customer: Account Group Authorization,KTOKD,,,Copy values from ZSG_MM_PO.PRO related roles
ZSG_MM_PO.NT.PRO_713,F_LFA1_BEK,Vendor: Account Authorization,BRGRU,,,Copy values from ZSG_MM_PO.PRO related roles
ZSG_MM_PO.NT.PRO_713,F_LFA1_GRP,Vendor: Account Group Authorization,KTOKK,,,Copy values from ZSG_MM_PO.PRO related roles
ZSG_MM_PO.NT.PRO_713,K_CSKS,CO-CCA: Cost Center Master,KOSTL,,,Copy values from ZSG_MM_PO.PRO related roles
ZSG_MM_PO.NT.PRO_713,M_ANFR_BSA,Document Type in RFQ,BSART,,,Copy values from ZSG_MM_PO.PRO related roles
ZSG_MM_PO.NT.PRO_713,M_ANGB_BSA,Document Type in Quotation,BSART,,,Copy values from ZSG_MM_PO.PRO related roles
ZSG_MM_PO.NT.PRO_713,M_BANF_BSA,Document Type in Purchase Requisition,BSART,,,Copy values from ZSG_MM_PO.PRO related roles
ZSG_MM_PO.NT.PRO_713,M_BANF_FRG,Release Code in Purchase Requisition,FRGCD,,,Copy values from ZSG_MM_PO.PRO related roles
ZSG_MM_PO.NT.PRO_713,M_LPET_BSA,Document Type in Scheduling Agreement Delivery Schedule,BSART,,,Copy values from ZSG_MM_PO.PRO related roles
ZSG_MM_PO.NT.PRO_713,M_MATE_MAR,Material Master: Material Types,BEGRU,,,Copy values from ZSG_MM_PO.PRO related roles
ZSG_MM_PO.NT.PRO_713,M_MATE_MAT,Material Master: Materials,BEGRU,,,Copy values from ZSG_MM_PO.PRO related roles
ZSG_MM_PO.NT.PRO_713,M_MATE_WGR,Material Master: Material Groups,BEGRU,,,Copy values from ZSG_MM_PO.PRO related roles
ZSG_MM_PO.NT.PRO_713,M_QTN_BSA,Document Type in Quotation,BSART,,,Copy values from ZSG_MM_PO.PRO related roles
ZSG_MM_PO.NT.PRO_713,M_RAHM_BSA,Document Type in Outline Agreement,BSART,,,Copy values from ZSG_MM_PO.PRO related roles
ZSG_MM_PO.NT.PRO_713,M_RAHM_LGO,Plant/Storage Location in Outline Agreement,ACTVT,,,Copy values from ZSG_MM_PO.PRO related roles
ZSG_MM_PO.NT.PRO_713,M_RAHM_LGO,Plant/Storage Location in Outline Agreement,LGORT,,,Copy values from ZSG_MM_PO.PRO related roles
ZSG_MM_PO.NT.PRO_713,M_RFQ_BSA,Document Type in RFQ,BSART,,,Copy values from ZSG_MM_PO.PRO related roles
ZSG_MM_PO.NT.PRO_713,M_TEMPLATE,Create/Change/Delete Public Templates,J_BO_TYPE,,,Copy values from ZSG_MM_PO.PRO related roles
ZSG_MM_PO.NT.PRO_713,S_APPL_LOG,Applications log,ALG_OBJECT,,,Copy values from ZSG_MM_PO.PRO related roles
ZSG_MM_PO.NT.PRO_713,S_APPL_LOG,Applications log,ALG_SUBOBJ,,,Copy values from ZSG_MM_PO.PRO related roles
ZSG_MM_PO.NT.PRO_713,S_PROGNAM,Generic Programm Start,P_PROGNAM,,,Copy values from ZSG_MM_PO.PRO related roles
ZSG_MM_PO.NT.PRO_713,V_KOND_VEA,Maintain Condition: Auth. for Use/Appl./Cond.Type/Table,KAPPL,,,Copy values from ZSG_MM_PO.PRO related roles
ZSG_MM_PO.NT.PRO_713,V_KOND_VEA,Maintain Condition: Auth. for Use/Appl./Cond.Type/Table,KOTABNR,,,Copy values from ZSG_MM_PO.PRO related roles
ZSG_MM_PO.NT.PRO_713,V_KOND_VEA,Maintain Condition: Auth. for Use/Appl./Cond.Type/Table,KOTABNR,,,Copy values from ZSG_MM_PO.PRO related roles
ZSG_MM_PO.NT.PRO_713,V_KOND_VEA,Maintain Condition: Auth. for Use/Appl./Cond.Type/Table,KOTABNR,,,Copy values from ZSG_MM_PO.PRO related roles
ZSG_MM_PO.NT.PRO_713,V_KOND_VEA,Maintain Condition: Auth. for Use/Appl./Cond.Type/Table,KSCHL,,,Copy values from ZSG_MM_PO.PRO related roles
ZSG_MM_PO.NT.PRO_713,V_KOND_VEA,Maintain Condition: Auth. for Use/Appl./Cond.Type/Table,KSCHL,,,Copy values from ZSG_MM_PO.PRO related roles
ZSG_MM_PO.NT.PRO_713,V_KOND_VEA,Maintain Condition: Auth. for Use/Appl./Cond.Type/Table,KSCHL,,,Copy values from ZSG_MM_PO.PRO related roles
ZSG_MM_PO.NT.PRO_713,V_KOND_VEA,Maintain Condition: Auth. for Use/Appl./Cond.Type/Table,KVEWE,,,Copy values from ZSG_MM_PO.PRO related roles
ZSG_MM_PO.NT.PRO_713,V_KOND_VEA,Maintain Condition: Auth. for Use/Appl./Cond.Type/Table,KVEWE,,,Copy values from ZSG_MM_PO.PRO related roles
ZSG_MM_PO.NT.PRO_713,V_KONH_VKS,Condition: Authorization for Condition Types,KSCHL,,,Copy values from ZSG_MM_PO.PRO related roles
ZSG_MM_PO.NT.PRO_716,A_S_ANLKL,Asset Master Data Maint: Company Code/Asset Class,ANLKL,,,Copy values from ZSG_MM_PO.PRO related roles
ZSG_MM_PO.NT.PRO_716,A_S_MD,New Asset Master Data Maintenance,ANLKL,,,Copy values from ZSG_MM_PO.PRO related roles
ZSG_MM_PO.NT.PRO_716,A_S_MD,New Asset Master Data Maintenance,ASSET_TYPE,,,Copy values from ZSG_MM_PO.PRO related roles
ZSG_MM_PO.NT.PRO_716,B_BUPA_GRP,Business Partner: Authorization Groups,BEGRU,,,Copy values from ZSG_MM_PO.PRO related roles
ZSG_MM_PO.NT.PRO_716,B_BUPA_RLT,Business Partner: BP Roles,RLTYP,,,Copy values from ZSG_MM_PO.PRO related roles
ZSG_MM_PO.NT.PRO_716,C_AFVG_TYP,PS: Activity types for network act. and activity elements,PS_VGTYP,,,Copy values from ZSG_MM_PO.PRO related roles
ZSG_MM_PO.NT.PRO_716,C_PRPS_ART,PS: Project type authorization for WBS elements,PS_PRART,,,Copy values from ZSG_MM_PO.PRO related roles
ZSG_MM_PO.NT.PRO_716,C_PRPS_KST,PS: Cost Center Authorization for WBS elements,PS_FKOKR,,,Copy values from ZSG_MM_PO.PRO related roles
ZSG_MM_PO.NT.PRO_716,C_PRPS_KST,PS: Cost Center Authorization for WBS elements,PS_FKSTL,,,Copy values from ZSG_MM_PO.PRO related roles
ZSG_MM_PO.NT.PRO_716,C_PRPS_VNR,PS: Project Manager Authorization for WBS elements,PS_VERNR,,,Copy values from ZSG_MM_PO.PRO related roles
ZSG_MM_PO.NT.PRO_716,F_KNA1_BED,Customer: Account Authorization,BRGRU,,,Copy values from ZSG_MM_PO.PRO related roles
ZSG_MM_PO.NT.PRO_716,F_KNA1_GRP,Customer: Account Group Authorization,KTOKD,,,Copy values from ZSG_MM_PO.PRO related roles
ZSG_MM_PO.NT.PRO_716,F_LFA1_BEK,Vendor: Account Authorization,BRGRU,,,Copy values from ZSG_MM_PO.PRO related roles
ZSG_MM_PO.NT.PRO_716,F_LFA1_GRP,Vendor: Account Group Authorization,KTOKK,,,Copy values from ZSG_MM_PO.PRO related roles
ZSG_MM_PO.NT.PRO_716,K_CSKS,CO-CCA: Cost Center Master,KOSTL,,,Copy values from ZSG_MM_PO.PRO related roles
ZSG_MM_PO.NT.PRO_716,M_ANFR_BSA,Document Type in RFQ,BSART,,,Copy values from ZSG_MM_PO.PRO related roles
ZSG_MM_PO.NT.PRO_716,M_ANGB_BSA,Document Type in Quotation,BSART,,,Copy values from ZSG_MM_PO.PRO related roles
ZSG_MM_PO.NT.PRO_716,M_BANF_BSA,Document Type in Purchase Requisition,BSART,,,Copy values from ZSG_MM_PO.PRO related roles
ZSG_MM_PO.NT.PRO_716,M_BANF_FRG,Release Code in Purchase Requisition,FRGCD,,,Copy values from ZSG_MM_PO.PRO related roles
ZSG_MM_PO.NT.PRO_716,M_LPET_BSA,Document Type in Scheduling Agreement Delivery Schedule,BSART,,,Copy values from ZSG_MM_PO.PRO related roles
ZSG_MM_PO.NT.PRO_716,M_MATE_MAR,Material Master: Material Types,BEGRU,,,Copy values from ZSG_MM_PO.PRO related roles
ZSG_MM_PO.NT.PRO_716,M_MATE_MAT,Material Master: Materials,BEGRU,,,Copy values from ZSG_MM_PO.PRO related roles
ZSG_MM_PO.NT.PRO_716,M_MATE_WGR,Material Master: Material Groups,BEGRU,,,Copy values from ZSG_MM_PO.PRO related roles
ZSG_MM_PO.NT.PRO_716,M_QTN_BSA,Document Type in Quotation,BSART,,,Copy values from ZSG_MM_PO.PRO related roles
ZSG_MM_PO.NT.PRO_716,M_RAHM_BSA,Document Type in Outline Agreement,BSART,,,Copy values from ZSG_MM_PO.PRO related roles
ZSG_MM_PO.NT.PRO_716,M_RAHM_LGO,Plant/Storage Location in Outline Agreement,ACTVT,,,Copy values from ZSG_MM_PO.PRO related roles
ZSG_MM_PO.NT.PRO_716,M_RAHM_LGO,Plant/Storage Location in Outline Agreement,LGORT,,,Copy values from ZSG_MM_PO.PRO related roles
ZSG_MM_PO.NT.PRO_716,M_RFQ_BSA,Document Type in RFQ,BSART,,,Copy values from ZSG_MM_PO.PRO related roles
ZSG_MM_PO.NT.PRO_716,M_TEMPLATE,Create/Change/Delete Public Templates,J_BO_TYPE,,,Copy values from ZSG_MM_PO.PRO related roles
ZSG_MM_PO.NT.PRO_716,S_APPL_LOG,Applications log,ALG_OBJECT,,,Copy values from ZSG_MM_PO.PRO related roles
ZSG_MM_PO.NT.PRO_716,S_APPL_LOG,Applications log,ALG_SUBOBJ,,,Copy values from ZSG_MM_PO.PRO related roles
ZSG_MM_PO.NT.PRO_716,S_PROGNAM,Generic Programm Start,P_PROGNAM,,,Copy values from ZSG_MM_PO.PRO related roles
ZSG_MM_PO.NT.PRO_716,V_KOND_VEA,Maintain Condition: Auth. for Use/Appl./Cond.Type/Table,KAPPL,,,Copy values from ZSG_MM_PO.PRO related roles
ZSG_MM_PO.NT.PRO_716,V_KOND_VEA,Maintain Condition: Auth. for Use/Appl./Cond.Type/Table,KOTABNR,,,Copy values from ZSG_MM_PO.PRO related roles
ZSG_MM_PO.NT.PRO_716,V_KOND_VEA,Maintain Condition: Auth. for Use/Appl./Cond.Type/Table,KOTABNR,,,Copy values from ZSG_MM_PO.PRO related roles
ZSG_MM_PO.NT.PRO_716,V_KOND_VEA,Maintain Condition: Auth. for Use/Appl./Cond.Type/Table,KOTABNR,,,Copy values from ZSG_MM_PO.PRO related roles
ZSG_MM_PO.NT.PRO_716,V_KOND_VEA,Maintain Condition: Auth. for Use/Appl./Cond.Type/Table,KSCHL,,,Copy values from ZSG_MM_PO.PRO related roles
ZSG_MM_PO.NT.PRO_716,V_KOND_VEA,Maintain Condition: Auth. for Use/Appl./Cond.Type/Table,KSCHL,,,Copy values from ZSG_MM_PO.PRO related roles
ZSG_MM_PO.NT.PRO_716,V_KOND_VEA,Maintain Condition: Auth. for Use/Appl./Cond.Type/Table,KSCHL,,,Copy values from ZSG_MM_PO.PRO related roles
ZSG_MM_PO.NT.PRO_716,V_KOND_VEA,Maintain Condition: Auth. for Use/Appl./Cond.Type/Table,KVEWE,,,Copy values from ZSG_MM_PO.PRO related roles
ZSG_MM_PO.NT.PRO_716,V_KOND_VEA,Maintain Condition: Auth. for Use/Appl./Cond.Type/Table,KVEWE,,,Copy values from ZSG_MM_PO.PRO related roles
ZSG_MM_PO.NT.PRO_716,V_KONH_VKS,Condition: Authorization for Condition Types,KSCHL,,,Copy values from ZSG_MM_PO.PRO related roles
ZSG_MM_PO.NT.PRO_718,A_S_ANLKL,Asset Master Data Maint: Company Code/Asset Class,ANLKL,,,Copy values from ZSG_MM_PO.PRO related roles
ZSG_MM_PO.NT.PRO_718,A_S_MD,New Asset Master Data Maintenance,ANLKL,,,Copy values from ZSG_MM_PO.PRO related roles
ZSG_MM_PO.NT.PRO_718,A_S_MD,New Asset Master Data Maintenance,ASSET_TYPE,,,Copy values from ZSG_MM_PO.PRO related roles
ZSG_MM_PO.NT.PRO_718,B_BUPA_GRP,Business Partner: Authorization Groups,BEGRU,,,Copy values from ZSG_MM_PO.PRO related roles
ZSG_MM_PO.NT.PRO_718,B_BUPA_RLT,Business Partner: BP Roles,RLTYP,,,Copy values from ZSG_MM_PO.PRO related roles
ZSG_MM_PO.NT.PRO_718,C_AFVG_TYP,PS: Activity types for network act. and activity elements,PS_VGTYP,,,Copy values from ZSG_MM_PO.PRO related roles
ZSG_MM_PO.NT.PRO_718,C_PRPS_ART,PS: Project type authorization for WBS elements,PS_PRART,,,Copy values from ZSG_MM_PO.PRO related roles
ZSG_MM_PO.NT.PRO_718,C_PRPS_KST,PS: Cost Center Authorization for WBS elements,PS_FKOKR,,,Copy values from ZSG_MM_PO.PRO related roles
ZSG_MM_PO.NT.PRO_718,C_PRPS_KST,PS: Cost Center Authorization for WBS elements,PS_FKSTL,,,Copy values from ZSG_MM_PO.PRO related roles
ZSG_MM_PO.NT.PRO_718,C_PRPS_VNR,PS: Project Manager Authorization for WBS elements,PS_VERNR,,,Copy values from ZSG_MM_PO.PRO related roles
ZSG_MM_PO.NT.PRO_718,F_KNA1_BED,Customer: Account Authorization,BRGRU,,,Copy values from ZSG_MM_PO.PRO related roles
ZSG_MM_PO.NT.PRO_718,F_KNA1_GRP,Customer: Account Group Authorization,KTOKD,,,Copy values from ZSG_MM_PO.PRO related roles
ZSG_MM_PO.NT.PRO_718,F_LFA1_BEK,Vendor: Account Authorization,BRGRU,,,Copy values from ZSG_MM_PO.PRO related roles
ZSG_MM_PO.NT.PRO_718,F_LFA1_GRP,Vendor: Account Group Authorization,KTOKK,,,Copy values from ZSG_MM_PO.PRO related roles
ZSG_MM_PO.NT.PRO_718,K_CSKS,CO-CCA: Cost Center Master,KOSTL,,,Copy values from ZSG_MM_PO.PRO related roles
ZSG_MM_PO.NT.PRO_718,M_ANFR_BSA,Document Type in RFQ,BSART,,,Copy values from ZSG_MM_PO.PRO related roles
ZSG_MM_PO.NT.PRO_718,M_ANGB_BSA,Document Type in Quotation,BSART,,,Copy values from ZSG_MM_PO.PRO related roles
ZSG_MM_PO.NT.PRO_718,M_BANF_BSA,Document Type in Purchase Requisition,BSART,,,Copy values from ZSG_MM_PO.PRO related roles
ZSG_MM_PO.NT.PRO_718,M_BANF_FRG,Release Code in Purchase Requisition,FRGCD,,,Copy values from ZSG_MM_PO.PRO related roles
ZSG_MM_PO.NT.PRO_718,M_LPET_BSA,Document Type in Scheduling Agreement Delivery Schedule,BSART,,,Copy values from ZSG_MM_PO.PRO related roles
ZSG_MM_PO.NT.PRO_718,M_MATE_MAR,Material Master: Material Types,BEGRU,,,Copy values from ZSG_MM_PO.PRO related roles
ZSG_MM_PO.NT.PRO_718,M_MATE_MAT,Material Master: Materials,BEGRU,,,Copy values from ZSG_MM_PO.PRO related roles
ZSG_MM_PO.NT.PRO_718,M_MATE_WGR,Material Master: Material Groups,BEGRU,,,Copy values from ZSG_MM_PO.PRO related roles
ZSG_MM_PO.NT.PRO_718,M_QTN_BSA,Document Type in Quotation,BSART,,,Copy values from ZSG_MM_PO.PRO related roles
ZSG_MM_PO.NT.PRO_718,M_RAHM_BSA,Document Type in Outline Agreement,BSART,,,Copy values from ZSG_MM_PO.PRO related roles
ZSG_MM_PO.NT.PRO_718,M_RAHM_LGO,Plant/Storage Location in Outline Agreement,ACTVT,,,Copy values from ZSG_MM_PO.PRO related roles
ZSG_MM_PO.NT.PRO_718,M_RAHM_LGO,Plant/Storage Location in Outline Agreement,LGORT,,,Copy values from ZSG_MM_PO.PRO related roles
ZSG_MM_PO.NT.PRO_718,M_RFQ_BSA,Document Type in RFQ,BSART,,,Copy values from ZSG_MM_PO.PRO related roles
ZSG_MM_PO.NT.PRO_718,M_TEMPLATE,Create/Change/Delete Public Templates,J_BO_TYPE,,,Copy values from ZSG_MM_PO.PRO related roles
ZSG_MM_PO.NT.PRO_718,S_APPL_LOG,Applications log,ALG_OBJECT,,,Copy values from ZSG_MM_PO.PRO related roles
ZSG_MM_PO.NT.PRO_718,S_APPL_LOG,Applications log,ALG_SUBOBJ,,,Copy values from ZSG_MM_PO.PRO related roles
ZSG_MM_PO.NT.PRO_718,S_PROGNAM,Generic Programm Start,P_PROGNAM,,,Copy values from ZSG_MM_PO.PRO related roles
ZSG_MM_PO.NT.PRO_718,V_KOND_VEA,Maintain Condition: Auth. for Use/Appl./Cond.Type/Table,KAPPL,,,Copy values from ZSG_MM_PO.PRO related roles
ZSG_MM_PO.NT.PRO_718,V_KOND_VEA,Maintain Condition: Auth. for Use/Appl./Cond.Type/Table,KOTABNR,,,Copy values from ZSG_MM_PO.PRO related roles
ZSG_MM_PO.NT.PRO_718,V_KOND_VEA,Maintain Condition: Auth. for Use/Appl./Cond.Type/Table,KOTABNR,,,Copy values from ZSG_MM_PO.PRO related roles
ZSG_MM_PO.NT.PRO_718,V_KOND_VEA,Maintain Condition: Auth. for Use/Appl./Cond.Type/Table,KOTABNR,,,Copy values from ZSG_MM_PO.PRO related roles
ZSG_MM_PO.NT.PRO_718,V_KOND_VEA,Maintain Condition: Auth. for Use/Appl./Cond.Type/Table,KSCHL,,,Copy values from ZSG_MM_PO.PRO related roles
ZSG_MM_PO.NT.PRO_718,V_KOND_VEA,Maintain Condition: Auth. for Use/Appl./Cond.Type/Table,KSCHL,,,Copy values from ZSG_MM_PO.PRO related roles
ZSG_MM_PO.NT.PRO_718,V_KOND_VEA,Maintain Condition: Auth. for Use/Appl./Cond.Type/Table,KSCHL,,,Copy values from ZSG_MM_PO.PRO related roles
ZSG_MM_PO.NT.PRO_718,V_KOND_VEA,Maintain Condition: Auth. for Use/Appl./Cond.Type/Table,KVEWE,,,Copy values from ZSG_MM_PO.PRO related roles
ZSG_MM_PO.NT.PRO_718,V_KOND_VEA,Maintain Condition: Auth. for Use/Appl./Cond.Type/Table,KVEWE,,,Copy values from ZSG_MM_PO.PRO related roles
ZSG_MM_PO.NT.PRO_718,V_KONH_VKS,Condition: Authorization for Condition Types,KSCHL,,,Copy values from ZSG_MM_PO.PRO related roles
ZSG_MM_PO.NT.PRO_811,A_S_ANLKL,Asset Master Data Maint: Company Code/Asset Class,ANLKL,,,Copy values from ZSG_MM_PO.PRO related roles
ZSG_MM_PO.NT.PRO_811,A_S_MD,New Asset Master Data Maintenance,ANLKL,,,Copy values from ZSG_MM_PO.PRO related roles
ZSG_MM_PO.NT.PRO_811,A_S_MD,New Asset Master Data Maintenance,ASSET_TYPE,,,Copy values from ZSG_MM_PO.PRO related roles
ZSG_MM_PO.NT.PRO_811,B_BUPA_GRP,Business Partner: Authorization Groups,BEGRU,,,Copy values from ZSG_MM_PO.PRO related roles
ZSG_MM_PO.NT.PRO_811,B_BUPA_RLT,Business Partner: BP Roles,RLTYP,,,Copy values from ZSG_MM_PO.PRO related roles
ZSG_MM_PO.NT.PRO_811,C_AFVG_TYP,PS: Activity types for network act. and activity elements,PS_VGTYP,,,Copy values from ZSG_MM_PO.PRO related roles
ZSG_MM_PO.NT.PRO_811,C_PRPS_ART,PS: Project type authorization for WBS elements,PS_PRART,,,Copy values from ZSG_MM_PO.PRO related roles
ZSG_MM_PO.NT.PRO_811,C_PRPS_KST,PS: Cost Center Authorization for WBS elements,PS_FKOKR,,,Copy values from ZSG_MM_PO.PRO related roles
ZSG_MM_PO.NT.PRO_811,C_PRPS_KST,PS: Cost Center Authorization for WBS elements,PS_FKSTL,,,Copy values from ZSG_MM_PO.PRO related roles
ZSG_MM_PO.NT.PRO_811,C_PRPS_VNR,PS: Project Manager Authorization for WBS elements,PS_VERNR,,,Copy values from ZSG_MM_PO.PRO related roles
ZSG_MM_PO.NT.PRO_811,F_KNA1_BED,Customer: Account Authorization,BRGRU,,,Copy values from ZSG_MM_PO.PRO related roles
ZSG_MM_PO.NT.PRO_811,F_KNA1_GRP,Customer: Account Group Authorization,KTOKD,,,Copy values from ZSG_MM_PO.PRO related roles
ZSG_MM_PO.NT.PRO_811,F_LFA1_BEK,Vendor: Account Authorization,BRGRU,,,Copy values from ZSG_MM_PO.PRO related roles
ZSG_MM_PO.NT.PRO_811,F_LFA1_GRP,Vendor: Account Group Authorization,KTOKK,,,Copy values from ZSG_MM_PO.PRO related roles
ZSG_MM_PO.NT.PRO_811,K_CSKS,CO-CCA: Cost Center Master,KOSTL,,,Copy values from ZSG_MM_PO.PRO related roles
ZSG_MM_PO.NT.PRO_811,M_ANFR_BSA,Document Type in RFQ,BSART,,,Copy values from ZSG_MM_PO.PRO related roles
ZSG_MM_PO.NT.PRO_811,M_ANGB_BSA,Document Type in Quotation,BSART,,,Copy values from ZSG_MM_PO.PRO related roles
ZSG_MM_PO.NT.PRO_811,M_BANF_BSA,Document Type in Purchase Requisition,BSART,,,Copy values from ZSG_MM_PO.PRO related roles
ZSG_MM_PO.NT.PRO_811,M_BANF_FRG,Release Code in Purchase Requisition,FRGCD,,,Copy values from ZSG_MM_PO.PRO related roles
ZSG_MM_PO.NT.PRO_811,M_LPET_BSA,Document Type in Scheduling Agreement Delivery Schedule,BSART,,,Copy values from ZSG_MM_PO.PRO related roles
ZSG_MM_PO.NT.PRO_811,M_MATE_MAR,Material Master: Material Types,BEGRU,,,Copy values from ZSG_MM_PO.PRO related roles
ZSG_MM_PO.NT.PRO_811,M_MATE_MAT,Material Master: Materials,BEGRU,,,Copy values from ZSG_MM_PO.PRO related roles
ZSG_MM_PO.NT.PRO_811,M_MATE_WGR,Material Master: Material Groups,BEGRU,,,Copy values from ZSG_MM_PO.PRO related roles
ZSG_MM_PO.NT.PRO_811,M_QTN_BSA,Document Type in Quotation,BSART,,,Copy values from ZSG_MM_PO.PRO related roles
ZSG_MM_PO.NT.PRO_811,M_RAHM_BSA,Document Type in Outline Agreement,BSART,,,Copy values from ZSG_MM_PO.PRO related roles
ZSG_MM_PO.NT.PRO_811,M_RAHM_LGO,Plant/Storage Location in Outline Agreement,ACTVT,,,Copy values from ZSG_MM_PO.PRO related roles
ZSG_MM_PO.NT.PRO_811,M_RAHM_LGO,Plant/Storage Location in Outline Agreement,LGORT,,,Copy values from ZSG_MM_PO.PRO related roles
ZSG_MM_PO.NT.PRO_811,M_RFQ_BSA,Document Type in RFQ,BSART,,,Copy values from ZSG_MM_PO.PRO related roles
ZSG_MM_PO.NT.PRO_811,M_TEMPLATE,Create/Change/Delete Public Templates,J_BO_TYPE,,,Copy values from ZSG_MM_PO.PRO related roles
ZSG_MM_PO.NT.PRO_811,S_APPL_LOG,Applications log,ALG_OBJECT,,,Copy values from ZSG_MM_PO.PRO related roles
ZSG_MM_PO.NT.PRO_811,S_APPL_LOG,Applications log,ALG_SUBOBJ,,,Copy values from ZSG_MM_PO.PRO related roles
ZSG_MM_PO.NT.PRO_811,S_PROGNAM,Generic Programm Start,P_PROGNAM,,,Copy values from ZSG_MM_PO.PRO related roles
ZSG_MM_PO.NT.PRO_811,V_KOND_VEA,Maintain Condition: Auth. for Use/Appl./Cond.Type/Table,KAPPL,,,Copy values from ZSG_MM_PO.PRO related roles
ZSG_MM_PO.NT.PRO_811,V_KOND_VEA,Maintain Condition: Auth. for Use/Appl./Cond.Type/Table,KOTABNR,,,Copy values from ZSG_MM_PO.PRO related roles
ZSG_MM_PO.NT.PRO_811,V_KOND_VEA,Maintain Condition: Auth. for Use/Appl./Cond.Type/Table,KOTABNR,,,Copy values from ZSG_MM_PO.PRO related roles
ZSG_MM_PO.NT.PRO_811,V_KOND_VEA,Maintain Condition: Auth. for Use/Appl./Cond.Type/Table,KOTABNR,,,Copy values from ZSG_MM_PO.PRO related roles
ZSG_MM_PO.NT.PRO_811,V_KOND_VEA,Maintain Condition: Auth. for Use/Appl./Cond.Type/Table,KSCHL,,,Copy values from ZSG_MM_PO.PRO related roles
ZSG_MM_PO.NT.PRO_811,V_KOND_VEA,Maintain Condition: Auth. for Use/Appl./Cond.Type/Table,KSCHL,,,Copy values from ZSG_MM_PO.PRO related roles
ZSG_MM_PO.NT.PRO_811,V_KOND_VEA,Maintain Condition: Auth. for Use/Appl./Cond.Type/Table,KSCHL,,,Copy values from ZSG_MM_PO.PRO related roles
ZSG_MM_PO.NT.PRO_811,V_KOND_VEA,Maintain Condition: Auth. for Use/Appl./Cond.Type/Table,KVEWE,,,Copy values from ZSG_MM_PO.PRO related roles
ZSG_MM_PO.NT.PRO_811,V_KOND_VEA,Maintain Condition: Auth. for Use/Appl./Cond.Type/Table,KVEWE,,,Copy values from ZSG_MM_PO.PRO related roles
ZSG_MM_PO.NT.PRO_811,V_KONH_VKS,Condition: Authorization for Condition Types,KSCHL,,,Copy values from ZSG_MM_PO.PRO related roles
ZSG_MM_PO.NT.PRO_812,A_S_ANLKL,Asset Master Data Maint: Company Code/Asset Class,ANLKL,,,Copy values from ZSG_MM_PO.PRO related roles
ZSG_MM_PO.NT.PRO_812,A_S_MD,New Asset Master Data Maintenance,ANLKL,,,Copy values from ZSG_MM_PO.PRO related roles
ZSG_MM_PO.NT.PRO_812,A_S_MD,New Asset Master Data Maintenance,ASSET_TYPE,,,Copy values from ZSG_MM_PO.PRO related roles
ZSG_MM_PO.NT.PRO_812,B_BUPA_GRP,Business Partner: Authorization Groups,BEGRU,,,Copy values from ZSG_MM_PO.PRO related roles
ZSG_MM_PO.NT.PRO_812,B_BUPA_RLT,Business Partner: BP Roles,RLTYP,,,Copy values from ZSG_MM_PO.PRO related roles
ZSG_MM_PO.NT.PRO_812,C_AFVG_TYP,PS: Activity types for network act. and activity elements,PS_VGTYP,,,Copy values from ZSG_MM_PO.PRO related roles
ZSG_MM_PO.NT.PRO_812,C_PRPS_ART,PS: Project type authorization for WBS elements,PS_PRART,,,Copy values from ZSG_MM_PO.PRO related roles
ZSG_MM_PO.NT.PRO_812,C_PRPS_KST,PS: Cost Center Authorization for WBS elements,PS_FKOKR,,,Copy values from ZSG_MM_PO.PRO related roles
ZSG_MM_PO.NT.PRO_812,C_PRPS_KST,PS: Cost Center Authorization for WBS elements,PS_FKSTL,,,Copy values from ZSG_MM_PO.PRO related roles
ZSG_MM_PO.NT.PRO_812,C_PRPS_VNR,PS: Project Manager Authorization for WBS elements,PS_VERNR,,,Copy values from ZSG_MM_PO.PRO related roles
ZSG_MM_PO.NT.PRO_812,F_KNA1_BED,Customer: Account Authorization,BRGRU,,,Copy values from ZSG_MM_PO.PRO related roles
ZSG_MM_PO.NT.PRO_812,F_KNA1_GRP,Customer: Account Group Authorization,KTOKD,,,Copy values from ZSG_MM_PO.PRO related roles
ZSG_MM_PO.NT.PRO_812,F_LFA1_BEK,Vendor: Account Authorization,BRGRU,,,Copy values from ZSG_MM_PO.PRO related roles
ZSG_MM_PO.NT.PRO_812,F_LFA1_GRP,Vendor: Account Group Authorization,KTOKK,,,Copy values from ZSG_MM_PO.PRO related roles
ZSG_MM_PO.NT.PRO_812,K_CSKS,CO-CCA: Cost Center Master,KOSTL,,,Copy values from ZSG_MM_PO.PRO related roles
ZSG_MM_PO.NT.PRO_812,M_ANFR_BSA,Document Type in RFQ,BSART,,,Copy values from ZSG_MM_PO.PRO related roles
ZSG_MM_PO.NT.PRO_812,M_ANGB_BSA,Document Type in Quotation,BSART,,,Copy values from ZSG_MM_PO.PRO related roles
ZSG_MM_PO.NT.PRO_812,M_BANF_BSA,Document Type in Purchase Requisition,BSART,,,Copy values from ZSG_MM_PO.PRO related roles
ZSG_MM_PO.NT.PRO_812,M_BANF_FRG,Release Code in Purchase Requisition,FRGCD,,,Copy values from ZSG_MM_PO.PRO related roles
ZSG_MM_PO.NT.PRO_812,M_LPET_BSA,Document Type in Scheduling Agreement Delivery Schedule,BSART,,,Copy values from ZSG_MM_PO.PRO related roles
ZSG_MM_PO.NT.PRO_812,M_MATE_MAR,Material Master: Material Types,BEGRU,,,Copy values from ZSG_MM_PO.PRO related roles
ZSG_MM_PO.NT.PRO_812,M_MATE_MAT,Material Master: Materials,BEGRU,,,Copy values from ZSG_MM_PO.PRO related roles
ZSG_MM_PO.NT.PRO_812,M_MATE_WGR,Material Master: Material Groups,BEGRU,,,Copy values from ZSG_MM_PO.PRO related roles
ZSG_MM_PO.NT.PRO_812,M_QTN_BSA,Document Type in Quotation,BSART,,,Copy values from ZSG_MM_PO.PRO related roles
ZSG_MM_PO.NT.PRO_812,M_RAHM_BSA,Document Type in Outline Agreement,BSART,,,Copy values from ZSG_MM_PO.PRO related roles
ZSG_MM_PO.NT.PRO_812,M_RAHM_LGO,Plant/Storage Location in Outline Agreement,ACTVT,,,Copy values from ZSG_MM_PO.PRO related roles
ZSG_MM_PO.NT.PRO_812,M_RAHM_LGO,Plant/Storage Location in Outline Agreement,LGORT,,,Copy values from ZSG_MM_PO.PRO related roles
ZSG_MM_PO.NT.PRO_812,M_RFQ_BSA,Document Type in RFQ,BSART,,,Copy values from ZSG_MM_PO.PRO related roles
ZSG_MM_PO.NT.PRO_812,M_TEMPLATE,Create/Change/Delete Public Templates,J_BO_TYPE,,,Copy values from ZSG_MM_PO.PRO related roles
ZSG_MM_PO.NT.PRO_812,S_APPL_LOG,Applications log,ALG_OBJECT,,,Copy values from ZSG_MM_PO.PRO related roles
ZSG_MM_PO.NT.PRO_812,S_APPL_LOG,Applications log,ALG_SUBOBJ,,,Copy values from ZSG_MM_PO.PRO related roles
ZSG_MM_PO.NT.PRO_812,S_PROGNAM,Generic Programm Start,P_PROGNAM,,,Copy values from ZSG_MM_PO.PRO related roles
ZSG_MM_PO.NT.PRO_812,V_KOND_VEA,Maintain Condition: Auth. for Use/Appl./Cond.Type/Table,KAPPL,,,Copy values from ZSG_MM_PO.PRO related roles
ZSG_MM_PO.NT.PRO_812,V_KOND_VEA,Maintain Condition: Auth. for Use/Appl./Cond.Type/Table,KOTABNR,,,Copy values from ZSG_MM_PO.PRO related roles
ZSG_MM_PO.NT.PRO_812,V_KOND_VEA,Maintain Condition: Auth. for Use/Appl./Cond.Type/Table,KOTABNR,,,Copy values from ZSG_MM_PO.PRO related roles
ZSG_MM_PO.NT.PRO_812,V_KOND_VEA,Maintain Condition: Auth. for Use/Appl./Cond.Type/Table,KOTABNR,,,Copy values from ZSG_MM_PO.PRO related roles
ZSG_MM_PO.NT.PRO_812,V_KOND_VEA,Maintain Condition: Auth. for Use/Appl./Cond.Type/Table,KSCHL,,,Copy values from ZSG_MM_PO.PRO related roles
ZSG_MM_PO.NT.PRO_812,V_KOND_VEA,Maintain Condition: Auth. for Use/Appl./Cond.Type/Table,KSCHL,,,Copy values from ZSG_MM_PO.PRO related roles
ZSG_MM_PO.NT.PRO_812,V_KOND_VEA,Maintain Condition: Auth. for Use/Appl./Cond.Type/Table,KSCHL,,,Copy values from ZSG_MM_PO.PRO related roles
ZSG_MM_PO.NT.PRO_812,V_KOND_VEA,Maintain Condition: Auth. for Use/Appl./Cond.Type/Table,KVEWE,,,Copy values from ZSG_MM_PO.PRO related roles
ZSG_MM_PO.NT.PRO_812,V_KOND_VEA,Maintain Condition: Auth. for Use/Appl./Cond.Type/Table,KVEWE,,,Copy values from ZSG_MM_PO.PRO related roles
ZSG_MM_PO.NT.PRO_812,V_KONH_VKS,Condition: Authorization for Condition Types,KSCHL,,,Copy values from ZSG_MM_PO.PRO related roles
ZSG_MM_PO.NT.PRO_813,A_S_ANLKL,Asset Master Data Maint: Company Code/Asset Class,ANLKL,,,Copy values from ZSG_MM_PO.PRO related roles
ZSG_MM_PO.NT.PRO_813,A_S_MD,New Asset Master Data Maintenance,ANLKL,,,Copy values from ZSG_MM_PO.PRO related roles
ZSG_MM_PO.NT.PRO_813,A_S_MD,New Asset Master Data Maintenance,ASSET_TYPE,,,Copy values from ZSG_MM_PO.PRO related roles
ZSG_MM_PO.NT.PRO_813,B_BUPA_GRP,Business Partner: Authorization Groups,BEGRU,,,Copy values from ZSG_MM_PO.PRO related roles
ZSG_MM_PO.NT.PRO_813,B_BUPA_RLT,Business Partner: BP Roles,RLTYP,,,Copy values from ZSG_MM_PO.PRO related roles
ZSG_MM_PO.NT.PRO_813,C_AFVG_TYP,PS: Activity types for network act. and activity elements,PS_VGTYP,,,Copy values from ZSG_MM_PO.PRO related roles
ZSG_MM_PO.NT.PRO_813,C_PRPS_ART,PS: Project type authorization for WBS elements,PS_PRART,,,Copy values from ZSG_MM_PO.PRO related roles
ZSG_MM_PO.NT.PRO_813,C_PRPS_KST,PS: Cost Center Authorization for WBS elements,PS_FKOKR,,,Copy values from ZSG_MM_PO.PRO related roles
ZSG_MM_PO.NT.PRO_813,C_PRPS_KST,PS: Cost Center Authorization for WBS elements,PS_FKSTL,,,Copy values from ZSG_MM_PO.PRO related roles
ZSG_MM_PO.NT.PRO_813,C_PRPS_VNR,PS: Project Manager Authorization for WBS elements,PS_VERNR,,,Copy values from ZSG_MM_PO.PRO related roles
ZSG_MM_PO.NT.PRO_813,F_KNA1_BED,Customer: Account Authorization,BRGRU,,,Copy values from ZSG_MM_PO.PRO related roles
ZSG_MM_PO.NT.PRO_813,F_KNA1_GRP,Customer: Account Group Authorization,KTOKD,,,Copy values from ZSG_MM_PO.PRO related roles
ZSG_MM_PO.NT.PRO_813,F_LFA1_BEK,Vendor: Account Authorization,BRGRU,,,Copy values from ZSG_MM_PO.PRO related roles
ZSG_MM_PO.NT.PRO_813,F_LFA1_GRP,Vendor: Account Group Authorization,KTOKK,,,Copy values from ZSG_MM_PO.PRO related roles
ZSG_MM_PO.NT.PRO_813,K_CSKS,CO-CCA: Cost Center Master,KOSTL,,,Copy values from ZSG_MM_PO.PRO related roles
ZSG_MM_PO.NT.PRO_813,M_ANFR_BSA,Document Type in RFQ,BSART,,,Copy values from ZSG_MM_PO.PRO related roles
ZSG_MM_PO.NT.PRO_813,M_ANGB_BSA,Document Type in Quotation,BSART,,,Copy values from ZSG_MM_PO.PRO related roles
ZSG_MM_PO.NT.PRO_813,M_BANF_BSA,Document Type in Purchase Requisition,BSART,,,Copy values from ZSG_MM_PO.PRO related roles
ZSG_MM_PO.NT.PRO_813,M_BANF_FRG,Release Code in Purchase Requisition,FRGCD,,,Copy values from ZSG_MM_PO.PRO related roles
ZSG_MM_PO.NT.PRO_813,M_LPET_BSA,Document Type in Scheduling Agreement Delivery Schedule,BSART,,,Copy values from ZSG_MM_PO.PRO related roles
ZSG_MM_PO.NT.PRO_813,M_MATE_MAR,Material Master: Material Types,BEGRU,,,Copy values from ZSG_MM_PO.PRO related roles
ZSG_MM_PO.NT.PRO_813,M_MATE_MAT,Material Master: Materials,BEGRU,,,Copy values from ZSG_MM_PO.PRO related roles
ZSG_MM_PO.NT.PRO_813,M_MATE_WGR,Material Master: Material Groups,BEGRU,,,Copy values from ZSG_MM_PO.PRO related roles
ZSG_MM_PO.NT.PRO_813,M_QTN_BSA,Document Type in Quotation,BSART,,,Copy values from ZSG_MM_PO.PRO related roles
ZSG_MM_PO.NT.PRO_813,M_RAHM_BSA,Document Type in Outline Agreement,BSART,,,Copy values from ZSG_MM_PO.PRO related roles
ZSG_MM_PO.NT.PRO_813,M_RAHM_LGO,Plant/Storage Location in Outline Agreement,ACTVT,,,Copy values from ZSG_MM_PO.PRO related roles
ZSG_MM_PO.NT.PRO_813,M_RAHM_LGO,Plant/Storage Location in Outline Agreement,LGORT,,,Copy values from ZSG_MM_PO.PRO related roles
ZSG_MM_PO.NT.PRO_813,M_RFQ_BSA,Document Type in RFQ,BSART,,,Copy values from ZSG_MM_PO.PRO related roles
ZSG_MM_PO.NT.PRO_813,M_TEMPLATE,Create/Change/Delete Public Templates,J_BO_TYPE,,,Copy values from ZSG_MM_PO.PRO related roles
ZSG_MM_PO.NT.PRO_813,S_APPL_LOG,Applications log,ALG_OBJECT,,,Copy values from ZSG_MM_PO.PRO related roles
ZSG_MM_PO.NT.PRO_813,S_APPL_LOG,Applications log,ALG_SUBOBJ,,,Copy values from ZSG_MM_PO.PRO related roles
ZSG_MM_PO.NT.PRO_813,S_PROGNAM,Generic Programm Start,P_PROGNAM,,,Copy values from ZSG_MM_PO.PRO related roles
ZSG_MM_PO.NT.PRO_813,V_KOND_VEA,Maintain Condition: Auth. for Use/Appl./Cond.Type/Table,KAPPL,,,Copy values from ZSG_MM_PO.PRO related roles
ZSG_MM_PO.NT.PRO_813,V_KOND_VEA,Maintain Condition: Auth. for Use/Appl./Cond.Type/Table,KOTABNR,,,Copy values from ZSG_MM_PO.PRO related roles
ZSG_MM_PO.NT.PRO_813,V_KOND_VEA,Maintain Condition: Auth. for Use/Appl./Cond.Type/Table,KOTABNR,,,Copy values from ZSG_MM_PO.PRO related roles
ZSG_MM_PO.NT.PRO_813,V_KOND_VEA,Maintain Condition: Auth. for Use/Appl./Cond.Type/Table,KOTABNR,,,Copy values from ZSG_MM_PO.PRO related roles
ZSG_MM_PO.NT.PRO_813,V_KOND_VEA,Maintain Condition: Auth. for Use/Appl./Cond.Type/Table,KSCHL,,,Copy values from ZSG_MM_PO.PRO related roles
ZSG_MM_PO.NT.PRO_813,V_KOND_VEA,Maintain Condition: Auth. for Use/Appl./Cond.Type/Table,KSCHL,,,Copy values from ZSG_MM_PO.PRO related roles
ZSG_MM_PO.NT.PRO_813,V_KOND_VEA,Maintain Condition: Auth. for Use/Appl./Cond.Type/Table,KSCHL,,,Copy values from ZSG_MM_PO.PRO related roles
ZSG_MM_PO.NT.PRO_813,V_KOND_VEA,Maintain Condition: Auth. for Use/Appl./Cond.Type/Table,KVEWE,,,Copy values from ZSG_MM_PO.PRO related roles
ZSG_MM_PO.NT.PRO_813,V_KOND_VEA,Maintain Condition: Auth. for Use/Appl./Cond.Type/Table,KVEWE,,,Copy values from ZSG_MM_PO.PRO related roles
ZSG_MM_PO.NT.PRO_813,V_KONH_VKS,Condition: Authorization for Condition Types,KSCHL,,,Copy values from ZSG_MM_PO.PRO related roles
ZSG_MM_PO.NT.PRO_815,A_S_ANLKL,Asset Master Data Maint: Company Code/Asset Class,ANLKL,,,Copy values from ZSG_MM_PO.PRO related roles
ZSG_MM_PO.NT.PRO_815,A_S_MD,New Asset Master Data Maintenance,ANLKL,,,Copy values from ZSG_MM_PO.PRO related roles
ZSG_MM_PO.NT.PRO_815,A_S_MD,New Asset Master Data Maintenance,ASSET_TYPE,,,Copy values from ZSG_MM_PO.PRO related roles
ZSG_MM_PO.NT.PRO_815,B_BUPA_GRP,Business Partner: Authorization Groups,BEGRU,,,Copy values from ZSG_MM_PO.PRO related roles
ZSG_MM_PO.NT.PRO_815,B_BUPA_RLT,Business Partner: BP Roles,RLTYP,,,Copy values from ZSG_MM_PO.PRO related roles
ZSG_MM_PO.NT.PRO_815,C_AFVG_TYP,PS: Activity types for network act. and activity elements,PS_VGTYP,,,Copy values from ZSG_MM_PO.PRO related roles
ZSG_MM_PO.NT.PRO_815,C_PRPS_ART,PS: Project type authorization for WBS elements,PS_PRART,,,Copy values from ZSG_MM_PO.PRO related roles
ZSG_MM_PO.NT.PRO_815,C_PRPS_KST,PS: Cost Center Authorization for WBS elements,PS_FKOKR,,,Copy values from ZSG_MM_PO.PRO related roles
ZSG_MM_PO.NT.PRO_815,C_PRPS_KST,PS: Cost Center Authorization for WBS elements,PS_FKSTL,,,Copy values from ZSG_MM_PO.PRO related roles
ZSG_MM_PO.NT.PRO_815,C_PRPS_VNR,PS: Project Manager Authorization for WBS elements,PS_VERNR,,,Copy values from ZSG_MM_PO.PRO related roles
ZSG_MM_PO.NT.PRO_815,F_KNA1_BED,Customer: Account Authorization,BRGRU,,,Copy values from ZSG_MM_PO.PRO related roles
ZSG_MM_PO.NT.PRO_815,F_KNA1_GRP,Customer: Account Group Authorization,KTOKD,,,Copy values from ZSG_MM_PO.PRO related roles
ZSG_MM_PO.NT.PRO_815,F_LFA1_BEK,Vendor: Account Authorization,BRGRU,,,Copy values from ZSG_MM_PO.PRO related roles
ZSG_MM_PO.NT.PRO_815,F_LFA1_GRP,Vendor: Account Group Authorization,KTOKK,,,Copy values from ZSG_MM_PO.PRO related roles
ZSG_MM_PO.NT.PRO_815,K_CSKS,CO-CCA: Cost Center Master,KOSTL,,,Copy values from ZSG_MM_PO.PRO related roles
ZSG_MM_PO.NT.PRO_815,M_ANFR_BSA,Document Type in RFQ,BSART,,,Copy values from ZSG_MM_PO.PRO related roles
ZSG_MM_PO.NT.PRO_815,M_ANGB_BSA,Document Type in Quotation,BSART,,,Copy values from ZSG_MM_PO.PRO related roles
ZSG_MM_PO.NT.PRO_815,M_BANF_BSA,Document Type in Purchase Requisition,BSART,,,Copy values from ZSG_MM_PO.PRO related roles
ZSG_MM_PO.NT.PRO_815,M_BANF_FRG,Release Code in Purchase Requisition,FRGCD,,,Copy values from ZSG_MM_PO.PRO related roles
ZSG_MM_PO.NT.PRO_815,M_LPET_BSA,Document Type in Scheduling Agreement Delivery Schedule,BSART,,,Copy values from ZSG_MM_PO.PRO related roles
ZSG_MM_PO.NT.PRO_815,M_MATE_MAR,Material Master: Material Types,BEGRU,,,Copy values from ZSG_MM_PO.PRO related roles
ZSG_MM_PO.NT.PRO_815,M_MATE_MAT,Material Master: Materials,BEGRU,,,Copy values from ZSG_MM_PO.PRO related roles
ZSG_MM_PO.NT.PRO_815,M_MATE_WGR,Material Master: Material Groups,BEGRU,,,Copy values from ZSG_MM_PO.PRO related roles
ZSG_MM_PO.NT.PRO_815,M_QTN_BSA,Document Type in Quotation,BSART,,,Copy values from ZSG_MM_PO.PRO related roles
ZSG_MM_PO.NT.PRO_815,M_RAHM_BSA,Document Type in Outline Agreement,BSART,,,Copy values from ZSG_MM_PO.PRO related roles
ZSG_MM_PO.NT.PRO_815,M_RAHM_LGO,Plant/Storage Location in Outline Agreement,ACTVT,,,Copy values from ZSG_MM_PO.PRO related roles
ZSG_MM_PO.NT.PRO_815,M_RAHM_LGO,Plant/Storage Location in Outline Agreement,LGORT,,,Copy values from ZSG_MM_PO.PRO related roles
ZSG_MM_PO.NT.PRO_815,M_RFQ_BSA,Document Type in RFQ,BSART,,,Copy values from ZSG_MM_PO.PRO related roles
ZSG_MM_PO.NT.PRO_815,M_TEMPLATE,Create/Change/Delete Public Templates,J_BO_TYPE,,,Copy values from ZSG_MM_PO.PRO related roles
ZSG_MM_PO.NT.PRO_815,S_APPL_LOG,Applications log,ALG_OBJECT,,,Copy values from ZSG_MM_PO.PRO related roles
ZSG_MM_PO.NT.PRO_815,S_APPL_LOG,Applications log,ALG_SUBOBJ,,,Copy values from ZSG_MM_PO.PRO related roles
ZSG_MM_PO.NT.PRO_815,S_PROGNAM,Generic Programm Start,P_PROGNAM,,,Copy values from ZSG_MM_PO.PRO related roles
ZSG_MM_PO.NT.PRO_815,V_KOND_VEA,Maintain Condition: Auth. for Use/Appl./Cond.Type/Table,KAPPL,,,Copy values from ZSG_MM_PO.PRO related roles
ZSG_MM_PO.NT.PRO_815,V_KOND_VEA,Maintain Condition: Auth. for Use/Appl./Cond.Type/Table,KOTABNR,,,Copy values from ZSG_MM_PO.PRO related roles
ZSG_MM_PO.NT.PRO_815,V_KOND_VEA,Maintain Condition: Auth. for Use/Appl./Cond.Type/Table,KOTABNR,,,Copy values from ZSG_MM_PO.PRO related roles
ZSG_MM_PO.NT.PRO_815,V_KOND_VEA,Maintain Condition: Auth. for Use/Appl./Cond.Type/Table,KOTABNR,,,Copy values from ZSG_MM_PO.PRO related roles
ZSG_MM_PO.NT.PRO_815,V_KOND_VEA,Maintain Condition: Auth. for Use/Appl./Cond.Type/Table,KSCHL,,,Copy values from ZSG_MM_PO.PRO related roles
ZSG_MM_PO.NT.PRO_815,V_KOND_VEA,Maintain Condition: Auth. for Use/Appl./Cond.Type/Table,KSCHL,,,Copy values from ZSG_MM_PO.PRO related roles
ZSG_MM_PO.NT.PRO_815,V_KOND_VEA,Maintain Condition: Auth. for Use/Appl./Cond.Type/Table,KSCHL,,,Copy values from ZSG_MM_PO.PRO related roles
ZSG_MM_PO.NT.PRO_815,V_KOND_VEA,Maintain Condition: Auth. for Use/Appl./Cond.Type/Table,KVEWE,,,Copy values from ZSG_MM_PO.PRO related roles
ZSG_MM_PO.NT.PRO_815,V_KOND_VEA,Maintain Condition: Auth. for Use/Appl./Cond.Type/Table,KVEWE,,,Copy values from ZSG_MM_PO.PRO related roles
ZSG_MM_PO.NT.PRO_815,V_KONH_VKS,Condition: Authorization for Condition Types,KSCHL,,,Copy values from ZSG_MM_PO.PRO related roles
ZSG_MM_PO.NT.PRO_816,A_S_ANLKL,Asset Master Data Maint: Company Code/Asset Class,ANLKL,,,Copy values from ZSG_MM_PO.PRO related roles
ZSG_MM_PO.NT.PRO_816,A_S_MD,New Asset Master Data Maintenance,ANLKL,,,Copy values from ZSG_MM_PO.PRO related roles
ZSG_MM_PO.NT.PRO_816,A_S_MD,New Asset Master Data Maintenance,ASSET_TYPE,,,Copy values from ZSG_MM_PO.PRO related roles
ZSG_MM_PO.NT.PRO_816,B_BUPA_GRP,Business Partner: Authorization Groups,BEGRU,,,Copy values from ZSG_MM_PO.PRO related roles
ZSG_MM_PO.NT.PRO_816,B_BUPA_RLT,Business Partner: BP Roles,RLTYP,,,Copy values from ZSG_MM_PO.PRO related roles
ZSG_MM_PO.NT.PRO_816,C_AFVG_TYP,PS: Activity types for network act. and activity elements,PS_VGTYP,,,Copy values from ZSG_MM_PO.PRO related roles
ZSG_MM_PO.NT.PRO_816,C_PRPS_ART,PS: Project type authorization for WBS elements,PS_PRART,,,Copy values from ZSG_MM_PO.PRO related roles
ZSG_MM_PO.NT.PRO_816,C_PRPS_KST,PS: Cost Center Authorization for WBS elements,PS_FKOKR,,,Copy values from ZSG_MM_PO.PRO related roles
ZSG_MM_PO.NT.PRO_816,C_PRPS_KST,PS: Cost Center Authorization for WBS elements,PS_FKSTL,,,Copy values from ZSG_MM_PO.PRO related roles
ZSG_MM_PO.NT.PRO_816,C_PRPS_VNR,PS: Project Manager Authorization for WBS elements,PS_VERNR,,,Copy values from ZSG_MM_PO.PRO related roles
ZSG_MM_PO.NT.PRO_816,F_KNA1_BED,Customer: Account Authorization,BRGRU,,,Copy values from ZSG_MM_PO.PRO related roles
ZSG_MM_PO.NT.PRO_816,F_KNA1_GRP,Customer: Account Group Authorization,KTOKD,,,Copy values from ZSG_MM_PO.PRO related roles
ZSG_MM_PO.NT.PRO_816,F_LFA1_BEK,Vendor: Account Authorization,BRGRU,,,Copy values from ZSG_MM_PO.PRO related roles
ZSG_MM_PO.NT.PRO_816,F_LFA1_GRP,Vendor: Account Group Authorization,KTOKK,,,Copy values from ZSG_MM_PO.PRO related roles
ZSG_MM_PO.NT.PRO_816,K_CSKS,CO-CCA: Cost Center Master,KOSTL,,,Copy values from ZSG_MM_PO.PRO related roles
ZSG_MM_PO.NT.PRO_816,M_ANFR_BSA,Document Type in RFQ,BSART,,,Copy values from ZSG_MM_PO.PRO related roles
ZSG_MM_PO.NT.PRO_816,M_ANGB_BSA,Document Type in Quotation,BSART,,,Copy values from ZSG_MM_PO.PRO related roles
ZSG_MM_PO.NT.PRO_816,M_BANF_BSA,Document Type in Purchase Requisition,BSART,,,Copy values from ZSG_MM_PO.PRO related roles
ZSG_MM_PO.NT.PRO_816,M_BANF_FRG,Release Code in Purchase Requisition,FRGCD,,,Copy values from ZSG_MM_PO.PRO related roles
ZSG_MM_PO.NT.PRO_816,M_LPET_BSA,Document Type in Scheduling Agreement Delivery Schedule,BSART,,,Copy values from ZSG_MM_PO.PRO related roles
ZSG_MM_PO.NT.PRO_816,M_MATE_MAR,Material Master: Material Types,BEGRU,,,Copy values from ZSG_MM_PO.PRO related roles
ZSG_MM_PO.NT.PRO_816,M_MATE_MAT,Material Master: Materials,BEGRU,,,Copy values from ZSG_MM_PO.PRO related roles
ZSG_MM_PO.NT.PRO_816,M_MATE_WGR,Material Master: Material Groups,BEGRU,,,Copy values from ZSG_MM_PO.PRO related roles
ZSG_MM_PO.NT.PRO_816,M_QTN_BSA,Document Type in Quotation,BSART,,,Copy values from ZSG_MM_PO.PRO related roles
ZSG_MM_PO.NT.PRO_816,M_RAHM_BSA,Document Type in Outline Agreement,BSART,,,Copy values from ZSG_MM_PO.PRO related roles
ZSG_MM_PO.NT.PRO_816,M_RAHM_LGO,Plant/Storage Location in Outline Agreement,ACTVT,,,Copy values from ZSG_MM_PO.PRO related roles
ZSG_MM_PO.NT.PRO_816,M_RAHM_LGO,Plant/Storage Location in Outline Agreement,LGORT,,,Copy values from ZSG_MM_PO.PRO related roles
ZSG_MM_PO.NT.PRO_816,M_RFQ_BSA,Document Type in RFQ,BSART,,,Copy values from ZSG_MM_PO.PRO related roles
ZSG_MM_PO.NT.PRO_816,M_TEMPLATE,Create/Change/Delete Public Templates,J_BO_TYPE,,,Copy values from ZSG_MM_PO.PRO related roles
ZSG_MM_PO.NT.PRO_816,S_APPL_LOG,Applications log,ALG_OBJECT,,,Copy values from ZSG_MM_PO.PRO related roles
ZSG_MM_PO.NT.PRO_816,S_APPL_LOG,Applications log,ALG_SUBOBJ,,,Copy values from ZSG_MM_PO.PRO related roles
ZSG_MM_PO.NT.PRO_816,S_PROGNAM,Generic Programm Start,P_PROGNAM,,,Copy values from ZSG_MM_PO.PRO related roles
ZSG_MM_PO.NT.PRO_816,V_KOND_VEA,Maintain Condition: Auth. for Use/Appl./Cond.Type/Table,KAPPL,,,Copy values from ZSG_MM_PO.PRO related roles
ZSG_MM_PO.NT.PRO_816,V_KOND_VEA,Maintain Condition: Auth. for Use/Appl./Cond.Type/Table,KOTABNR,,,Copy values from ZSG_MM_PO.PRO related roles
ZSG_MM_PO.NT.PRO_816,V_KOND_VEA,Maintain Condition: Auth. for Use/Appl./Cond.Type/Table,KOTABNR,,,Copy values from ZSG_MM_PO.PRO related roles
ZSG_MM_PO.NT.PRO_816,V_KOND_VEA,Maintain Condition: Auth. for Use/Appl./Cond.Type/Table,KOTABNR,,,Copy values from ZSG_MM_PO.PRO related roles
ZSG_MM_PO.NT.PRO_816,V_KOND_VEA,Maintain Condition: Auth. for Use/Appl./Cond.Type/Table,KSCHL,,,Copy values from ZSG_MM_PO.PRO related roles
ZSG_MM_PO.NT.PRO_816,V_KOND_VEA,Maintain Condition: Auth. for Use/Appl./Cond.Type/Table,KSCHL,,,Copy values from ZSG_MM_PO.PRO related roles
ZSG_MM_PO.NT.PRO_816,V_KOND_VEA,Maintain Condition: Auth. for Use/Appl./Cond.Type/Table,KSCHL,,,Copy values from ZSG_MM_PO.PRO related roles
ZSG_MM_PO.NT.PRO_816,V_KOND_VEA,Maintain Condition: Auth. for Use/Appl./Cond.Type/Table,KVEWE,,,Copy values from ZSG_MM_PO.PRO related roles
ZSG_MM_PO.NT.PRO_816,V_KOND_VEA,Maintain Condition: Auth. for Use/Appl./Cond.Type/Table,KVEWE,,,Copy values from ZSG_MM_PO.PRO related roles
ZSG_MM_PO.NT.PRO_816,V_KONH_VKS,Condition: Authorization for Condition Types,KSCHL,,,Copy values from ZSG_MM_PO.PRO related roles
ZSG_MM_PO.NT.PRO_831,A_S_ANLKL,Asset Master Data Maint: Company Code/Asset Class,ANLKL,,,Copy values from ZSG_MM_PO.PRO related roles
ZSG_MM_PO.NT.PRO_831,A_S_MD,New Asset Master Data Maintenance,ANLKL,,,Copy values from ZSG_MM_PO.PRO related roles
ZSG_MM_PO.NT.PRO_831,A_S_MD,New Asset Master Data Maintenance,ASSET_TYPE,,,Copy values from ZSG_MM_PO.PRO related roles
ZSG_MM_PO.NT.PRO_831,B_BUPA_GRP,Business Partner: Authorization Groups,BEGRU,,,Copy values from ZSG_MM_PO.PRO related roles
ZSG_MM_PO.NT.PRO_831,B_BUPA_RLT,Business Partner: BP Roles,RLTYP,,,Copy values from ZSG_MM_PO.PRO related roles
ZSG_MM_PO.NT.PRO_831,C_AFVG_TYP,PS: Activity types for network act. and activity elements,PS_VGTYP,,,Copy values from ZSG_MM_PO.PRO related roles
ZSG_MM_PO.NT.PRO_831,C_PRPS_ART,PS: Project type authorization for WBS elements,PS_PRART,,,Copy values from ZSG_MM_PO.PRO related roles
ZSG_MM_PO.NT.PRO_831,C_PRPS_KST,PS: Cost Center Authorization for WBS elements,PS_FKOKR,,,Copy values from ZSG_MM_PO.PRO related roles
ZSG_MM_PO.NT.PRO_831,C_PRPS_KST,PS: Cost Center Authorization for WBS elements,PS_FKSTL,,,Copy values from ZSG_MM_PO.PRO related roles
ZSG_MM_PO.NT.PRO_831,C_PRPS_VNR,PS: Project Manager Authorization for WBS elements,PS_VERNR,,,Copy values from ZSG_MM_PO.PRO related roles
ZSG_MM_PO.NT.PRO_831,F_KNA1_BED,Customer: Account Authorization,BRGRU,,,Copy values from ZSG_MM_PO.PRO related roles
ZSG_MM_PO.NT.PRO_831,F_KNA1_GRP,Customer: Account Group Authorization,KTOKD,,,Copy values from ZSG_MM_PO.PRO related roles
ZSG_MM_PO.NT.PRO_831,F_LFA1_BEK,Vendor: Account Authorization,BRGRU,,,Copy values from ZSG_MM_PO.PRO related roles
ZSG_MM_PO.NT.PRO_831,F_LFA1_GRP,Vendor: Account Group Authorization,KTOKK,,,Copy values from ZSG_MM_PO.PRO related roles
ZSG_MM_PO.NT.PRO_831,K_CSKS,CO-CCA: Cost Center Master,KOSTL,,,Copy values from ZSG_MM_PO.PRO related roles
ZSG_MM_PO.NT.PRO_831,M_ANFR_BSA,Document Type in RFQ,BSART,,,Copy values from ZSG_MM_PO.PRO related roles
ZSG_MM_PO.NT.PRO_831,M_ANGB_BSA,Document Type in Quotation,BSART,,,Copy values from ZSG_MM_PO.PRO related roles
ZSG_MM_PO.NT.PRO_831,M_BANF_BSA,Document Type in Purchase Requisition,BSART,,,Copy values from ZSG_MM_PO.PRO related roles
ZSG_MM_PO.NT.PRO_831,M_BANF_FRG,Release Code in Purchase Requisition,FRGCD,,,Copy values from ZSG_MM_PO.PRO related roles
ZSG_MM_PO.NT.PRO_831,M_LPET_BSA,Document Type in Scheduling Agreement Delivery Schedule,BSART,,,Copy values from ZSG_MM_PO.PRO related roles
ZSG_MM_PO.NT.PRO_831,M_MATE_MAR,Material Master: Material Types,BEGRU,,,Copy values from ZSG_MM_PO.PRO related roles
ZSG_MM_PO.NT.PRO_831,M_MATE_MAT,Material Master: Materials,BEGRU,,,Copy values from ZSG_MM_PO.PRO related roles
ZSG_MM_PO.NT.PRO_831,M_MATE_WGR,Material Master: Material Groups,BEGRU,,,Copy values from ZSG_MM_PO.PRO related roles
ZSG_MM_PO.NT.PRO_831,M_QTN_BSA,Document Type in Quotation,BSART,,,Copy values from ZSG_MM_PO.PRO related roles
ZSG_MM_PO.NT.PRO_831,M_RAHM_BSA,Document Type in Outline Agreement,BSART,,,Copy values from ZSG_MM_PO.PRO related roles
ZSG_MM_PO.NT.PRO_831,M_RAHM_LGO,Plant/Storage Location in Outline Agreement,ACTVT,,,Copy values from ZSG_MM_PO.PRO related roles
ZSG_MM_PO.NT.PRO_831,M_RAHM_LGO,Plant/Storage Location in Outline Agreement,LGORT,,,Copy values from ZSG_MM_PO.PRO related roles
ZSG_MM_PO.NT.PRO_831,M_RFQ_BSA,Document Type in RFQ,BSART,,,Copy values from ZSG_MM_PO.PRO related roles
ZSG_MM_PO.NT.PRO_831,M_TEMPLATE,Create/Change/Delete Public Templates,J_BO_TYPE,,,Copy values from ZSG_MM_PO.PRO related roles
ZSG_MM_PO.NT.PRO_831,S_APPL_LOG,Applications log,ALG_OBJECT,,,Copy values from ZSG_MM_PO.PRO related roles
ZSG_MM_PO.NT.PRO_831,S_APPL_LOG,Applications log,ALG_SUBOBJ,,,Copy values from ZSG_MM_PO.PRO related roles
ZSG_MM_PO.NT.PRO_831,S_PROGNAM,Generic Programm Start,P_PROGNAM,,,Copy values from ZSG_MM_PO.PRO related roles
ZSG_MM_PO.NT.PRO_831,V_KOND_VEA,Maintain Condition: Auth. for Use/Appl./Cond.Type/Table,KAPPL,,,Copy values from ZSG_MM_PO.PRO related roles
ZSG_MM_PO.NT.PRO_831,V_KOND_VEA,Maintain Condition: Auth. for Use/Appl./Cond.Type/Table,KOTABNR,,,Copy values from ZSG_MM_PO.PRO related roles
ZSG_MM_PO.NT.PRO_831,V_KOND_VEA,Maintain Condition: Auth. for Use/Appl./Cond.Type/Table,KOTABNR,,,Copy values from ZSG_MM_PO.PRO related roles
ZSG_MM_PO.NT.PRO_831,V_KOND_VEA,Maintain Condition: Auth. for Use/Appl./Cond.Type/Table,KOTABNR,,,Copy values from ZSG_MM_PO.PRO related roles
ZSG_MM_PO.NT.PRO_831,V_KOND_VEA,Maintain Condition: Auth. for Use/Appl./Cond.Type/Table,KSCHL,,,Copy values from ZSG_MM_PO.PRO related roles
ZSG_MM_PO.NT.PRO_831,V_KOND_VEA,Maintain Condition: Auth. for Use/Appl./Cond.Type/Table,KSCHL,,,Copy values from ZSG_MM_PO.PRO related roles
ZSG_MM_PO.NT.PRO_831,V_KOND_VEA,Maintain Condition: Auth. for Use/Appl./Cond.Type/Table,KSCHL,,,Copy values from ZSG_MM_PO.PRO related roles
ZSG_MM_PO.NT.PRO_831,V_KOND_VEA,Maintain Condition: Auth. for Use/Appl./Cond.Type/Table,KVEWE,,,Copy values from ZSG_MM_PO.PRO related roles
ZSG_MM_PO.NT.PRO_831,V_KOND_VEA,Maintain Condition: Auth. for Use/Appl./Cond.Type/Table,KVEWE,,,Copy values from ZSG_MM_PO.PRO related roles
ZSG_MM_PO.NT.PRO_831,V_KONH_VKS,Condition: Authorization for Condition Types,KSCHL,,,Copy values from ZSG_MM_PO.PRO related roles
ZSG_MM_PO.NT.PRO_832,A_S_ANLKL,Asset Master Data Maint: Company Code/Asset Class,ANLKL,,,Copy values from ZSG_MM_PO.PRO related roles
ZSG_MM_PO.NT.PRO_832,A_S_MD,New Asset Master Data Maintenance,ANLKL,,,Copy values from ZSG_MM_PO.PRO related roles
ZSG_MM_PO.NT.PRO_832,A_S_MD,New Asset Master Data Maintenance,ASSET_TYPE,,,Copy values from ZSG_MM_PO.PRO related roles
ZSG_MM_PO.NT.PRO_832,B_BUPA_GRP,Business Partner: Authorization Groups,BEGRU,,,Copy values from ZSG_MM_PO.PRO related roles
ZSG_MM_PO.NT.PRO_832,B_BUPA_RLT,Business Partner: BP Roles,RLTYP,,,Copy values from ZSG_MM_PO.PRO related roles
ZSG_MM_PO.NT.PRO_832,C_AFVG_TYP,PS: Activity types for network act. and activity elements,PS_VGTYP,,,Copy values from ZSG_MM_PO.PRO related roles
ZSG_MM_PO.NT.PRO_832,C_PRPS_ART,PS: Project type authorization for WBS elements,PS_PRART,,,Copy values from ZSG_MM_PO.PRO related roles
ZSG_MM_PO.NT.PRO_832,C_PRPS_KST,PS: Cost Center Authorization for WBS elements,PS_FKOKR,,,Copy values from ZSG_MM_PO.PRO related roles
ZSG_MM_PO.NT.PRO_832,C_PRPS_KST,PS: Cost Center Authorization for WBS elements,PS_FKSTL,,,Copy values from ZSG_MM_PO.PRO related roles
ZSG_MM_PO.NT.PRO_832,C_PRPS_VNR,PS: Project Manager Authorization for WBS elements,PS_VERNR,,,Copy values from ZSG_MM_PO.PRO related roles
ZSG_MM_PO.NT.PRO_832,F_KNA1_BED,Customer: Account Authorization,BRGRU,,,Copy values from ZSG_MM_PO.PRO related roles
ZSG_MM_PO.NT.PRO_832,F_KNA1_GRP,Customer: Account Group Authorization,KTOKD,,,Copy values from ZSG_MM_PO.PRO related roles
ZSG_MM_PO.NT.PRO_832,F_LFA1_BEK,Vendor: Account Authorization,BRGRU,,,Copy values from ZSG_MM_PO.PRO related roles
ZSG_MM_PO.NT.PRO_832,F_LFA1_GRP,Vendor: Account Group Authorization,KTOKK,,,Copy values from ZSG_MM_PO.PRO related roles
ZSG_MM_PO.NT.PRO_832,K_CSKS,CO-CCA: Cost Center Master,KOSTL,,,Copy values from ZSG_MM_PO.PRO related roles
ZSG_MM_PO.NT.PRO_832,M_ANFR_BSA,Document Type in RFQ,BSART,,,Copy values from ZSG_MM_PO.PRO related roles
ZSG_MM_PO.NT.PRO_832,M_ANGB_BSA,Document Type in Quotation,BSART,,,Copy values from ZSG_MM_PO.PRO related roles
ZSG_MM_PO.NT.PRO_832,M_BANF_BSA,Document Type in Purchase Requisition,BSART,,,Copy values from ZSG_MM_PO.PRO related roles
ZSG_MM_PO.NT.PRO_832,M_BANF_FRG,Release Code in Purchase Requisition,FRGCD,,,Copy values from ZSG_MM_PO.PRO related roles
ZSG_MM_PO.NT.PRO_832,M_LPET_BSA,Document Type in Scheduling Agreement Delivery Schedule,BSART,,,Copy values from ZSG_MM_PO.PRO related roles
ZSG_MM_PO.NT.PRO_832,M_MATE_MAR,Material Master: Material Types,BEGRU,,,Copy values from ZSG_MM_PO.PRO related roles
ZSG_MM_PO.NT.PRO_832,M_MATE_MAT,Material Master: Materials,BEGRU,,,Copy values from ZSG_MM_PO.PRO related roles
ZSG_MM_PO.NT.PRO_832,M_MATE_WGR,Material Master: Material Groups,BEGRU,,,Copy values from ZSG_MM_PO.PRO related roles
ZSG_MM_PO.NT.PRO_832,M_QTN_BSA,Document Type in Quotation,BSART,,,Copy values from ZSG_MM_PO.PRO related roles
ZSG_MM_PO.NT.PRO_832,M_RAHM_BSA,Document Type in Outline Agreement,BSART,,,Copy values from ZSG_MM_PO.PRO related roles
ZSG_MM_PO.NT.PRO_832,M_RAHM_LGO,Plant/Storage Location in Outline Agreement,ACTVT,,,Copy values from ZSG_MM_PO.PRO related roles
ZSG_MM_PO.NT.PRO_832,M_RAHM_LGO,Plant/Storage Location in Outline Agreement,LGORT,,,Copy values from ZSG_MM_PO.PRO related roles
ZSG_MM_PO.NT.PRO_832,M_RFQ_BSA,Document Type in RFQ,BSART,,,Copy values from ZSG_MM_PO.PRO related roles
ZSG_MM_PO.NT.PRO_832,M_TEMPLATE,Create/Change/Delete Public Templates,J_BO_TYPE,,,Copy values from ZSG_MM_PO.PRO related roles
ZSG_MM_PO.NT.PRO_832,S_APPL_LOG,Applications log,ALG_OBJECT,,,Copy values from ZSG_MM_PO.PRO related roles
ZSG_MM_PO.NT.PRO_832,S_APPL_LOG,Applications log,ALG_SUBOBJ,,,Copy values from ZSG_MM_PO.PRO related roles
ZSG_MM_PO.NT.PRO_832,S_PROGNAM,Generic Programm Start,P_PROGNAM,,,Copy values from ZSG_MM_PO.PRO related roles
ZSG_MM_PO.NT.PRO_832,V_KOND_VEA,Maintain Condition: Auth. for Use/Appl./Cond.Type/Table,KAPPL,,,Copy values from ZSG_MM_PO.PRO related roles
ZSG_MM_PO.NT.PRO_832,V_KOND_VEA,Maintain Condition: Auth. for Use/Appl./Cond.Type/Table,KOTABNR,,,Copy values from ZSG_MM_PO.PRO related roles
ZSG_MM_PO.NT.PRO_832,V_KOND_VEA,Maintain Condition: Auth. for Use/Appl./Cond.Type/Table,KOTABNR,,,Copy values from ZSG_MM_PO.PRO related roles
ZSG_MM_PO.NT.PRO_832,V_KOND_VEA,Maintain Condition: Auth. for Use/Appl./Cond.Type/Table,KOTABNR,,,Copy values from ZSG_MM_PO.PRO related roles
ZSG_MM_PO.NT.PRO_832,V_KOND_VEA,Maintain Condition: Auth. for Use/Appl./Cond.Type/Table,KSCHL,,,Copy values from ZSG_MM_PO.PRO related roles
ZSG_MM_PO.NT.PRO_832,V_KOND_VEA,Maintain Condition: Auth. for Use/Appl./Cond.Type/Table,KSCHL,,,Copy values from ZSG_MM_PO.PRO related roles
ZSG_MM_PO.NT.PRO_832,V_KOND_VEA,Maintain Condition: Auth. for Use/Appl./Cond.Type/Table,KSCHL,,,Copy values from ZSG_MM_PO.PRO related roles
ZSG_MM_PO.NT.PRO_832,V_KOND_VEA,Maintain Condition: Auth. for Use/Appl./Cond.Type/Table,KVEWE,,,Copy values from ZSG_MM_PO.PRO related roles
ZSG_MM_PO.NT.PRO_832,V_KOND_VEA,Maintain Condition: Auth. for Use/Appl./Cond.Type/Table,KVEWE,,,Copy values from ZSG_MM_PO.PRO related roles
ZSG_MM_PO.NT.PRO_832,V_KONH_VKS,Condition: Authorization for Condition Types,KSCHL,,,Copy values from ZSG_MM_PO.PRO related roles
ZSG_MM_PO.NT.PRO_833,A_S_ANLKL,Asset Master Data Maint: Company Code/Asset Class,ANLKL,,,Copy values from ZSG_MM_PO.PRO related roles
ZSG_MM_PO.NT.PRO_833,A_S_MD,New Asset Master Data Maintenance,ANLKL,,,Copy values from ZSG_MM_PO.PRO related roles
ZSG_MM_PO.NT.PRO_833,A_S_MD,New Asset Master Data Maintenance,ASSET_TYPE,,,Copy values from ZSG_MM_PO.PRO related roles
ZSG_MM_PO.NT.PRO_833,B_BUPA_GRP,Business Partner: Authorization Groups,BEGRU,,,Copy values from ZSG_MM_PO.PRO related roles
ZSG_MM_PO.NT.PRO_833,B_BUPA_RLT,Business Partner: BP Roles,RLTYP,,,Copy values from ZSG_MM_PO.PRO related roles
ZSG_MM_PO.NT.PRO_833,C_AFVG_TYP,PS: Activity types for network act. and activity elements,PS_VGTYP,,,Copy values from ZSG_MM_PO.PRO related roles
ZSG_MM_PO.NT.PRO_833,C_PRPS_ART,PS: Project type authorization for WBS elements,PS_PRART,,,Copy values from ZSG_MM_PO.PRO related roles
ZSG_MM_PO.NT.PRO_833,C_PRPS_KST,PS: Cost Center Authorization for WBS elements,PS_FKOKR,,,Copy values from ZSG_MM_PO.PRO related roles
ZSG_MM_PO.NT.PRO_833,C_PRPS_KST,PS: Cost Center Authorization for WBS elements,PS_FKSTL,,,Copy values from ZSG_MM_PO.PRO related roles
ZSG_MM_PO.NT.PRO_833,C_PRPS_VNR,PS: Project Manager Authorization for WBS elements,PS_VERNR,,,Copy values from ZSG_MM_PO.PRO related roles
ZSG_MM_PO.NT.PRO_833,F_KNA1_BED,Customer: Account Authorization,BRGRU,,,Copy values from ZSG_MM_PO.PRO related roles
ZSG_MM_PO.NT.PRO_833,F_KNA1_GRP,Customer: Account Group Authorization,KTOKD,,,Copy values from ZSG_MM_PO.PRO related roles
ZSG_MM_PO.NT.PRO_833,F_LFA1_BEK,Vendor: Account Authorization,BRGRU,,,Copy values from ZSG_MM_PO.PRO related roles
ZSG_MM_PO.NT.PRO_833,F_LFA1_GRP,Vendor: Account Group Authorization,KTOKK,,,Copy values from ZSG_MM_PO.PRO related roles
ZSG_MM_PO.NT.PRO_833,K_CSKS,CO-CCA: Cost Center Master,KOSTL,,,Copy values from ZSG_MM_PO.PRO related roles
ZSG_MM_PO.NT.PRO_833,M_ANFR_BSA,Document Type in RFQ,BSART,,,Copy values from ZSG_MM_PO.PRO related roles
ZSG_MM_PO.NT.PRO_833,M_ANGB_BSA,Document Type in Quotation,BSART,,,Copy values from ZSG_MM_PO.PRO related roles
ZSG_MM_PO.NT.PRO_833,M_BANF_BSA,Document Type in Purchase Requisition,BSART,,,Copy values from ZSG_MM_PO.PRO related roles
ZSG_MM_PO.NT.PRO_833,M_BANF_FRG,Release Code in Purchase Requisition,FRGCD,,,Copy values from ZSG_MM_PO.PRO related roles
ZSG_MM_PO.NT.PRO_833,M_LPET_BSA,Document Type in Scheduling Agreement Delivery Schedule,BSART,,,Copy values from ZSG_MM_PO.PRO related roles
ZSG_MM_PO.NT.PRO_833,M_MATE_MAR,Material Master: Material Types,BEGRU,,,Copy values from ZSG_MM_PO.PRO related roles
ZSG_MM_PO.NT.PRO_833,M_MATE_MAT,Material Master: Materials,BEGRU,,,Copy values from ZSG_MM_PO.PRO related roles
ZSG_MM_PO.NT.PRO_833,M_MATE_WGR,Material Master: Material Groups,BEGRU,,,Copy values from ZSG_MM_PO.PRO related roles
ZSG_MM_PO.NT.PRO_833,M_QTN_BSA,Document Type in Quotation,BSART,,,Copy values from ZSG_MM_PO.PRO related roles
ZSG_MM_PO.NT.PRO_833,M_RAHM_BSA,Document Type in Outline Agreement,BSART,,,Copy values from ZSG_MM_PO.PRO related roles
ZSG_MM_PO.NT.PRO_833,M_RAHM_LGO,Plant/Storage Location in Outline Agreement,ACTVT,,,Copy values from ZSG_MM_PO.PRO related roles
ZSG_MM_PO.NT.PRO_833,M_RAHM_LGO,Plant/Storage Location in Outline Agreement,LGORT,,,Copy values from ZSG_MM_PO.PRO related roles
ZSG_MM_PO.NT.PRO_833,M_RFQ_BSA,Document Type in RFQ,BSART,,,Copy values from ZSG_MM_PO.PRO related roles
ZSG_MM_PO.NT.PRO_833,M_TEMPLATE,Create/Change/Delete Public Templates,J_BO_TYPE,,,Copy values from ZSG_MM_PO.PRO related roles
ZSG_MM_PO.NT.PRO_833,S_APPL_LOG,Applications log,ALG_OBJECT,,,Copy values from ZSG_MM_PO.PRO related roles
ZSG_MM_PO.NT.PRO_833,S_APPL_LOG,Applications log,ALG_SUBOBJ,,,Copy values from ZSG_MM_PO.PRO related roles
ZSG_MM_PO.NT.PRO_833,S_PROGNAM,Generic Programm Start,P_PROGNAM,,,Copy values from ZSG_MM_PO.PRO related roles
ZSG_MM_PO.NT.PRO_833,V_KOND_VEA,Maintain Condition: Auth. for Use/Appl./Cond.Type/Table,KAPPL,,,Copy values from ZSG_MM_PO.PRO related roles
ZSG_MM_PO.NT.PRO_833,V_KOND_VEA,Maintain Condition: Auth. for Use/Appl./Cond.Type/Table,KOTABNR,,,Copy values from ZSG_MM_PO.PRO related roles
ZSG_MM_PO.NT.PRO_833,V_KOND_VEA,Maintain Condition: Auth. for Use/Appl./Cond.Type/Table,KOTABNR,,,Copy values from ZSG_MM_PO.PRO related roles
ZSG_MM_PO.NT.PRO_833,V_KOND_VEA,Maintain Condition: Auth. for Use/Appl./Cond.Type/Table,KOTABNR,,,Copy values from ZSG_MM_PO.PRO related roles
ZSG_MM_PO.NT.PRO_833,V_KOND_VEA,Maintain Condition: Auth. for Use/Appl./Cond.Type/Table,KSCHL,,,Copy values from ZSG_MM_PO.PRO related roles
ZSG_MM_PO.NT.PRO_833,V_KOND_VEA,Maintain Condition: Auth. for Use/Appl./Cond.Type/Table,KSCHL,,,Copy values from ZSG_MM_PO.PRO related roles
ZSG_MM_PO.NT.PRO_833,V_KOND_VEA,Maintain Condition: Auth. for Use/Appl./Cond.Type/Table,KSCHL,,,Copy values from ZSG_MM_PO.PRO related roles
ZSG_MM_PO.NT.PRO_833,V_KOND_VEA,Maintain Condition: Auth. for Use/Appl./Cond.Type/Table,KVEWE,,,Copy values from ZSG_MM_PO.PRO related roles
ZSG_MM_PO.NT.PRO_833,V_KOND_VEA,Maintain Condition: Auth. for Use/Appl./Cond.Type/Table,KVEWE,,,Copy values from ZSG_MM_PO.PRO related roles
ZSG_MM_PO.NT.PRO_833,V_KONH_VKS,Condition: Authorization for Condition Types,KSCHL,,,Copy values from ZSG_MM_PO.PRO related roles
ZSG_MM_PO.NT.PRO_835,A_S_ANLKL,Asset Master Data Maint: Company Code/Asset Class,ANLKL,,,Copy values from ZSG_MM_PO.PRO related roles
ZSG_MM_PO.NT.PRO_835,A_S_MD,New Asset Master Data Maintenance,ANLKL,,,Copy values from ZSG_MM_PO.PRO related roles
ZSG_MM_PO.NT.PRO_835,A_S_MD,New Asset Master Data Maintenance,ASSET_TYPE,,,Copy values from ZSG_MM_PO.PRO related roles
ZSG_MM_PO.NT.PRO_835,B_BUPA_GRP,Business Partner: Authorization Groups,BEGRU,,,Copy values from ZSG_MM_PO.PRO related roles
ZSG_MM_PO.NT.PRO_835,B_BUPA_RLT,Business Partner: BP Roles,RLTYP,,,Copy values from ZSG_MM_PO.PRO related roles
ZSG_MM_PO.NT.PRO_835,C_AFVG_TYP,PS: Activity types for network act. and activity elements,PS_VGTYP,,,Copy values from ZSG_MM_PO.PRO related roles
ZSG_MM_PO.NT.PRO_835,C_PRPS_ART,PS: Project type authorization for WBS elements,PS_PRART,,,Copy values from ZSG_MM_PO.PRO related roles
ZSG_MM_PO.NT.PRO_835,C_PRPS_KST,PS: Cost Center Authorization for WBS elements,PS_FKOKR,,,Copy values from ZSG_MM_PO.PRO related roles
ZSG_MM_PO.NT.PRO_835,C_PRPS_KST,PS: Cost Center Authorization for WBS elements,PS_FKSTL,,,Copy values from ZSG_MM_PO.PRO related roles
ZSG_MM_PO.NT.PRO_835,C_PRPS_VNR,PS: Project Manager Authorization for WBS elements,PS_VERNR,,,Copy values from ZSG_MM_PO.PRO related roles
ZSG_MM_PO.NT.PRO_835,F_KNA1_BED,Customer: Account Authorization,BRGRU,,,Copy values from ZSG_MM_PO.PRO related roles
ZSG_MM_PO.NT.PRO_835,F_KNA1_GRP,Customer: Account Group Authorization,KTOKD,,,Copy values from ZSG_MM_PO.PRO related roles
ZSG_MM_PO.NT.PRO_835,F_LFA1_BEK,Vendor: Account Authorization,BRGRU,,,Copy values from ZSG_MM_PO.PRO related roles
ZSG_MM_PO.NT.PRO_835,F_LFA1_GRP,Vendor: Account Group Authorization,KTOKK,,,Copy values from ZSG_MM_PO.PRO related roles
ZSG_MM_PO.NT.PRO_835,K_CSKS,CO-CCA: Cost Center Master,KOSTL,,,Copy values from ZSG_MM_PO.PRO related roles
ZSG_MM_PO.NT.PRO_835,M_ANFR_BSA,Document Type in RFQ,BSART,,,Copy values from ZSG_MM_PO.PRO related roles
ZSG_MM_PO.NT.PRO_835,M_ANGB_BSA,Document Type in Quotation,BSART,,,Copy values from ZSG_MM_PO.PRO related roles
ZSG_MM_PO.NT.PRO_835,M_BANF_BSA,Document Type in Purchase Requisition,BSART,,,Copy values from ZSG_MM_PO.PRO related roles
ZSG_MM_PO.NT.PRO_835,M_BANF_FRG,Release Code in Purchase Requisition,FRGCD,,,Copy values from ZSG_MM_PO.PRO related roles
ZSG_MM_PO.NT.PRO_835,M_LPET_BSA,Document Type in Scheduling Agreement Delivery Schedule,BSART,,,Copy values from ZSG_MM_PO.PRO related roles
ZSG_MM_PO.NT.PRO_835,M_MATE_MAR,Material Master: Material Types,BEGRU,,,Copy values from ZSG_MM_PO.PRO related roles
ZSG_MM_PO.NT.PRO_835,M_MATE_MAT,Material Master: Materials,BEGRU,,,Copy values from ZSG_MM_PO.PRO related roles
ZSG_MM_PO.NT.PRO_835,M_MATE_WGR,Material Master: Material Groups,BEGRU,,,Copy values from ZSG_MM_PO.PRO related roles
ZSG_MM_PO.NT.PRO_835,M_QTN_BSA,Document Type in Quotation,BSART,,,Copy values from ZSG_MM_PO.PRO related roles
ZSG_MM_PO.NT.PRO_835,M_RAHM_BSA,Document Type in Outline Agreement,BSART,,,Copy values from ZSG_MM_PO.PRO related roles
ZSG_MM_PO.NT.PRO_835,M_RAHM_LGO,Plant/Storage Location in Outline Agreement,ACTVT,,,Copy values from ZSG_MM_PO.PRO related roles
ZSG_MM_PO.NT.PRO_835,M_RAHM_LGO,Plant/Storage Location in Outline Agreement,LGORT,,,Copy values from ZSG_MM_PO.PRO related roles
ZSG_MM_PO.NT.PRO_835,M_RFQ_BSA,Document Type in RFQ,BSART,,,Copy values from ZSG_MM_PO.PRO related roles
ZSG_MM_PO.NT.PRO_835,M_TEMPLATE,Create/Change/Delete Public Templates,J_BO_TYPE,,,Copy values from ZSG_MM_PO.PRO related roles
ZSG_MM_PO.NT.PRO_835,S_APPL_LOG,Applications log,ALG_OBJECT,,,Copy values from ZSG_MM_PO.PRO related roles
ZSG_MM_PO.NT.PRO_835,S_APPL_LOG,Applications log,ALG_SUBOBJ,,,Copy values from ZSG_MM_PO.PRO related roles
ZSG_MM_PO.NT.PRO_835,S_PROGNAM,Generic Programm Start,P_PROGNAM,,,Copy values from ZSG_MM_PO.PRO related roles
ZSG_MM_PO.NT.PRO_835,V_KOND_VEA,Maintain Condition: Auth. for Use/Appl./Cond.Type/Table,KAPPL,,,Copy values from ZSG_MM_PO.PRO related roles
ZSG_MM_PO.NT.PRO_835,V_KOND_VEA,Maintain Condition: Auth. for Use/Appl./Cond.Type/Table,KOTABNR,,,Copy values from ZSG_MM_PO.PRO related roles
ZSG_MM_PO.NT.PRO_835,V_KOND_VEA,Maintain Condition: Auth. for Use/Appl./Cond.Type/Table,KOTABNR,,,Copy values from ZSG_MM_PO.PRO related roles
ZSG_MM_PO.NT.PRO_835,V_KOND_VEA,Maintain Condition: Auth. for Use/Appl./Cond.Type/Table,KOTABNR,,,Copy values from ZSG_MM_PO.PRO related roles
ZSG_MM_PO.NT.PRO_835,V_KOND_VEA,Maintain Condition: Auth. for Use/Appl./Cond.Type/Table,KSCHL,,,Copy values from ZSG_MM_PO.PRO related roles
ZSG_MM_PO.NT.PRO_835,V_KOND_VEA,Maintain Condition: Auth. for Use/Appl./Cond.Type/Table,KSCHL,,,Copy values from ZSG_MM_PO.PRO related roles
ZSG_MM_PO.NT.PRO_835,V_KOND_VEA,Maintain Condition: Auth. for Use/Appl./Cond.Type/Table,KSCHL,,,Copy values from ZSG_MM_PO.PRO related roles
ZSG_MM_PO.NT.PRO_835,V_KOND_VEA,Maintain Condition: Auth. for Use/Appl./Cond.Type/Table,KVEWE,,,Copy values from ZSG_MM_PO.PRO related roles
ZSG_MM_PO.NT.PRO_835,V_KOND_VEA,Maintain Condition: Auth. for Use/Appl./Cond.Type/Table,KVEWE,,,Copy values from ZSG_MM_PO.PRO related roles
ZSG_MM_PO.NT.PRO_835,V_KONH_VKS,Condition: Authorization for Condition Types,KSCHL,,,Copy values from ZSG_MM_PO.PRO related roles
ZSG_MM_PO.NT.PRO_836,A_S_ANLKL,Asset Master Data Maint: Company Code/Asset Class,ANLKL,,,Copy values from ZSG_MM_PO.PRO related roles
ZSG_MM_PO.NT.PRO_836,A_S_MD,New Asset Master Data Maintenance,ANLKL,,,Copy values from ZSG_MM_PO.PRO related roles
ZSG_MM_PO.NT.PRO_836,A_S_MD,New Asset Master Data Maintenance,ASSET_TYPE,,,Copy values from ZSG_MM_PO.PRO related roles
ZSG_MM_PO.NT.PRO_836,B_BUPA_GRP,Business Partner: Authorization Groups,BEGRU,,,Copy values from ZSG_MM_PO.PRO related roles
ZSG_MM_PO.NT.PRO_836,B_BUPA_RLT,Business Partner: BP Roles,RLTYP,,,Copy values from ZSG_MM_PO.PRO related roles
ZSG_MM_PO.NT.PRO_836,C_AFVG_TYP,PS: Activity types for network act. and activity elements,PS_VGTYP,,,Copy values from ZSG_MM_PO.PRO related roles
ZSG_MM_PO.NT.PRO_836,C_PRPS_ART,PS: Project type authorization for WBS elements,PS_PRART,,,Copy values from ZSG_MM_PO.PRO related roles
ZSG_MM_PO.NT.PRO_836,C_PRPS_KST,PS: Cost Center Authorization for WBS elements,PS_FKOKR,,,Copy values from ZSG_MM_PO.PRO related roles
ZSG_MM_PO.NT.PRO_836,C_PRPS_KST,PS: Cost Center Authorization for WBS elements,PS_FKSTL,,,Copy values from ZSG_MM_PO.PRO related roles
ZSG_MM_PO.NT.PRO_836,C_PRPS_VNR,PS: Project Manager Authorization for WBS elements,PS_VERNR,,,Copy values from ZSG_MM_PO.PRO related roles
ZSG_MM_PO.NT.PRO_836,F_KNA1_BED,Customer: Account Authorization,BRGRU,,,Copy values from ZSG_MM_PO.PRO related roles
ZSG_MM_PO.NT.PRO_836,F_KNA1_GRP,Customer: Account Group Authorization,KTOKD,,,Copy values from ZSG_MM_PO.PRO related roles
ZSG_MM_PO.NT.PRO_836,F_LFA1_BEK,Vendor: Account Authorization,BRGRU,,,Copy values from ZSG_MM_PO.PRO related roles
ZSG_MM_PO.NT.PRO_836,F_LFA1_GRP,Vendor: Account Group Authorization,KTOKK,,,Copy values from ZSG_MM_PO.PRO related roles
ZSG_MM_PO.NT.PRO_836,K_CSKS,CO-CCA: Cost Center Master,KOSTL,,,Copy values from ZSG_MM_PO.PRO related roles
ZSG_MM_PO.NT.PRO_836,M_ANFR_BSA,Document Type in RFQ,BSART,,,Copy values from ZSG_MM_PO.PRO related roles
ZSG_MM_PO.NT.PRO_836,M_ANGB_BSA,Document Type in Quotation,BSART,,,Copy values from ZSG_MM_PO.PRO related roles
ZSG_MM_PO.NT.PRO_836,M_BANF_BSA,Document Type in Purchase Requisition,BSART,,,Copy values from ZSG_MM_PO.PRO related roles
ZSG_MM_PO.NT.PRO_836,M_BANF_FRG,Release Code in Purchase Requisition,FRGCD,,,Copy values from ZSG_MM_PO.PRO related roles
ZSG_MM_PO.NT.PRO_836,M_LPET_BSA,Document Type in Scheduling Agreement Delivery Schedule,BSART,,,Copy values from ZSG_MM_PO.PRO related roles
ZSG_MM_PO.NT.PRO_836,M_MATE_MAR,Material Master: Material Types,BEGRU,,,Copy values from ZSG_MM_PO.PRO related roles
ZSG_MM_PO.NT.PRO_836,M_MATE_MAT,Material Master: Materials,BEGRU,,,Copy values from ZSG_MM_PO.PRO related roles
ZSG_MM_PO.NT.PRO_836,M_MATE_WGR,Material Master: Material Groups,BEGRU,,,Copy values from ZSG_MM_PO.PRO related roles
ZSG_MM_PO.NT.PRO_836,M_QTN_BSA,Document Type in Quotation,BSART,,,Copy values from ZSG_MM_PO.PRO related roles
ZSG_MM_PO.NT.PRO_836,M_RAHM_BSA,Document Type in Outline Agreement,BSART,,,Copy values from ZSG_MM_PO.PRO related roles
ZSG_MM_PO.NT.PRO_836,M_RAHM_LGO,Plant/Storage Location in Outline Agreement,ACTVT,,,Copy values from ZSG_MM_PO.PRO related roles
ZSG_MM_PO.NT.PRO_836,M_RAHM_LGO,Plant/Storage Location in Outline Agreement,LGORT,,,Copy values from ZSG_MM_PO.PRO related roles
ZSG_MM_PO.NT.PRO_836,M_RFQ_BSA,Document Type in RFQ,BSART,,,Copy values from ZSG_MM_PO.PRO related roles
ZSG_MM_PO.NT.PRO_836,M_TEMPLATE,Create/Change/Delete Public Templates,J_BO_TYPE,,,Copy values from ZSG_MM_PO.PRO related roles
ZSG_MM_PO.NT.PRO_836,S_APPL_LOG,Applications log,ALG_OBJECT,,,Copy values from ZSG_MM_PO.PRO related roles
ZSG_MM_PO.NT.PRO_836,S_APPL_LOG,Applications log,ALG_SUBOBJ,,,Copy values from ZSG_MM_PO.PRO related roles
ZSG_MM_PO.NT.PRO_836,S_PROGNAM,Generic Programm Start,P_PROGNAM,,,Copy values from ZSG_MM_PO.PRO related roles
ZSG_MM_PO.NT.PRO_836,V_KOND_VEA,Maintain Condition: Auth. for Use/Appl./Cond.Type/Table,KAPPL,,,Copy values from ZSG_MM_PO.PRO related roles
ZSG_MM_PO.NT.PRO_836,V_KOND_VEA,Maintain Condition: Auth. for Use/Appl./Cond.Type/Table,KOTABNR,,,Copy values from ZSG_MM_PO.PRO related roles
ZSG_MM_PO.NT.PRO_836,V_KOND_VEA,Maintain Condition: Auth. for Use/Appl./Cond.Type/Table,KOTABNR,,,Copy values from ZSG_MM_PO.PRO related roles
ZSG_MM_PO.NT.PRO_836,V_KOND_VEA,Maintain Condition: Auth. for Use/Appl./Cond.Type/Table,KOTABNR,,,Copy values from ZSG_MM_PO.PRO related roles
ZSG_MM_PO.NT.PRO_836,V_KOND_VEA,Maintain Condition: Auth. for Use/Appl./Cond.Type/Table,KSCHL,,,Copy values from ZSG_MM_PO.PRO related roles
ZSG_MM_PO.NT.PRO_836,V_KOND_VEA,Maintain Condition: Auth. for Use/Appl./Cond.Type/Table,KSCHL,,,Copy values from ZSG_MM_PO.PRO related roles
ZSG_MM_PO.NT.PRO_836,V_KOND_VEA,Maintain Condition: Auth. for Use/Appl./Cond.Type/Table,KSCHL,,,Copy values from ZSG_MM_PO.PRO related roles
ZSG_MM_PO.NT.PRO_836,V_KOND_VEA,Maintain Condition: Auth. for Use/Appl./Cond.Type/Table,KVEWE,,,Copy values from ZSG_MM_PO.PRO related roles
ZSG_MM_PO.NT.PRO_836,V_KOND_VEA,Maintain Condition: Auth. for Use/Appl./Cond.Type/Table,KVEWE,,,Copy values from ZSG_MM_PO.PRO related roles
ZSG_MM_PO.NT.PRO_836,V_KONH_VKS,Condition: Authorization for Condition Types,KSCHL,,,Copy values from ZSG_MM_PO.PRO related roles
ZSG_MM_PO.NT.PRO_837,A_S_ANLKL,Asset Master Data Maint: Company Code/Asset Class,ANLKL,,,Copy values from ZSG_MM_PO.PRO related roles
ZSG_MM_PO.NT.PRO_837,A_S_MD,New Asset Master Data Maintenance,ANLKL,,,Copy values from ZSG_MM_PO.PRO related roles
ZSG_MM_PO.NT.PRO_837,A_S_MD,New Asset Master Data Maintenance,ASSET_TYPE,,,Copy values from ZSG_MM_PO.PRO related roles
ZSG_MM_PO.NT.PRO_837,B_BUPA_GRP,Business Partner: Authorization Groups,BEGRU,,,Copy values from ZSG_MM_PO.PRO related roles
ZSG_MM_PO.NT.PRO_837,B_BUPA_RLT,Business Partner: BP Roles,RLTYP,,,Copy values from ZSG_MM_PO.PRO related roles
ZSG_MM_PO.NT.PRO_837,C_AFVG_TYP,PS: Activity types for network act. and activity elements,PS_VGTYP,,,Copy values from ZSG_MM_PO.PRO related roles
ZSG_MM_PO.NT.PRO_837,C_PRPS_ART,PS: Project type authorization for WBS elements,PS_PRART,,,Copy values from ZSG_MM_PO.PRO related roles
ZSG_MM_PO.NT.PRO_837,C_PRPS_KST,PS: Cost Center Authorization for WBS elements,PS_FKOKR,,,Copy values from ZSG_MM_PO.PRO related roles
ZSG_MM_PO.NT.PRO_837,C_PRPS_KST,PS: Cost Center Authorization for WBS elements,PS_FKSTL,,,Copy values from ZSG_MM_PO.PRO related roles
ZSG_MM_PO.NT.PRO_837,C_PRPS_VNR,PS: Project Manager Authorization for WBS elements,PS_VERNR,,,Copy values from ZSG_MM_PO.PRO related roles
ZSG_MM_PO.NT.PRO_837,F_KNA1_BED,Customer: Account Authorization,BRGRU,,,Copy values from ZSG_MM_PO.PRO related roles
ZSG_MM_PO.NT.PRO_837,F_KNA1_GRP,Customer: Account Group Authorization,KTOKD,,,Copy values from ZSG_MM_PO.PRO related roles
ZSG_MM_PO.NT.PRO_837,F_LFA1_BEK,Vendor: Account Authorization,BRGRU,,,Copy values from ZSG_MM_PO.PRO related roles
ZSG_MM_PO.NT.PRO_837,F_LFA1_GRP,Vendor: Account Group Authorization,KTOKK,,,Copy values from ZSG_MM_PO.PRO related roles
ZSG_MM_PO.NT.PRO_837,K_CSKS,CO-CCA: Cost Center Master,KOSTL,,,Copy values from ZSG_MM_PO.PRO related roles
ZSG_MM_PO.NT.PRO_837,M_ANFR_BSA,Document Type in RFQ,BSART,,,Copy values from ZSG_MM_PO.PRO related roles
ZSG_MM_PO.NT.PRO_837,M_ANGB_BSA,Document Type in Quotation,BSART,,,Copy values from ZSG_MM_PO.PRO related roles
ZSG_MM_PO.NT.PRO_837,M_BANF_BSA,Document Type in Purchase Requisition,BSART,,,Copy values from ZSG_MM_PO.PRO related roles
ZSG_MM_PO.NT.PRO_837,M_BANF_FRG,Release Code in Purchase Requisition,FRGCD,,,Copy values from ZSG_MM_PO.PRO related roles
ZSG_MM_PO.NT.PRO_837,M_LPET_BSA,Document Type in Scheduling Agreement Delivery Schedule,BSART,,,Copy values from ZSG_MM_PO.PRO related roles
ZSG_MM_PO.NT.PRO_837,M_MATE_MAR,Material Master: Material Types,BEGRU,,,Copy values from ZSG_MM_PO.PRO related roles
ZSG_MM_PO.NT.PRO_837,M_MATE_MAT,Material Master: Materials,BEGRU,,,Copy values from ZSG_MM_PO.PRO related roles
ZSG_MM_PO.NT.PRO_837,M_MATE_WGR,Material Master: Material Groups,BEGRU,,,Copy values from ZSG_MM_PO.PRO related roles
ZSG_MM_PO.NT.PRO_837,M_QTN_BSA,Document Type in Quotation,BSART,,,Copy values from ZSG_MM_PO.PRO related roles
ZSG_MM_PO.NT.PRO_837,M_RAHM_BSA,Document Type in Outline Agreement,BSART,,,Copy values from ZSG_MM_PO.PRO related roles
ZSG_MM_PO.NT.PRO_837,M_RAHM_LGO,Plant/Storage Location in Outline Agreement,ACTVT,,,Copy values from ZSG_MM_PO.PRO related roles
ZSG_MM_PO.NT.PRO_837,M_RAHM_LGO,Plant/Storage Location in Outline Agreement,LGORT,,,Copy values from ZSG_MM_PO.PRO related roles
ZSG_MM_PO.NT.PRO_837,M_RFQ_BSA,Document Type in RFQ,BSART,,,Copy values from ZSG_MM_PO.PRO related roles
ZSG_MM_PO.NT.PRO_837,M_TEMPLATE,Create/Change/Delete Public Templates,J_BO_TYPE,,,Copy values from ZSG_MM_PO.PRO related roles
ZSG_MM_PO.NT.PRO_837,S_APPL_LOG,Applications log,ALG_OBJECT,,,Copy values from ZSG_MM_PO.PRO related roles
ZSG_MM_PO.NT.PRO_837,S_APPL_LOG,Applications log,ALG_SUBOBJ,,,Copy values from ZSG_MM_PO.PRO related roles
ZSG_MM_PO.NT.PRO_837,S_PROGNAM,Generic Programm Start,P_PROGNAM,,,Copy values from ZSG_MM_PO.PRO related roles
ZSG_MM_PO.NT.PRO_837,V_KOND_VEA,Maintain Condition: Auth. for Use/Appl./Cond.Type/Table,KAPPL,,,Copy values from ZSG_MM_PO.PRO related roles
ZSG_MM_PO.NT.PRO_837,V_KOND_VEA,Maintain Condition: Auth. for Use/Appl./Cond.Type/Table,KOTABNR,,,Copy values from ZSG_MM_PO.PRO related roles
ZSG_MM_PO.NT.PRO_837,V_KOND_VEA,Maintain Condition: Auth. for Use/Appl./Cond.Type/Table,KOTABNR,,,Copy values from ZSG_MM_PO.PRO related roles
ZSG_MM_PO.NT.PRO_837,V_KOND_VEA,Maintain Condition: Auth. for Use/Appl./Cond.Type/Table,KOTABNR,,,Copy values from ZSG_MM_PO.PRO related roles
ZSG_MM_PO.NT.PRO_837,V_KOND_VEA,Maintain Condition: Auth. for Use/Appl./Cond.Type/Table,KSCHL,,,Copy values from ZSG_MM_PO.PRO related roles
ZSG_MM_PO.NT.PRO_837,V_KOND_VEA,Maintain Condition: Auth. for Use/Appl./Cond.Type/Table,KSCHL,,,Copy values from ZSG_MM_PO.PRO related roles
ZSG_MM_PO.NT.PRO_837,V_KOND_VEA,Maintain Condition: Auth. for Use/Appl./Cond.Type/Table,KSCHL,,,Copy values from ZSG_MM_PO.PRO related roles
ZSG_MM_PO.NT.PRO_837,V_KOND_VEA,Maintain Condition: Auth. for Use/Appl./Cond.Type/Table,KVEWE,,,Copy values from ZSG_MM_PO.PRO related roles
ZSG_MM_PO.NT.PRO_837,V_KOND_VEA,Maintain Condition: Auth. for Use/Appl./Cond.Type/Table,KVEWE,,,Copy values from ZSG_MM_PO.PRO related roles
ZSG_MM_PO.NT.PRO_837,V_KONH_VKS,Condition: Authorization for Condition Types,KSCHL,,,Copy values from ZSG_MM_PO.PRO related roles
ZSG_MM_PO.NT.PRO_838,A_S_ANLKL,Asset Master Data Maint: Company Code/Asset Class,ANLKL,,,Copy values from ZSG_MM_PO.PRO related roles
ZSG_MM_PO.NT.PRO_838,A_S_MD,New Asset Master Data Maintenance,ANLKL,,,Copy values from ZSG_MM_PO.PRO related roles
ZSG_MM_PO.NT.PRO_838,A_S_MD,New Asset Master Data Maintenance,ASSET_TYPE,,,Copy values from ZSG_MM_PO.PRO related roles
ZSG_MM_PO.NT.PRO_838,B_BUPA_GRP,Business Partner: Authorization Groups,BEGRU,,,Copy values from ZSG_MM_PO.PRO related roles
ZSG_MM_PO.NT.PRO_838,B_BUPA_RLT,Business Partner: BP Roles,RLTYP,,,Copy values from ZSG_MM_PO.PRO related roles
ZSG_MM_PO.NT.PRO_838,C_AFVG_TYP,PS: Activity types for network act. and activity elements,PS_VGTYP,,,Copy values from ZSG_MM_PO.PRO related roles
ZSG_MM_PO.NT.PRO_838,C_PRPS_ART,PS: Project type authorization for WBS elements,PS_PRART,,,Copy values from ZSG_MM_PO.PRO related roles
ZSG_MM_PO.NT.PRO_838,C_PRPS_KST,PS: Cost Center Authorization for WBS elements,PS_FKOKR,,,Copy values from ZSG_MM_PO.PRO related roles
ZSG_MM_PO.NT.PRO_838,C_PRPS_KST,PS: Cost Center Authorization for WBS elements,PS_FKSTL,,,Copy values from ZSG_MM_PO.PRO related roles
ZSG_MM_PO.NT.PRO_838,C_PRPS_VNR,PS: Project Manager Authorization for WBS elements,PS_VERNR,,,Copy values from ZSG_MM_PO.PRO related roles
ZSG_MM_PO.NT.PRO_838,F_KNA1_BED,Customer: Account Authorization,BRGRU,,,Copy values from ZSG_MM_PO.PRO related roles
ZSG_MM_PO.NT.PRO_838,F_KNA1_GRP,Customer: Account Group Authorization,KTOKD,,,Copy values from ZSG_MM_PO.PRO related roles
ZSG_MM_PO.NT.PRO_838,F_LFA1_BEK,Vendor: Account Authorization,BRGRU,,,Copy values from ZSG_MM_PO.PRO related roles
ZSG_MM_PO.NT.PRO_838,F_LFA1_GRP,Vendor: Account Group Authorization,KTOKK,,,Copy values from ZSG_MM_PO.PRO related roles
ZSG_MM_PO.NT.PRO_838,K_CSKS,CO-CCA: Cost Center Master,KOSTL,,,Copy values from ZSG_MM_PO.PRO related roles
ZSG_MM_PO.NT.PRO_838,M_ANFR_BSA,Document Type in RFQ,BSART,,,Copy values from ZSG_MM_PO.PRO related roles
ZSG_MM_PO.NT.PRO_838,M_ANGB_BSA,Document Type in Quotation,BSART,,,Copy values from ZSG_MM_PO.PRO related roles
ZSG_MM_PO.NT.PRO_838,M_BANF_BSA,Document Type in Purchase Requisition,BSART,,,Copy values from ZSG_MM_PO.PRO related roles
ZSG_MM_PO.NT.PRO_838,M_BANF_FRG,Release Code in Purchase Requisition,FRGCD,,,Copy values from ZSG_MM_PO.PRO related roles
ZSG_MM_PO.NT.PRO_838,M_LPET_BSA,Document Type in Scheduling Agreement Delivery Schedule,BSART,,,Copy values from ZSG_MM_PO.PRO related roles
ZSG_MM_PO.NT.PRO_838,M_MATE_MAR,Material Master: Material Types,BEGRU,,,Copy values from ZSG_MM_PO.PRO related roles
ZSG_MM_PO.NT.PRO_838,M_MATE_MAT,Material Master: Materials,BEGRU,,,Copy values from ZSG_MM_PO.PRO related roles
ZSG_MM_PO.NT.PRO_838,M_MATE_WGR,Material Master: Material Groups,BEGRU,,,Copy values from ZSG_MM_PO.PRO related roles
ZSG_MM_PO.NT.PRO_838,M_QTN_BSA,Document Type in Quotation,BSART,,,Copy values from ZSG_MM_PO.PRO related roles
ZSG_MM_PO.NT.PRO_838,M_RAHM_BSA,Document Type in Outline Agreement,BSART,,,Copy values from ZSG_MM_PO.PRO related roles
ZSG_MM_PO.NT.PRO_838,M_RAHM_LGO,Plant/Storage Location in Outline Agreement,ACTVT,,,Copy values from ZSG_MM_PO.PRO related roles
ZSG_MM_PO.NT.PRO_838,M_RAHM_LGO,Plant/Storage Location in Outline Agreement,LGORT,,,Copy values from ZSG_MM_PO.PRO related roles
ZSG_MM_PO.NT.PRO_838,M_RFQ_BSA,Document Type in RFQ,BSART,,,Copy values from ZSG_MM_PO.PRO related roles
ZSG_MM_PO.NT.PRO_838,M_TEMPLATE,Create/Change/Delete Public Templates,J_BO_TYPE,,,Copy values from ZSG_MM_PO.PRO related roles
ZSG_MM_PO.NT.PRO_838,S_APPL_LOG,Applications log,ALG_OBJECT,,,Copy values from ZSG_MM_PO.PRO related roles
ZSG_MM_PO.NT.PRO_838,S_APPL_LOG,Applications log,ALG_SUBOBJ,,,Copy values from ZSG_MM_PO.PRO related roles
ZSG_MM_PO.NT.PRO_838,S_PROGNAM,Generic Programm Start,P_PROGNAM,,,Copy values from ZSG_MM_PO.PRO related roles
ZSG_MM_PO.NT.PRO_838,V_KOND_VEA,Maintain Condition: Auth. for Use/Appl./Cond.Type/Table,KAPPL,,,Copy values from ZSG_MM_PO.PRO related roles
ZSG_MM_PO.NT.PRO_838,V_KOND_VEA,Maintain Condition: Auth. for Use/Appl./Cond.Type/Table,KOTABNR,,,Copy values from ZSG_MM_PO.PRO related roles
ZSG_MM_PO.NT.PRO_838,V_KOND_VEA,Maintain Condition: Auth. for Use/Appl./Cond.Type/Table,KOTABNR,,,Copy values from ZSG_MM_PO.PRO related roles
ZSG_MM_PO.NT.PRO_838,V_KOND_VEA,Maintain Condition: Auth. for Use/Appl./Cond.Type/Table,KOTABNR,,,Copy values from ZSG_MM_PO.PRO related roles
ZSG_MM_PO.NT.PRO_838,V_KOND_VEA,Maintain Condition: Auth. for Use/Appl./Cond.Type/Table,KSCHL,,,Copy values from ZSG_MM_PO.PRO related roles
ZSG_MM_PO.NT.PRO_838,V_KOND_VEA,Maintain Condition: Auth. for Use/Appl./Cond.Type/Table,KSCHL,,,Copy values from ZSG_MM_PO.PRO related roles
ZSG_MM_PO.NT.PRO_838,V_KOND_VEA,Maintain Condition: Auth. for Use/Appl./Cond.Type/Table,KSCHL,,,Copy values from ZSG_MM_PO.PRO related roles
ZSG_MM_PO.NT.PRO_838,V_KOND_VEA,Maintain Condition: Auth. for Use/Appl./Cond.Type/Table,KVEWE,,,Copy values from ZSG_MM_PO.PRO related roles
ZSG_MM_PO.NT.PRO_838,V_KOND_VEA,Maintain Condition: Auth. for Use/Appl./Cond.Type/Table,KVEWE,,,Copy values from ZSG_MM_PO.PRO related roles
ZSG_MM_PO.NT.PRO_838,V_KONH_VKS,Condition: Authorization for Condition Types,KSCHL,,,Copy values from ZSG_MM_PO.PRO related roles
ZSG_MM_PO.NT.PRO_839,A_S_ANLKL,Asset Master Data Maint: Company Code/Asset Class,ANLKL,,,Copy values from ZSG_MM_PO.PRO related roles
ZSG_MM_PO.NT.PRO_839,A_S_MD,New Asset Master Data Maintenance,ANLKL,,,Copy values from ZSG_MM_PO.PRO related roles
ZSG_MM_PO.NT.PRO_839,A_S_MD,New Asset Master Data Maintenance,ASSET_TYPE,,,Copy values from ZSG_MM_PO.PRO related roles
ZSG_MM_PO.NT.PRO_839,B_BUPA_GRP,Business Partner: Authorization Groups,BEGRU,,,Copy values from ZSG_MM_PO.PRO related roles
ZSG_MM_PO.NT.PRO_839,B_BUPA_RLT,Business Partner: BP Roles,RLTYP,,,Copy values from ZSG_MM_PO.PRO related roles
ZSG_MM_PO.NT.PRO_839,C_AFVG_TYP,PS: Activity types for network act. and activity elements,PS_VGTYP,,,Copy values from ZSG_MM_PO.PRO related roles
ZSG_MM_PO.NT.PRO_839,C_PRPS_ART,PS: Project type authorization for WBS elements,PS_PRART,,,Copy values from ZSG_MM_PO.PRO related roles
ZSG_MM_PO.NT.PRO_839,C_PRPS_KST,PS: Cost Center Authorization for WBS elements,PS_FKOKR,,,Copy values from ZSG_MM_PO.PRO related roles
ZSG_MM_PO.NT.PRO_839,C_PRPS_KST,PS: Cost Center Authorization for WBS elements,PS_FKSTL,,,Copy values from ZSG_MM_PO.PRO related roles
ZSG_MM_PO.NT.PRO_839,C_PRPS_VNR,PS: Project Manager Authorization for WBS elements,PS_VERNR,,,Copy values from ZSG_MM_PO.PRO related roles
ZSG_MM_PO.NT.PRO_839,F_KNA1_BED,Customer: Account Authorization,BRGRU,,,Copy values from ZSG_MM_PO.PRO related roles
ZSG_MM_PO.NT.PRO_839,F_KNA1_GRP,Customer: Account Group Authorization,KTOKD,,,Copy values from ZSG_MM_PO.PRO related roles
ZSG_MM_PO.NT.PRO_839,F_LFA1_BEK,Vendor: Account Authorization,BRGRU,,,Copy values from ZSG_MM_PO.PRO related roles
ZSG_MM_PO.NT.PRO_839,F_LFA1_GRP,Vendor: Account Group Authorization,KTOKK,,,Copy values from ZSG_MM_PO.PRO related roles
ZSG_MM_PO.NT.PRO_839,K_CSKS,CO-CCA: Cost Center Master,KOSTL,,,Copy values from ZSG_MM_PO.PRO related roles
ZSG_MM_PO.NT.PRO_839,M_ANFR_BSA,Document Type in RFQ,BSART,,,Copy values from ZSG_MM_PO.PRO related roles
ZSG_MM_PO.NT.PRO_839,M_ANGB_BSA,Document Type in Quotation,BSART,,,Copy values from ZSG_MM_PO.PRO related roles
ZSG_MM_PO.NT.PRO_839,M_BANF_BSA,Document Type in Purchase Requisition,BSART,,,Copy values from ZSG_MM_PO.PRO related roles
ZSG_MM_PO.NT.PRO_839,M_BANF_FRG,Release Code in Purchase Requisition,FRGCD,,,Copy values from ZSG_MM_PO.PRO related roles
ZSG_MM_PO.NT.PRO_839,M_LPET_BSA,Document Type in Scheduling Agreement Delivery Schedule,BSART,,,Copy values from ZSG_MM_PO.PRO related roles
ZSG_MM_PO.NT.PRO_839,M_MATE_MAR,Material Master: Material Types,BEGRU,,,Copy values from ZSG_MM_PO.PRO related roles
ZSG_MM_PO.NT.PRO_839,M_MATE_MAT,Material Master: Materials,BEGRU,,,Copy values from ZSG_MM_PO.PRO related roles
ZSG_MM_PO.NT.PRO_839,M_MATE_WGR,Material Master: Material Groups,BEGRU,,,Copy values from ZSG_MM_PO.PRO related roles
ZSG_MM_PO.NT.PRO_839,M_QTN_BSA,Document Type in Quotation,BSART,,,Copy values from ZSG_MM_PO.PRO related roles
ZSG_MM_PO.NT.PRO_839,M_RAHM_BSA,Document Type in Outline Agreement,BSART,,,Copy values from ZSG_MM_PO.PRO related roles
ZSG_MM_PO.NT.PRO_839,M_RAHM_LGO,Plant/Storage Location in Outline Agreement,ACTVT,,,Copy values from ZSG_MM_PO.PRO related roles
ZSG_MM_PO.NT.PRO_839,M_RAHM_LGO,Plant/Storage Location in Outline Agreement,LGORT,,,Copy values from ZSG_MM_PO.PRO related roles
ZSG_MM_PO.NT.PRO_839,M_RFQ_BSA,Document Type in RFQ,BSART,,,Copy values from ZSG_MM_PO.PRO related roles
ZSG_MM_PO.NT.PRO_839,M_TEMPLATE,Create/Change/Delete Public Templates,J_BO_TYPE,,,Copy values from ZSG_MM_PO.PRO related roles
ZSG_MM_PO.NT.PRO_839,S_APPL_LOG,Applications log,ALG_OBJECT,,,Copy values from ZSG_MM_PO.PRO related roles
ZSG_MM_PO.NT.PRO_839,S_APPL_LOG,Applications log,ALG_SUBOBJ,,,Copy values from ZSG_MM_PO.PRO related roles
ZSG_MM_PO.NT.PRO_839,S_PROGNAM,Generic Programm Start,P_PROGNAM,,,Copy values from ZSG_MM_PO.PRO related roles
ZSG_MM_PO.NT.PRO_839,V_KOND_VEA,Maintain Condition: Auth. for Use/Appl./Cond.Type/Table,KAPPL,,,Copy values from ZSG_MM_PO.PRO related roles
ZSG_MM_PO.NT.PRO_839,V_KOND_VEA,Maintain Condition: Auth. for Use/Appl./Cond.Type/Table,KOTABNR,,,Copy values from ZSG_MM_PO.PRO related roles
ZSG_MM_PO.NT.PRO_839,V_KOND_VEA,Maintain Condition: Auth. for Use/Appl./Cond.Type/Table,KOTABNR,,,Copy values from ZSG_MM_PO.PRO related roles
ZSG_MM_PO.NT.PRO_839,V_KOND_VEA,Maintain Condition: Auth. for Use/Appl./Cond.Type/Table,KOTABNR,,,Copy values from ZSG_MM_PO.PRO related roles
ZSG_MM_PO.NT.PRO_839,V_KOND_VEA,Maintain Condition: Auth. for Use/Appl./Cond.Type/Table,KSCHL,,,Copy values from ZSG_MM_PO.PRO related roles
ZSG_MM_PO.NT.PRO_839,V_KOND_VEA,Maintain Condition: Auth. for Use/Appl./Cond.Type/Table,KSCHL,,,Copy values from ZSG_MM_PO.PRO related roles
ZSG_MM_PO.NT.PRO_839,V_KOND_VEA,Maintain Condition: Auth. for Use/Appl./Cond.Type/Table,KSCHL,,,Copy values from ZSG_MM_PO.PRO related roles
ZSG_MM_PO.NT.PRO_839,V_KOND_VEA,Maintain Condition: Auth. for Use/Appl./Cond.Type/Table,KVEWE,,,Copy values from ZSG_MM_PO.PRO related roles
ZSG_MM_PO.NT.PRO_839,V_KOND_VEA,Maintain Condition: Auth. for Use/Appl./Cond.Type/Table,KVEWE,,,Copy values from ZSG_MM_PO.PRO related roles
ZSG_MM_PO.NT.PRO_839,V_KONH_VKS,Condition: Authorization for Condition Types,KSCHL,,,Copy values from ZSG_MM_PO.PRO related roles
ZSG_MM_PO.NT.PRO_851,A_S_ANLKL,Asset Master Data Maint: Company Code/Asset Class,ANLKL,,,Copy values from ZSG_MM_PO.PRO related roles
ZSG_MM_PO.NT.PRO_851,A_S_MD,New Asset Master Data Maintenance,ANLKL,,,Copy values from ZSG_MM_PO.PRO related roles
ZSG_MM_PO.NT.PRO_851,A_S_MD,New Asset Master Data Maintenance,ASSET_TYPE,,,Copy values from ZSG_MM_PO.PRO related roles
ZSG_MM_PO.NT.PRO_851,B_BUPA_GRP,Business Partner: Authorization Groups,BEGRU,,,Copy values from ZSG_MM_PO.PRO related roles
ZSG_MM_PO.NT.PRO_851,B_BUPA_RLT,Business Partner: BP Roles,RLTYP,,,Copy values from ZSG_MM_PO.PRO related roles
ZSG_MM_PO.NT.PRO_851,C_AFVG_TYP,PS: Activity types for network act. and activity elements,PS_VGTYP,,,Copy values from ZSG_MM_PO.PRO related roles
ZSG_MM_PO.NT.PRO_851,C_PRPS_ART,PS: Project type authorization for WBS elements,PS_PRART,,,Copy values from ZSG_MM_PO.PRO related roles
ZSG_MM_PO.NT.PRO_851,C_PRPS_KST,PS: Cost Center Authorization for WBS elements,PS_FKOKR,,,Copy values from ZSG_MM_PO.PRO related roles
ZSG_MM_PO.NT.PRO_851,C_PRPS_KST,PS: Cost Center Authorization for WBS elements,PS_FKSTL,,,Copy values from ZSG_MM_PO.PRO related roles
ZSG_MM_PO.NT.PRO_851,C_PRPS_VNR,PS: Project Manager Authorization for WBS elements,PS_VERNR,,,Copy values from ZSG_MM_PO.PRO related roles
ZSG_MM_PO.NT.PRO_851,F_KNA1_BED,Customer: Account Authorization,BRGRU,,,Copy values from ZSG_MM_PO.PRO related roles
ZSG_MM_PO.NT.PRO_851,F_KNA1_GRP,Customer: Account Group Authorization,KTOKD,,,Copy values from ZSG_MM_PO.PRO related roles
ZSG_MM_PO.NT.PRO_851,F_LFA1_BEK,Vendor: Account Authorization,BRGRU,,,Copy values from ZSG_MM_PO.PRO related roles
ZSG_MM_PO.NT.PRO_851,F_LFA1_GRP,Vendor: Account Group Authorization,KTOKK,,,Copy values from ZSG_MM_PO.PRO related roles
ZSG_MM_PO.NT.PRO_851,K_CSKS,CO-CCA: Cost Center Master,KOSTL,,,Copy values from ZSG_MM_PO.PRO related roles
ZSG_MM_PO.NT.PRO_851,M_ANFR_BSA,Document Type in RFQ,BSART,,,Copy values from ZSG_MM_PO.PRO related roles
ZSG_MM_PO.NT.PRO_851,M_ANGB_BSA,Document Type in Quotation,BSART,,,Copy values from ZSG_MM_PO.PRO related roles
ZSG_MM_PO.NT.PRO_851,M_BANF_BSA,Document Type in Purchase Requisition,BSART,,,Copy values from ZSG_MM_PO.PRO related roles
ZSG_MM_PO.NT.PRO_851,M_BANF_FRG,Release Code in Purchase Requisition,FRGCD,,,Copy values from ZSG_MM_PO.PRO related roles
ZSG_MM_PO.NT.PRO_851,M_LPET_BSA,Document Type in Scheduling Agreement Delivery Schedule,BSART,,,Copy values from ZSG_MM_PO.PRO related roles
ZSG_MM_PO.NT.PRO_851,M_MATE_MAR,Material Master: Material Types,BEGRU,,,Copy values from ZSG_MM_PO.PRO related roles
ZSG_MM_PO.NT.PRO_851,M_MATE_MAT,Material Master: Materials,BEGRU,,,Copy values from ZSG_MM_PO.PRO related roles
ZSG_MM_PO.NT.PRO_851,M_MATE_WGR,Material Master: Material Groups,BEGRU,,,Copy values from ZSG_MM_PO.PRO related roles
ZSG_MM_PO.NT.PRO_851,M_QTN_BSA,Document Type in Quotation,BSART,,,Copy values from ZSG_MM_PO.PRO related roles
ZSG_MM_PO.NT.PRO_851,M_RAHM_BSA,Document Type in Outline Agreement,BSART,,,Copy values from ZSG_MM_PO.PRO related roles
ZSG_MM_PO.NT.PRO_851,M_RAHM_LGO,Plant/Storage Location in Outline Agreement,ACTVT,,,Copy values from ZSG_MM_PO.PRO related roles
ZSG_MM_PO.NT.PRO_851,M_RAHM_LGO,Plant/Storage Location in Outline Agreement,LGORT,,,Copy values from ZSG_MM_PO.PRO related roles
ZSG_MM_PO.NT.PRO_851,M_RFQ_BSA,Document Type in RFQ,BSART,,,Copy values from ZSG_MM_PO.PRO related roles
ZSG_MM_PO.NT.PRO_851,M_TEMPLATE,Create/Change/Delete Public Templates,J_BO_TYPE,,,Copy values from ZSG_MM_PO.PRO related roles
ZSG_MM_PO.NT.PRO_851,S_APPL_LOG,Applications log,ALG_OBJECT,,,Copy values from ZSG_MM_PO.PRO related roles
ZSG_MM_PO.NT.PRO_851,S_APPL_LOG,Applications log,ALG_SUBOBJ,,,Copy values from ZSG_MM_PO.PRO related roles
ZSG_MM_PO.NT.PRO_851,S_PROGNAM,Generic Programm Start,P_PROGNAM,,,Copy values from ZSG_MM_PO.PRO related roles
ZSG_MM_PO.NT.PRO_851,V_KOND_VEA,Maintain Condition: Auth. for Use/Appl./Cond.Type/Table,KAPPL,,,Copy values from ZSG_MM_PO.PRO related roles
ZSG_MM_PO.NT.PRO_851,V_KOND_VEA,Maintain Condition: Auth. for Use/Appl./Cond.Type/Table,KOTABNR,,,Copy values from ZSG_MM_PO.PRO related roles
ZSG_MM_PO.NT.PRO_851,V_KOND_VEA,Maintain Condition: Auth. for Use/Appl./Cond.Type/Table,KOTABNR,,,Copy values from ZSG_MM_PO.PRO related roles
ZSG_MM_PO.NT.PRO_851,V_KOND_VEA,Maintain Condition: Auth. for Use/Appl./Cond.Type/Table,KOTABNR,,,Copy values from ZSG_MM_PO.PRO related roles
ZSG_MM_PO.NT.PRO_851,V_KOND_VEA,Maintain Condition: Auth. for Use/Appl./Cond.Type/Table,KSCHL,,,Copy values from ZSG_MM_PO.PRO related roles
ZSG_MM_PO.NT.PRO_851,V_KOND_VEA,Maintain Condition: Auth. for Use/Appl./Cond.Type/Table,KSCHL,,,Copy values from ZSG_MM_PO.PRO related roles
ZSG_MM_PO.NT.PRO_851,V_KOND_VEA,Maintain Condition: Auth. for Use/Appl./Cond.Type/Table,KSCHL,,,Copy values from ZSG_MM_PO.PRO related roles
ZSG_MM_PO.NT.PRO_851,V_KOND_VEA,Maintain Condition: Auth. for Use/Appl./Cond.Type/Table,KVEWE,,,Copy values from ZSG_MM_PO.PRO related roles
ZSG_MM_PO.NT.PRO_851,V_KOND_VEA,Maintain Condition: Auth. for Use/Appl./Cond.Type/Table,KVEWE,,,Copy values from ZSG_MM_PO.PRO related roles
ZSG_MM_PO.NT.PRO_851,V_KONH_VKS,Condition: Authorization for Condition Types,KSCHL,,,Copy values from ZSG_MM_PO.PRO related roles
ZSG_MM_PO.NT.PRO_861,A_S_ANLKL,Asset Master Data Maint: Company Code/Asset Class,ANLKL,,,Copy values from ZSG_MM_PO.PRO related roles
ZSG_MM_PO.NT.PRO_861,A_S_MD,New Asset Master Data Maintenance,ANLKL,,,Copy values from ZSG_MM_PO.PRO related roles
ZSG_MM_PO.NT.PRO_861,A_S_MD,New Asset Master Data Maintenance,ASSET_TYPE,,,Copy values from ZSG_MM_PO.PRO related roles
ZSG_MM_PO.NT.PRO_861,B_BUPA_GRP,Business Partner: Authorization Groups,BEGRU,,,Copy values from ZSG_MM_PO.PRO related roles
ZSG_MM_PO.NT.PRO_861,B_BUPA_RLT,Business Partner: BP Roles,RLTYP,,,Copy values from ZSG_MM_PO.PRO related roles
ZSG_MM_PO.NT.PRO_861,C_AFVG_TYP,PS: Activity types for network act. and activity elements,PS_VGTYP,,,Copy values from ZSG_MM_PO.PRO related roles
ZSG_MM_PO.NT.PRO_861,C_PRPS_ART,PS: Project type authorization for WBS elements,PS_PRART,,,Copy values from ZSG_MM_PO.PRO related roles
ZSG_MM_PO.NT.PRO_861,C_PRPS_KST,PS: Cost Center Authorization for WBS elements,PS_FKOKR,,,Copy values from ZSG_MM_PO.PRO related roles
ZSG_MM_PO.NT.PRO_861,C_PRPS_KST,PS: Cost Center Authorization for WBS elements,PS_FKSTL,,,Copy values from ZSG_MM_PO.PRO related roles
ZSG_MM_PO.NT.PRO_861,C_PRPS_VNR,PS: Project Manager Authorization for WBS elements,PS_VERNR,,,Copy values from ZSG_MM_PO.PRO related roles
ZSG_MM_PO.NT.PRO_861,F_KNA1_BED,Customer: Account Authorization,BRGRU,,,Copy values from ZSG_MM_PO.PRO related roles
ZSG_MM_PO.NT.PRO_861,F_KNA1_GRP,Customer: Account Group Authorization,KTOKD,,,Copy values from ZSG_MM_PO.PRO related roles
ZSG_MM_PO.NT.PRO_861,F_LFA1_BEK,Vendor: Account Authorization,BRGRU,,,Copy values from ZSG_MM_PO.PRO related roles
ZSG_MM_PO.NT.PRO_861,F_LFA1_GRP,Vendor: Account Group Authorization,KTOKK,,,Copy values from ZSG_MM_PO.PRO related roles
ZSG_MM_PO.NT.PRO_861,K_CSKS,CO-CCA: Cost Center Master,KOSTL,,,Copy values from ZSG_MM_PO.PRO related roles
ZSG_MM_PO.NT.PRO_861,M_ANFR_BSA,Document Type in RFQ,BSART,,,Copy values from ZSG_MM_PO.PRO related roles
ZSG_MM_PO.NT.PRO_861,M_ANGB_BSA,Document Type in Quotation,BSART,,,Copy values from ZSG_MM_PO.PRO related roles
ZSG_MM_PO.NT.PRO_861,M_BANF_BSA,Document Type in Purchase Requisition,BSART,,,Copy values from ZSG_MM_PO.PRO related roles
ZSG_MM_PO.NT.PRO_861,M_BANF_FRG,Release Code in Purchase Requisition,FRGCD,,,Copy values from ZSG_MM_PO.PRO related roles
ZSG_MM_PO.NT.PRO_861,M_LPET_BSA,Document Type in Scheduling Agreement Delivery Schedule,BSART,,,Copy values from ZSG_MM_PO.PRO related roles
ZSG_MM_PO.NT.PRO_861,M_MATE_MAR,Material Master: Material Types,BEGRU,,,Copy values from ZSG_MM_PO.PRO related roles
ZSG_MM_PO.NT.PRO_861,M_MATE_MAT,Material Master: Materials,BEGRU,,,Copy values from ZSG_MM_PO.PRO related roles
ZSG_MM_PO.NT.PRO_861,M_MATE_WGR,Material Master: Material Groups,BEGRU,,,Copy values from ZSG_MM_PO.PRO related roles
ZSG_MM_PO.NT.PRO_861,M_QTN_BSA,Document Type in Quotation,BSART,,,Copy values from ZSG_MM_PO.PRO related roles
ZSG_MM_PO.NT.PRO_861,M_RAHM_BSA,Document Type in Outline Agreement,BSART,,,Copy values from ZSG_MM_PO.PRO related roles
ZSG_MM_PO.NT.PRO_861,M_RAHM_LGO,Plant/Storage Location in Outline Agreement,ACTVT,,,Copy values from ZSG_MM_PO.PRO related roles
ZSG_MM_PO.NT.PRO_861,M_RAHM_LGO,Plant/Storage Location in Outline Agreement,LGORT,,,Copy values from ZSG_MM_PO.PRO related roles
ZSG_MM_PO.NT.PRO_861,M_RFQ_BSA,Document Type in RFQ,BSART,,,Copy values from ZSG_MM_PO.PRO related roles
ZSG_MM_PO.NT.PRO_861,M_TEMPLATE,Create/Change/Delete Public Templates,J_BO_TYPE,,,Copy values from ZSG_MM_PO.PRO related roles
ZSG_MM_PO.NT.PRO_861,S_APPL_LOG,Applications log,ALG_OBJECT,,,Copy values from ZSG_MM_PO.PRO related roles
ZSG_MM_PO.NT.PRO_861,S_APPL_LOG,Applications log,ALG_SUBOBJ,,,Copy values from ZSG_MM_PO.PRO related roles
ZSG_MM_PO.NT.PRO_861,S_PROGNAM,Generic Programm Start,P_PROGNAM,,,Copy values from ZSG_MM_PO.PRO related roles
ZSG_MM_PO.NT.PRO_861,V_KOND_VEA,Maintain Condition: Auth. for Use/Appl./Cond.Type/Table,KAPPL,,,Copy values from ZSG_MM_PO.PRO related roles
ZSG_MM_PO.NT.PRO_861,V_KOND_VEA,Maintain Condition: Auth. for Use/Appl./Cond.Type/Table,KOTABNR,,,Copy values from ZSG_MM_PO.PRO related roles
ZSG_MM_PO.NT.PRO_861,V_KOND_VEA,Maintain Condition: Auth. for Use/Appl./Cond.Type/Table,KOTABNR,,,Copy values from ZSG_MM_PO.PRO related roles
ZSG_MM_PO.NT.PRO_861,V_KOND_VEA,Maintain Condition: Auth. for Use/Appl./Cond.Type/Table,KOTABNR,,,Copy values from ZSG_MM_PO.PRO related roles
ZSG_MM_PO.NT.PRO_861,V_KOND_VEA,Maintain Condition: Auth. for Use/Appl./Cond.Type/Table,KSCHL,,,Copy values from ZSG_MM_PO.PRO related roles
ZSG_MM_PO.NT.PRO_861,V_KOND_VEA,Maintain Condition: Auth. for Use/Appl./Cond.Type/Table,KSCHL,,,Copy values from ZSG_MM_PO.PRO related roles
ZSG_MM_PO.NT.PRO_861,V_KOND_VEA,Maintain Condition: Auth. for Use/Appl./Cond.Type/Table,KSCHL,,,Copy values from ZSG_MM_PO.PRO related roles
ZSG_MM_PO.NT.PRO_861,V_KOND_VEA,Maintain Condition: Auth. for Use/Appl./Cond.Type/Table,KVEWE,,,Copy values from ZSG_MM_PO.PRO related roles
ZSG_MM_PO.NT.PRO_861,V_KOND_VEA,Maintain Condition: Auth. for Use/Appl./Cond.Type/Table,KVEWE,,,Copy values from ZSG_MM_PO.PRO related roles
ZSG_MM_PO.NT.PRO_861,V_KONH_VKS,Condition: Authorization for Condition Types,KSCHL,,,Copy values from ZSG_MM_PO.PRO related roles
ZSG_MM_PO.NT.PRO_871,A_S_ANLKL,Asset Master Data Maint: Company Code/Asset Class,ANLKL,,,Copy values from ZSG_MM_PO.PRO related roles
ZSG_MM_PO.NT.PRO_871,A_S_MD,New Asset Master Data Maintenance,ANLKL,,,Copy values from ZSG_MM_PO.PRO related roles
ZSG_MM_PO.NT.PRO_871,A_S_MD,New Asset Master Data Maintenance,ASSET_TYPE,,,Copy values from ZSG_MM_PO.PRO related roles
ZSG_MM_PO.NT.PRO_871,B_BUPA_GRP,Business Partner: Authorization Groups,BEGRU,,,Copy values from ZSG_MM_PO.PRO related roles
ZSG_MM_PO.NT.PRO_871,B_BUPA_RLT,Business Partner: BP Roles,RLTYP,,,Copy values from ZSG_MM_PO.PRO related roles
ZSG_MM_PO.NT.PRO_871,C_AFVG_TYP,PS: Activity types for network act. and activity elements,PS_VGTYP,,,Copy values from ZSG_MM_PO.PRO related roles
ZSG_MM_PO.NT.PRO_871,C_PRPS_ART,PS: Project type authorization for WBS elements,PS_PRART,,,Copy values from ZSG_MM_PO.PRO related roles
ZSG_MM_PO.NT.PRO_871,C_PRPS_KST,PS: Cost Center Authorization for WBS elements,PS_FKOKR,,,Copy values from ZSG_MM_PO.PRO related roles
ZSG_MM_PO.NT.PRO_871,C_PRPS_KST,PS: Cost Center Authorization for WBS elements,PS_FKSTL,,,Copy values from ZSG_MM_PO.PRO related roles
ZSG_MM_PO.NT.PRO_871,C_PRPS_VNR,PS: Project Manager Authorization for WBS elements,PS_VERNR,,,Copy values from ZSG_MM_PO.PRO related roles
ZSG_MM_PO.NT.PRO_871,F_KNA1_BED,Customer: Account Authorization,BRGRU,,,Copy values from ZSG_MM_PO.PRO related roles
ZSG_MM_PO.NT.PRO_871,F_KNA1_GRP,Customer: Account Group Authorization,KTOKD,,,Copy values from ZSG_MM_PO.PRO related roles
ZSG_MM_PO.NT.PRO_871,F_LFA1_BEK,Vendor: Account Authorization,BRGRU,,,Copy values from ZSG_MM_PO.PRO related roles
ZSG_MM_PO.NT.PRO_871,F_LFA1_GRP,Vendor: Account Group Authorization,KTOKK,,,Copy values from ZSG_MM_PO.PRO related roles
ZSG_MM_PO.NT.PRO_871,K_CSKS,CO-CCA: Cost Center Master,KOSTL,,,Copy values from ZSG_MM_PO.PRO related roles
ZSG_MM_PO.NT.PRO_871,M_ANFR_BSA,Document Type in RFQ,BSART,,,Copy values from ZSG_MM_PO.PRO related roles
ZSG_MM_PO.NT.PRO_871,M_ANGB_BSA,Document Type in Quotation,BSART,,,Copy values from ZSG_MM_PO.PRO related roles
ZSG_MM_PO.NT.PRO_871,M_BANF_BSA,Document Type in Purchase Requisition,BSART,,,Copy values from ZSG_MM_PO.PRO related roles
ZSG_MM_PO.NT.PRO_871,M_BANF_FRG,Release Code in Purchase Requisition,FRGCD,,,Copy values from ZSG_MM_PO.PRO related roles
ZSG_MM_PO.NT.PRO_871,M_LPET_BSA,Document Type in Scheduling Agreement Delivery Schedule,BSART,,,Copy values from ZSG_MM_PO.PRO related roles
ZSG_MM_PO.NT.PRO_871,M_MATE_MAR,Material Master: Material Types,BEGRU,,,Copy values from ZSG_MM_PO.PRO related roles
ZSG_MM_PO.NT.PRO_871,M_MATE_MAT,Material Master: Materials,BEGRU,,,Copy values from ZSG_MM_PO.PRO related roles
ZSG_MM_PO.NT.PRO_871,M_MATE_WGR,Material Master: Material Groups,BEGRU,,,Copy values from ZSG_MM_PO.PRO related roles
ZSG_MM_PO.NT.PRO_871,M_QTN_BSA,Document Type in Quotation,BSART,,,Copy values from ZSG_MM_PO.PRO related roles
ZSG_MM_PO.NT.PRO_871,M_RAHM_BSA,Document Type in Outline Agreement,BSART,,,Copy values from ZSG_MM_PO.PRO related roles
ZSG_MM_PO.NT.PRO_871,M_RAHM_LGO,Plant/Storage Location in Outline Agreement,ACTVT,,,Copy values from ZSG_MM_PO.PRO related roles
ZSG_MM_PO.NT.PRO_871,M_RAHM_LGO,Plant/Storage Location in Outline Agreement,LGORT,,,Copy values from ZSG_MM_PO.PRO related roles
ZSG_MM_PO.NT.PRO_871,M_RFQ_BSA,Document Type in RFQ,BSART,,,Copy values from ZSG_MM_PO.PRO related roles
ZSG_MM_PO.NT.PRO_871,M_TEMPLATE,Create/Change/Delete Public Templates,J_BO_TYPE,,,Copy values from ZSG_MM_PO.PRO related roles
ZSG_MM_PO.NT.PRO_871,S_APPL_LOG,Applications log,ALG_OBJECT,,,Copy values from ZSG_MM_PO.PRO related roles
ZSG_MM_PO.NT.PRO_871,S_APPL_LOG,Applications log,ALG_SUBOBJ,,,Copy values from ZSG_MM_PO.PRO related roles
ZSG_MM_PO.NT.PRO_871,S_PROGNAM,Generic Programm Start,P_PROGNAM,,,Copy values from ZSG_MM_PO.PRO related roles
ZSG_MM_PO.NT.PRO_871,V_KOND_VEA,Maintain Condition: Auth. for Use/Appl./Cond.Type/Table,KAPPL,,,Copy values from ZSG_MM_PO.PRO related roles
ZSG_MM_PO.NT.PRO_871,V_KOND_VEA,Maintain Condition: Auth. for Use/Appl./Cond.Type/Table,KOTABNR,,,Copy values from ZSG_MM_PO.PRO related roles
ZSG_MM_PO.NT.PRO_871,V_KOND_VEA,Maintain Condition: Auth. for Use/Appl./Cond.Type/Table,KOTABNR,,,Copy values from ZSG_MM_PO.PRO related roles
ZSG_MM_PO.NT.PRO_871,V_KOND_VEA,Maintain Condition: Auth. for Use/Appl./Cond.Type/Table,KOTABNR,,,Copy values from ZSG_MM_PO.PRO related roles
ZSG_MM_PO.NT.PRO_871,V_KOND_VEA,Maintain Condition: Auth. for Use/Appl./Cond.Type/Table,KSCHL,,,Copy values from ZSG_MM_PO.PRO related roles
ZSG_MM_PO.NT.PRO_871,V_KOND_VEA,Maintain Condition: Auth. for Use/Appl./Cond.Type/Table,KSCHL,,,Copy values from ZSG_MM_PO.PRO related roles
ZSG_MM_PO.NT.PRO_871,V_KOND_VEA,Maintain Condition: Auth. for Use/Appl./Cond.Type/Table,KSCHL,,,Copy values from ZSG_MM_PO.PRO related roles
ZSG_MM_PO.NT.PRO_871,V_KOND_VEA,Maintain Condition: Auth. for Use/Appl./Cond.Type/Table,KVEWE,,,Copy values from ZSG_MM_PO.PRO related roles
ZSG_MM_PO.NT.PRO_871,V_KOND_VEA,Maintain Condition: Auth. for Use/Appl./Cond.Type/Table,KVEWE,,,Copy values from ZSG_MM_PO.PRO related roles
ZSG_MM_PO.NT.PRO_871,V_KONH_VKS,Condition: Authorization for Condition Types,KSCHL,,,Copy values from ZSG_MM_PO.PRO related roles
ZSG_MM_PO.NT.PRO_872,A_S_ANLKL,Asset Master Data Maint: Company Code/Asset Class,ANLKL,,,Copy values from ZSG_MM_PO.PRO related roles
ZSG_MM_PO.NT.PRO_872,A_S_MD,New Asset Master Data Maintenance,ANLKL,,,Copy values from ZSG_MM_PO.PRO related roles
ZSG_MM_PO.NT.PRO_872,A_S_MD,New Asset Master Data Maintenance,ASSET_TYPE,,,Copy values from ZSG_MM_PO.PRO related roles
ZSG_MM_PO.NT.PRO_872,B_BUPA_GRP,Business Partner: Authorization Groups,BEGRU,,,Copy values from ZSG_MM_PO.PRO related roles
ZSG_MM_PO.NT.PRO_872,B_BUPA_RLT,Business Partner: BP Roles,RLTYP,,,Copy values from ZSG_MM_PO.PRO related roles
ZSG_MM_PO.NT.PRO_872,C_AFVG_TYP,PS: Activity types for network act. and activity elements,PS_VGTYP,,,Copy values from ZSG_MM_PO.PRO related roles
ZSG_MM_PO.NT.PRO_872,C_PRPS_ART,PS: Project type authorization for WBS elements,PS_PRART,,,Copy values from ZSG_MM_PO.PRO related roles
ZSG_MM_PO.NT.PRO_872,C_PRPS_KST,PS: Cost Center Authorization for WBS elements,PS_FKOKR,,,Copy values from ZSG_MM_PO.PRO related roles
ZSG_MM_PO.NT.PRO_872,C_PRPS_KST,PS: Cost Center Authorization for WBS elements,PS_FKSTL,,,Copy values from ZSG_MM_PO.PRO related roles
ZSG_MM_PO.NT.PRO_872,C_PRPS_VNR,PS: Project Manager Authorization for WBS elements,PS_VERNR,,,Copy values from ZSG_MM_PO.PRO related roles
ZSG_MM_PO.NT.PRO_872,F_KNA1_BED,Customer: Account Authorization,BRGRU,,,Copy values from ZSG_MM_PO.PRO related roles
ZSG_MM_PO.NT.PRO_872,F_KNA1_GRP,Customer: Account Group Authorization,KTOKD,,,Copy values from ZSG_MM_PO.PRO related roles
ZSG_MM_PO.NT.PRO_872,F_LFA1_BEK,Vendor: Account Authorization,BRGRU,,,Copy values from ZSG_MM_PO.PRO related roles
ZSG_MM_PO.NT.PRO_872,F_LFA1_GRP,Vendor: Account Group Authorization,KTOKK,,,Copy values from ZSG_MM_PO.PRO related roles
ZSG_MM_PO.NT.PRO_872,K_CSKS,CO-CCA: Cost Center Master,KOSTL,,,Copy values from ZSG_MM_PO.PRO related roles
ZSG_MM_PO.NT.PRO_872,M_ANFR_BSA,Document Type in RFQ,BSART,,,Copy values from ZSG_MM_PO.PRO related roles
ZSG_MM_PO.NT.PRO_872,M_ANGB_BSA,Document Type in Quotation,BSART,,,Copy values from ZSG_MM_PO.PRO related roles
ZSG_MM_PO.NT.PRO_872,M_BANF_BSA,Document Type in Purchase Requisition,BSART,,,Copy values from ZSG_MM_PO.PRO related roles
ZSG_MM_PO.NT.PRO_872,M_BANF_FRG,Release Code in Purchase Requisition,FRGCD,,,Copy values from ZSG_MM_PO.PRO related roles
ZSG_MM_PO.NT.PRO_872,M_LPET_BSA,Document Type in Scheduling Agreement Delivery Schedule,BSART,,,Copy values from ZSG_MM_PO.PRO related roles
ZSG_MM_PO.NT.PRO_872,M_MATE_MAR,Material Master: Material Types,BEGRU,,,Copy values from ZSG_MM_PO.PRO related roles
ZSG_MM_PO.NT.PRO_872,M_MATE_MAT,Material Master: Materials,BEGRU,,,Copy values from ZSG_MM_PO.PRO related roles
ZSG_MM_PO.NT.PRO_872,M_MATE_WGR,Material Master: Material Groups,BEGRU,,,Copy values from ZSG_MM_PO.PRO related roles
ZSG_MM_PO.NT.PRO_872,M_QTN_BSA,Document Type in Quotation,BSART,,,Copy values from ZSG_MM_PO.PRO related roles
ZSG_MM_PO.NT.PRO_872,M_RAHM_BSA,Document Type in Outline Agreement,BSART,,,Copy values from ZSG_MM_PO.PRO related roles
ZSG_MM_PO.NT.PRO_872,M_RAHM_LGO,Plant/Storage Location in Outline Agreement,ACTVT,,,Copy values from ZSG_MM_PO.PRO related roles
ZSG_MM_PO.NT.PRO_872,M_RAHM_LGO,Plant/Storage Location in Outline Agreement,LGORT,,,Copy values from ZSG_MM_PO.PRO related roles
ZSG_MM_PO.NT.PRO_872,M_RFQ_BSA,Document Type in RFQ,BSART,,,Copy values from ZSG_MM_PO.PRO related roles
ZSG_MM_PO.NT.PRO_872,M_TEMPLATE,Create/Change/Delete Public Templates,J_BO_TYPE,,,Copy values from ZSG_MM_PO.PRO related roles
ZSG_MM_PO.NT.PRO_872,S_APPL_LOG,Applications log,ALG_OBJECT,,,Copy values from ZSG_MM_PO.PRO related roles
ZSG_MM_PO.NT.PRO_872,S_APPL_LOG,Applications log,ALG_SUBOBJ,,,Copy values from ZSG_MM_PO.PRO related roles
ZSG_MM_PO.NT.PRO_872,S_PROGNAM,Generic Programm Start,P_PROGNAM,,,Copy values from ZSG_MM_PO.PRO related roles
ZSG_MM_PO.NT.PRO_872,V_KOND_VEA,Maintain Condition: Auth. for Use/Appl./Cond.Type/Table,KAPPL,,,Copy values from ZSG_MM_PO.PRO related roles
ZSG_MM_PO.NT.PRO_872,V_KOND_VEA,Maintain Condition: Auth. for Use/Appl./Cond.Type/Table,KOTABNR,,,Copy values from ZSG_MM_PO.PRO related roles
ZSG_MM_PO.NT.PRO_872,V_KOND_VEA,Maintain Condition: Auth. for Use/Appl./Cond.Type/Table,KOTABNR,,,Copy values from ZSG_MM_PO.PRO related roles
ZSG_MM_PO.NT.PRO_872,V_KOND_VEA,Maintain Condition: Auth. for Use/Appl./Cond.Type/Table,KOTABNR,,,Copy values from ZSG_MM_PO.PRO related roles
ZSG_MM_PO.NT.PRO_872,V_KOND_VEA,Maintain Condition: Auth. for Use/Appl./Cond.Type/Table,KSCHL,,,Copy values from ZSG_MM_PO.PRO related roles
ZSG_MM_PO.NT.PRO_872,V_KOND_VEA,Maintain Condition: Auth. for Use/Appl./Cond.Type/Table,KSCHL,,,Copy values from ZSG_MM_PO.PRO related roles
ZSG_MM_PO.NT.PRO_872,V_KOND_VEA,Maintain Condition: Auth. for Use/Appl./Cond.Type/Table,KSCHL,,,Copy values from ZSG_MM_PO.PRO related roles
ZSG_MM_PO.NT.PRO_872,V_KOND_VEA,Maintain Condition: Auth. for Use/Appl./Cond.Type/Table,KVEWE,,,Copy values from ZSG_MM_PO.PRO related roles
ZSG_MM_PO.NT.PRO_872,V_KOND_VEA,Maintain Condition: Auth. for Use/Appl./Cond.Type/Table,KVEWE,,,Copy values from ZSG_MM_PO.PRO related roles
ZSG_MM_PO.NT.PRO_872,V_KONH_VKS,Condition: Authorization for Condition Types,KSCHL,,,Copy values from ZSG_MM_PO.PRO related roles
ZSG_MM_PO.NT.PRO_873,A_S_ANLKL,Asset Master Data Maint: Company Code/Asset Class,ANLKL,,,Copy values from ZSG_MM_PO.PRO related roles
ZSG_MM_PO.NT.PRO_873,A_S_MD,New Asset Master Data Maintenance,ANLKL,,,Copy values from ZSG_MM_PO.PRO related roles
ZSG_MM_PO.NT.PRO_873,A_S_MD,New Asset Master Data Maintenance,ASSET_TYPE,,,Copy values from ZSG_MM_PO.PRO related roles
ZSG_MM_PO.NT.PRO_873,B_BUPA_GRP,Business Partner: Authorization Groups,BEGRU,,,Copy values from ZSG_MM_PO.PRO related roles
ZSG_MM_PO.NT.PRO_873,B_BUPA_RLT,Business Partner: BP Roles,RLTYP,,,Copy values from ZSG_MM_PO.PRO related roles
ZSG_MM_PO.NT.PRO_873,C_AFVG_TYP,PS: Activity types for network act. and activity elements,PS_VGTYP,,,Copy values from ZSG_MM_PO.PRO related roles
ZSG_MM_PO.NT.PRO_873,C_PRPS_ART,PS: Project type authorization for WBS elements,PS_PRART,,,Copy values from ZSG_MM_PO.PRO related roles
ZSG_MM_PO.NT.PRO_873,C_PRPS_KST,PS: Cost Center Authorization for WBS elements,PS_FKOKR,,,Copy values from ZSG_MM_PO.PRO related roles
ZSG_MM_PO.NT.PRO_873,C_PRPS_KST,PS: Cost Center Authorization for WBS elements,PS_FKSTL,,,Copy values from ZSG_MM_PO.PRO related roles
ZSG_MM_PO.NT.PRO_873,C_PRPS_VNR,PS: Project Manager Authorization for WBS elements,PS_VERNR,,,Copy values from ZSG_MM_PO.PRO related roles
ZSG_MM_PO.NT.PRO_873,F_KNA1_BED,Customer: Account Authorization,BRGRU,,,Copy values from ZSG_MM_PO.PRO related roles
ZSG_MM_PO.NT.PRO_873,F_KNA1_GRP,Customer: Account Group Authorization,KTOKD,,,Copy values from ZSG_MM_PO.PRO related roles
ZSG_MM_PO.NT.PRO_873,F_LFA1_BEK,Vendor: Account Authorization,BRGRU,,,Copy values from ZSG_MM_PO.PRO related roles
ZSG_MM_PO.NT.PRO_873,F_LFA1_GRP,Vendor: Account Group Authorization,KTOKK,,,Copy values from ZSG_MM_PO.PRO related roles
ZSG_MM_PO.NT.PRO_873,K_CSKS,CO-CCA: Cost Center Master,KOSTL,,,Copy values from ZSG_MM_PO.PRO related roles
ZSG_MM_PO.NT.PRO_873,M_ANFR_BSA,Document Type in RFQ,BSART,,,Copy values from ZSG_MM_PO.PRO related roles
ZSG_MM_PO.NT.PRO_873,M_ANGB_BSA,Document Type in Quotation,BSART,,,Copy values from ZSG_MM_PO.PRO related roles
ZSG_MM_PO.NT.PRO_873,M_BANF_BSA,Document Type in Purchase Requisition,BSART,,,Copy values from ZSG_MM_PO.PRO related roles
ZSG_MM_PO.NT.PRO_873,M_BANF_FRG,Release Code in Purchase Requisition,FRGCD,,,Copy values from ZSG_MM_PO.PRO related roles
ZSG_MM_PO.NT.PRO_873,M_LPET_BSA,Document Type in Scheduling Agreement Delivery Schedule,BSART,,,Copy values from ZSG_MM_PO.PRO related roles
ZSG_MM_PO.NT.PRO_873,M_MATE_MAR,Material Master: Material Types,BEGRU,,,Copy values from ZSG_MM_PO.PRO related roles
ZSG_MM_PO.NT.PRO_873,M_MATE_MAT,Material Master: Materials,BEGRU,,,Copy values from ZSG_MM_PO.PRO related roles
ZSG_MM_PO.NT.PRO_873,M_MATE_WGR,Material Master: Material Groups,BEGRU,,,Copy values from ZSG_MM_PO.PRO related roles
ZSG_MM_PO.NT.PRO_873,M_QTN_BSA,Document Type in Quotation,BSART,,,Copy values from ZSG_MM_PO.PRO related roles
ZSG_MM_PO.NT.PRO_873,M_RAHM_BSA,Document Type in Outline Agreement,BSART,,,Copy values from ZSG_MM_PO.PRO related roles
ZSG_MM_PO.NT.PRO_873,M_RAHM_LGO,Plant/Storage Location in Outline Agreement,ACTVT,,,Copy values from ZSG_MM_PO.PRO related roles
ZSG_MM_PO.NT.PRO_873,M_RAHM_LGO,Plant/Storage Location in Outline Agreement,LGORT,,,Copy values from ZSG_MM_PO.PRO related roles
ZSG_MM_PO.NT.PRO_873,M_RFQ_BSA,Document Type in RFQ,BSART,,,Copy values from ZSG_MM_PO.PRO related roles
ZSG_MM_PO.NT.PRO_873,M_TEMPLATE,Create/Change/Delete Public Templates,J_BO_TYPE,,,Copy values from ZSG_MM_PO.PRO related roles
ZSG_MM_PO.NT.PRO_873,S_APPL_LOG,Applications log,ALG_OBJECT,,,Copy values from ZSG_MM_PO.PRO related roles
ZSG_MM_PO.NT.PRO_873,S_APPL_LOG,Applications log,ALG_SUBOBJ,,,Copy values from ZSG_MM_PO.PRO related roles
ZSG_MM_PO.NT.PRO_873,S_PROGNAM,Generic Programm Start,P_PROGNAM,,,Copy values from ZSG_MM_PO.PRO related roles
ZSG_MM_PO.NT.PRO_873,V_KOND_VEA,Maintain Condition: Auth. for Use/Appl./Cond.Type/Table,KAPPL,,,Copy values from ZSG_MM_PO.PRO related roles
ZSG_MM_PO.NT.PRO_873,V_KOND_VEA,Maintain Condition: Auth. for Use/Appl./Cond.Type/Table,KOTABNR,,,Copy values from ZSG_MM_PO.PRO related roles
ZSG_MM_PO.NT.PRO_873,V_KOND_VEA,Maintain Condition: Auth. for Use/Appl./Cond.Type/Table,KOTABNR,,,Copy values from ZSG_MM_PO.PRO related roles
ZSG_MM_PO.NT.PRO_873,V_KOND_VEA,Maintain Condition: Auth. for Use/Appl./Cond.Type/Table,KOTABNR,,,Copy values from ZSG_MM_PO.PRO related roles
ZSG_MM_PO.NT.PRO_873,V_KOND_VEA,Maintain Condition: Auth. for Use/Appl./Cond.Type/Table,KSCHL,,,Copy values from ZSG_MM_PO.PRO related roles
ZSG_MM_PO.NT.PRO_873,V_KOND_VEA,Maintain Condition: Auth. for Use/Appl./Cond.Type/Table,KSCHL,,,Copy values from ZSG_MM_PO.PRO related roles
ZSG_MM_PO.NT.PRO_873,V_KOND_VEA,Maintain Condition: Auth. for Use/Appl./Cond.Type/Table,KSCHL,,,Copy values from ZSG_MM_PO.PRO related roles
ZSG_MM_PO.NT.PRO_873,V_KOND_VEA,Maintain Condition: Auth. for Use/Appl./Cond.Type/Table,KVEWE,,,Copy values from ZSG_MM_PO.PRO related roles
ZSG_MM_PO.NT.PRO_873,V_KOND_VEA,Maintain Condition: Auth. for Use/Appl./Cond.Type/Table,KVEWE,,,Copy values from ZSG_MM_PO.PRO related roles
ZSG_MM_PO.NT.PRO_873,V_KONH_VKS,Condition: Authorization for Condition Types,KSCHL,,,Copy values from ZSG_MM_PO.PRO related roles
ZSG_MM_PO.NT.PRO_911,A_S_ANLKL,Asset Master Data Maint: Company Code/Asset Class,ANLKL,,,Copy values from ZSG_MM_PO.PRO related roles
ZSG_MM_PO.NT.PRO_911,A_S_MD,New Asset Master Data Maintenance,ANLKL,,,Copy values from ZSG_MM_PO.PRO related roles
ZSG_MM_PO.NT.PRO_911,A_S_MD,New Asset Master Data Maintenance,ASSET_TYPE,,,Copy values from ZSG_MM_PO.PRO related roles
ZSG_MM_PO.NT.PRO_911,B_BUPA_GRP,Business Partner: Authorization Groups,BEGRU,,,Copy values from ZSG_MM_PO.PRO related roles
ZSG_MM_PO.NT.PRO_911,B_BUPA_RLT,Business Partner: BP Roles,RLTYP,,,Copy values from ZSG_MM_PO.PRO related roles
ZSG_MM_PO.NT.PRO_911,C_AFVG_TYP,PS: Activity types for network act. and activity elements,PS_VGTYP,,,Copy values from ZSG_MM_PO.PRO related roles
ZSG_MM_PO.NT.PRO_911,C_PRPS_ART,PS: Project type authorization for WBS elements,PS_PRART,,,Copy values from ZSG_MM_PO.PRO related roles
ZSG_MM_PO.NT.PRO_911,C_PRPS_KST,PS: Cost Center Authorization for WBS elements,PS_FKOKR,,,Copy values from ZSG_MM_PO.PRO related roles
ZSG_MM_PO.NT.PRO_911,C_PRPS_KST,PS: Cost Center Authorization for WBS elements,PS_FKSTL,,,Copy values from ZSG_MM_PO.PRO related roles
ZSG_MM_PO.NT.PRO_911,C_PRPS_VNR,PS: Project Manager Authorization for WBS elements,PS_VERNR,,,Copy values from ZSG_MM_PO.PRO related roles
ZSG_MM_PO.NT.PRO_911,F_KNA1_BED,Customer: Account Authorization,BRGRU,,,Copy values from ZSG_MM_PO.PRO related roles
ZSG_MM_PO.NT.PRO_911,F_KNA1_GRP,Customer: Account Group Authorization,KTOKD,,,Copy values from ZSG_MM_PO.PRO related roles
ZSG_MM_PO.NT.PRO_911,F_LFA1_BEK,Vendor: Account Authorization,BRGRU,,,Copy values from ZSG_MM_PO.PRO related roles
ZSG_MM_PO.NT.PRO_911,F_LFA1_GRP,Vendor: Account Group Authorization,KTOKK,,,Copy values from ZSG_MM_PO.PRO related roles
ZSG_MM_PO.NT.PRO_911,K_CSKS,CO-CCA: Cost Center Master,KOSTL,,,Copy values from ZSG_MM_PO.PRO related roles
ZSG_MM_PO.NT.PRO_911,M_ANFR_BSA,Document Type in RFQ,BSART,,,Copy values from ZSG_MM_PO.PRO related roles
ZSG_MM_PO.NT.PRO_911,M_ANGB_BSA,Document Type in Quotation,BSART,,,Copy values from ZSG_MM_PO.PRO related roles
ZSG_MM_PO.NT.PRO_911,M_BANF_BSA,Document Type in Purchase Requisition,BSART,,,Copy values from ZSG_MM_PO.PRO related roles
ZSG_MM_PO.NT.PRO_911,M_BANF_FRG,Release Code in Purchase Requisition,FRGCD,,,Copy values from ZSG_MM_PO.PRO related roles
ZSG_MM_PO.NT.PRO_911,M_LPET_BSA,Document Type in Scheduling Agreement Delivery Schedule,BSART,,,Copy values from ZSG_MM_PO.PRO related roles
ZSG_MM_PO.NT.PRO_911,M_MATE_MAR,Material Master: Material Types,BEGRU,,,Copy values from ZSG_MM_PO.PRO related roles
ZSG_MM_PO.NT.PRO_911,M_MATE_MAT,Material Master: Materials,BEGRU,,,Copy values from ZSG_MM_PO.PRO related roles
ZSG_MM_PO.NT.PRO_911,M_MATE_WGR,Material Master: Material Groups,BEGRU,,,Copy values from ZSG_MM_PO.PRO related roles
ZSG_MM_PO.NT.PRO_911,M_QTN_BSA,Document Type in Quotation,BSART,,,Copy values from ZSG_MM_PO.PRO related roles
ZSG_MM_PO.NT.PRO_911,M_RAHM_BSA,Document Type in Outline Agreement,BSART,,,Copy values from ZSG_MM_PO.PRO related roles
ZSG_MM_PO.NT.PRO_911,M_RAHM_LGO,Plant/Storage Location in Outline Agreement,ACTVT,,,Copy values from ZSG_MM_PO.PRO related roles
ZSG_MM_PO.NT.PRO_911,M_RAHM_LGO,Plant/Storage Location in Outline Agreement,LGORT,,,Copy values from ZSG_MM_PO.PRO related roles
ZSG_MM_PO.NT.PRO_911,M_RFQ_BSA,Document Type in RFQ,BSART,,,Copy values from ZSG_MM_PO.PRO related roles
ZSG_MM_PO.NT.PRO_911,M_TEMPLATE,Create/Change/Delete Public Templates,J_BO_TYPE,,,Copy values from ZSG_MM_PO.PRO related roles
ZSG_MM_PO.NT.PRO_911,S_APPL_LOG,Applications log,ALG_OBJECT,,,Copy values from ZSG_MM_PO.PRO related roles
ZSG_MM_PO.NT.PRO_911,S_APPL_LOG,Applications log,ALG_SUBOBJ,,,Copy values from ZSG_MM_PO.PRO related roles
ZSG_MM_PO.NT.PRO_911,S_PROGNAM,Generic Programm Start,P_PROGNAM,,,Copy values from ZSG_MM_PO.PRO related roles
ZSG_MM_PO.NT.PRO_911,V_KOND_VEA,Maintain Condition: Auth. for Use/Appl./Cond.Type/Table,KAPPL,,,Copy values from ZSG_MM_PO.PRO related roles
ZSG_MM_PO.NT.PRO_911,V_KOND_VEA,Maintain Condition: Auth. for Use/Appl./Cond.Type/Table,KOTABNR,,,Copy values from ZSG_MM_PO.PRO related roles
ZSG_MM_PO.NT.PRO_911,V_KOND_VEA,Maintain Condition: Auth. for Use/Appl./Cond.Type/Table,KOTABNR,,,Copy values from ZSG_MM_PO.PRO related roles
ZSG_MM_PO.NT.PRO_911,V_KOND_VEA,Maintain Condition: Auth. for Use/Appl./Cond.Type/Table,KOTABNR,,,Copy values from ZSG_MM_PO.PRO related roles
ZSG_MM_PO.NT.PRO_911,V_KOND_VEA,Maintain Condition: Auth. for Use/Appl./Cond.Type/Table,KSCHL,,,Copy values from ZSG_MM_PO.PRO related roles
ZSG_MM_PO.NT.PRO_911,V_KOND_VEA,Maintain Condition: Auth. for Use/Appl./Cond.Type/Table,KSCHL,,,Copy values from ZSG_MM_PO.PRO related roles
ZSG_MM_PO.NT.PRO_911,V_KOND_VEA,Maintain Condition: Auth. for Use/Appl./Cond.Type/Table,KSCHL,,,Copy values from ZSG_MM_PO.PRO related roles
ZSG_MM_PO.NT.PRO_911,V_KOND_VEA,Maintain Condition: Auth. for Use/Appl./Cond.Type/Table,KVEWE,,,Copy values from ZSG_MM_PO.PRO related roles
ZSG_MM_PO.NT.PRO_911,V_KOND_VEA,Maintain Condition: Auth. for Use/Appl./Cond.Type/Table,KVEWE,,,Copy values from ZSG_MM_PO.PRO related roles
ZSG_MM_PO.NT.PRO_911,V_KONH_VKS,Condition: Authorization for Condition Types,KSCHL,,,Copy values from ZSG_MM_PO.PRO related roles
ZSG_MM_PO.NT.PRO_XXX,A_S_ANLKL,Asset Master Data Maint: Company Code/Asset Class,ANLKL,,,Copy values from ZSG_MM_PO.PRO related roles
ZSG_MM_PO.NT.PRO_XXX,A_S_MD,New Asset Master Data Maintenance,ANLKL,,,Copy values from ZSG_MM_PO.PRO related roles
ZSG_MM_PO.NT.PRO_XXX,A_S_MD,New Asset Master Data Maintenance,ASSET_TYPE,,,Copy values from ZSG_MM_PO.PRO related roles
ZSG_MM_PO.NT.PRO_XXX,B_BUPA_GRP,Business Partner: Authorization Groups,BEGRU,,,Copy values from ZSG_MM_PO.PRO related roles
ZSG_MM_PO.NT.PRO_XXX,B_BUPA_RLT,Business Partner: BP Roles,RLTYP,,,Copy values from ZSG_MM_PO.PRO related roles
ZSG_MM_PO.NT.PRO_XXX,C_AFVG_TYP,PS: Activity types for network act. and activity elements,PS_VGTYP,,,Copy values from ZSG_MM_PO.PRO related roles
ZSG_MM_PO.NT.PRO_XXX,C_PRPS_ART,PS: Project type authorization for WBS elements,PS_PRART,,,Copy values from ZSG_MM_PO.PRO related roles
ZSG_MM_PO.NT.PRO_XXX,C_PRPS_KST,PS: Cost Center Authorization for WBS elements,PS_FKOKR,,,Copy values from ZSG_MM_PO.PRO related roles
ZSG_MM_PO.NT.PRO_XXX,C_PRPS_KST,PS: Cost Center Authorization for WBS elements,PS_FKSTL,,,Copy values from ZSG_MM_PO.PRO related roles
ZSG_MM_PO.NT.PRO_XXX,C_PRPS_VNR,PS: Project Manager Authorization for WBS elements,PS_VERNR,,,Copy values from ZSG_MM_PO.PRO related roles
ZSG_MM_PO.NT.PRO_XXX,F_KNA1_BED,Customer: Account Authorization,BRGRU,,,Copy values from ZSG_MM_PO.PRO related roles
ZSG_MM_PO.NT.PRO_XXX,F_KNA1_GRP,Customer: Account Group Authorization,KTOKD,,,Copy values from ZSG_MM_PO.PRO related roles
ZSG_MM_PO.NT.PRO_XXX,F_LFA1_BEK,Vendor: Account Authorization,BRGRU,,,Copy values from ZSG_MM_PO.PRO related roles
ZSG_MM_PO.NT.PRO_XXX,F_LFA1_GRP,Vendor: Account Group Authorization,KTOKK,,,Copy values from ZSG_MM_PO.PRO related roles
ZSG_MM_PO.NT.PRO_XXX,K_CSKS,CO-CCA: Cost Center Master,KOSTL,,,Copy values from ZSG_MM_PO.PRO related roles
ZSG_MM_PO.NT.PRO_XXX,M_ANFR_BSA,Document Type in RFQ,BSART,,,Copy values from ZSG_MM_PO.PRO related roles
ZSG_MM_PO.NT.PRO_XXX,M_ANGB_BSA,Document Type in Quotation,BSART,,,Copy values from ZSG_MM_PO.PRO related roles
ZSG_MM_PO.NT.PRO_XXX,M_BANF_BSA,Document Type in Purchase Requisition,BSART,,,Copy values from ZSG_MM_PO.PRO related roles
ZSG_MM_PO.NT.PRO_XXX,M_BANF_FRG,Release Code in Purchase Requisition,FRGCD,,,Copy values from ZSG_MM_PO.PRO related roles
ZSG_MM_PO.NT.PRO_XXX,M_LPET_BSA,Document Type in Scheduling Agreement Delivery Schedule,BSART,,,Copy values from ZSG_MM_PO.PRO related roles
ZSG_MM_PO.NT.PRO_XXX,M_MATE_MAR,Material Master: Material Types,BEGRU,,,Copy values from ZSG_MM_PO.PRO related roles
ZSG_MM_PO.NT.PRO_XXX,M_MATE_MAT,Material Master: Materials,BEGRU,,,Copy values from ZSG_MM_PO.PRO related roles
ZSG_MM_PO.NT.PRO_XXX,M_MATE_WGR,Material Master: Material Groups,BEGRU,,,Copy values from ZSG_MM_PO.PRO related roles
ZSG_MM_PO.NT.PRO_XXX,M_QTN_BSA,Document Type in Quotation,BSART,,,Copy values from ZSG_MM_PO.PRO related roles
ZSG_MM_PO.NT.PRO_XXX,M_RAHM_BSA,Document Type in Outline Agreement,BSART,,,Copy values from ZSG_MM_PO.PRO related roles
ZSG_MM_PO.NT.PRO_XXX,M_RAHM_LGO,Plant/Storage Location in Outline Agreement,ACTVT,,,Copy values from ZSG_MM_PO.PRO related roles
ZSG_MM_PO.NT.PRO_XXX,M_RAHM_LGO,Plant/Storage Location in Outline Agreement,LGORT,,,Copy values from ZSG_MM_PO.PRO related roles
ZSG_MM_PO.NT.PRO_XXX,M_RFQ_BSA,Document Type in RFQ,BSART,,,Copy values from ZSG_MM_PO.PRO related roles
ZSG_MM_PO.NT.PRO_XXX,M_TEMPLATE,Create/Change/Delete Public Templates,J_BO_TYPE,,,Copy values from ZSG_MM_PO.PRO related roles
ZSG_MM_PO.NT.PRO_XXX,S_APPL_LOG,Applications log,ALG_OBJECT,,,Copy values from ZSG_MM_PO.PRO related roles
ZSG_MM_PO.NT.PRO_XXX,S_APPL_LOG,Applications log,ALG_SUBOBJ,,,Copy values from ZSG_MM_PO.PRO related roles
ZSG_MM_PO.NT.PRO_XXX,S_PROGNAM,Generic Programm Start,P_PROGNAM,,,Copy values from ZSG_MM_PO.PRO related roles
ZSG_MM_PO.NT.PRO_XXX,V_KOND_VEA,Maintain Condition: Auth. for Use/Appl./Cond.Type/Table,KAPPL,,,Copy values from ZSG_MM_PO.PRO related roles
ZSG_MM_PO.NT.PRO_XXX,V_KOND_VEA,Maintain Condition: Auth. for Use/Appl./Cond.Type/Table,KOTABNR,,,Copy values from ZSG_MM_PO.PRO related roles
ZSG_MM_PO.NT.PRO_XXX,V_KOND_VEA,Maintain Condition: Auth. for Use/Appl./Cond.Type/Table,KOTABNR,,,Copy values from ZSG_MM_PO.PRO related roles
ZSG_MM_PO.NT.PRO_XXX,V_KOND_VEA,Maintain Condition: Auth. for Use/Appl./Cond.Type/Table,KOTABNR,,,Copy values from ZSG_MM_PO.PRO related roles
ZSG_MM_PO.NT.PRO_XXX,V_KOND_VEA,Maintain Condition: Auth. for Use/Appl./Cond.Type/Table,KSCHL,,,Copy values from ZSG_MM_PO.PRO related roles
ZSG_MM_PO.NT.PRO_XXX,V_KOND_VEA,Maintain Condition: Auth. for Use/Appl./Cond.Type/Table,KSCHL,,,Copy values from ZSG_MM_PO.PRO related roles
ZSG_MM_PO.NT.PRO_XXX,V_KOND_VEA,Maintain Condition: Auth. for Use/Appl./Cond.Type/Table,KSCHL,,,Copy values from ZSG_MM_PO.PRO related roles
ZSG_MM_PO.NT.PRO_XXX,V_KOND_VEA,Maintain Condition: Auth. for Use/Appl./Cond.Type/Table,KVEWE,,,Copy values from ZSG_MM_PO.PRO related roles
ZSG_MM_PO.NT.PRO_XXX,V_KOND_VEA,Maintain Condition: Auth. for Use/Appl./Cond.Type/Table,KVEWE,,,Copy values from ZSG_MM_PO.PRO related roles
ZSG_MM_PO.NT.PRO_XXX,V_KONH_VKS,Condition: Authorization for Condition Types,KSCHL,,,Copy values from ZSG_MM_PO.PRO related roles
ZSG_MM_PO.NT.PRT,F_LFA1_BEK,Vendor: Account Authorization,BRGRU,,,Copy values from ZSG_MM_PO.PRT roles
ZSG_MM_PO.NT.PRT,M_ANFR_BSA,Document Type in RFQ,BSART,,,Copy values from ZSG_MM_PO.PRT roles
ZSG_MM_PO.NT.PRT,M_BEST_BSA,Document Type in Purchase Order,BSART,,,Copy values from ZSG_MM_PO.PRT roles
ZSG_MM_PO.NT.PRT,M_RAHM_BSA,Document Type in Outline Agreement,BSART,,,Copy values from ZSG_MM_PO.PRT roles
ZSG_MM_PO.SDSP_XXX,F_LFA1_BEK,Vendor: Account Authorization,BRGRU,,,Copy values from existing role
ZSG_MM_PO.SDSP_XXX,W_VKPR_VTL,IS-R Authorization: Sales Price Calculations: Distr. Chain,MATKL,,,Copy values from existing role
ZSG_MM_PO.SDSP_XXX,W_WIND_TYP,Automatic Doc. Adjustment (Retail): Authoriz. for Doc. Cat.,BLTYP,,,Copy values from existing role
ZSG_PS_PRJ.DSP_835,A_A_VIEW,Asset: View,VIEW,,,Take inputs from Kalpesh on these
ZSG_PS_PRJ.DSP_835,A_S_KOSTL,Asset Master Record Maintenance: Company Code/Cost Center,KOSTL,,,Take inputs from Kalpesh on these
ZSG_PS_PRJ.DSP_835,B_BUPA_GRP,Business Partner: Authorization Groups,ACTVT,,,Take inputs from Kalpesh on these
ZSG_PS_PRJ.DSP_835,B_BUPA_GRP,Business Partner: Authorization Groups,BEGRU,,,Take inputs from Kalpesh on these
ZSG_PS_PRJ.DSP_835,B_BUPA_GRP,Business Partner: Authorization Groups,BEGRU,,,Take inputs from Kalpesh on these
ZSG_PS_PRJ.DSP_835,C_AFKO_AWK,CIM: Plant for order type of order,AUFART,,,Take inputs from Kalpesh on these
ZSG_PS_PRJ.DSP_835,C_AFKO_DIS,Network: MRP Group (Plant) and Transaction Type,DISPO,,,Take inputs from Kalpesh on these
ZSG_PS_PRJ.DSP_835,C_AFKO_DIS,Network: MRP Group (Plant) and Transaction Type,DISPO,,,Take inputs from Kalpesh on these
ZSG_PS_PRJ.DSP_835,C_AFKO_DIS,Network: MRP Group (Plant) and Transaction Type,TRTYP,,,Take inputs from Kalpesh on these
ZSG_PS_PRJ.DSP_835,C_AFVG_TYP,PS: Activity types for network act. and activity elements,PS_VGTYP,,,Take inputs from Kalpesh on these
ZSG_PS_PRJ.DSP_835,C_AFVG_USR,PS: User fields network activity. Activ. element model auth.,USR10_1,,,Take inputs from Kalpesh on these
ZSG_PS_PRJ.DSP_835,C_AFVG_USR,PS: User fields network activity. Activ. element model auth.,USR10_2,,,Take inputs from Kalpesh on these
ZSG_PS_PRJ.DSP_835,C_AFVG_USR,PS: User fields network activity. Activ. element model auth.,USR20_1,,,Take inputs from Kalpesh on these
ZSG_PS_PRJ.DSP_835,C_AFVG_USR,PS: User fields network activity. Activ. element model auth.,USR20_2,,,Take inputs from Kalpesh on these
ZSG_PS_PRJ.DSP_835,C_AFVG_USR,PS: User fields network activity. Activ. element model auth.,USRFLAG_1,,,Take inputs from Kalpesh on these
ZSG_PS_PRJ.DSP_835,C_AFVG_USR,PS: User fields network activity. Activ. element model auth.,USRFLAG_2,,,Take inputs from Kalpesh on these
ZSG_PS_PRJ.DSP_835,C_MLST_BGR,PS: Milestones (Authorization Group),BEGRU,,,Take inputs from Kalpesh on these
ZSG_PS_PRJ.DSP_835,C_PRPS_ART,PS: Project type authorization for WBS elements,PS_ACTVT,,,Take inputs from Kalpesh on these
ZSG_PS_PRJ.DSP_835,C_PRPS_ART,PS: Project type authorization for WBS elements,PS_PRART,,,Take inputs from Kalpesh on these
ZSG_PS_PRJ.DSP_835,C_PRPS_ART,PS: Project type authorization for WBS elements,PS_PRART,,,Take inputs from Kalpesh on these
ZSG_PS_PRJ.DSP_835,C_PRPS_KOK,PS: Controlling Area Authorization for WBS elements,PS_ACTVT,,,Take inputs from Kalpesh on these
ZSG_PS_PRJ.DSP_835,C_PRPS_KST,PS: Cost Center Authorization for WBS elements,PS_ACTVT,,,Take inputs from Kalpesh on these
ZSG_PS_PRJ.DSP_835,C_PRPS_KST,PS: Cost Center Authorization for WBS elements,PS_FKOKR,,,Take inputs from Kalpesh on these
ZSG_PS_PRJ.DSP_835,C_PRPS_KST,PS: Cost Center Authorization for WBS elements,PS_FKOKR,,,Take inputs from Kalpesh on these
ZSG_PS_PRJ.DSP_835,C_PRPS_KST,PS: Cost Center Authorization for WBS elements,PS_FKSTL,,,Take inputs from Kalpesh on these
ZSG_PS_PRJ.DSP_835,C_PRPS_KST,PS: Cost Center Authorization for WBS elements,PS_FKSTL,,,Take inputs from Kalpesh on these
ZSG_PS_PRJ.DSP_835,C_PRPS_PRC,PS: Profit Center Authorization for WBS elements,PS_ACTVT,,,Take inputs from Kalpesh on these
ZSG_PS_PRJ.DSP_835,C_PRPS_USR,PS: Model for User Field Authorization for WBS elements,USR10_1,,,Take inputs from Kalpesh on these
ZSG_PS_PRJ.DSP_835,C_PRPS_USR,PS: Model for User Field Authorization for WBS elements,USR10_2,,,Take inputs from Kalpesh on these
ZSG_PS_PRJ.DSP_835,C_PRPS_USR,PS: Model for User Field Authorization for WBS elements,USR20_1,,,Take inputs from Kalpesh on these
ZSG_PS_PRJ.DSP_835,C_PRPS_USR,PS: Model for User Field Authorization for WBS elements,USR20_2,,,Take inputs from Kalpesh on these
ZSG_PS_PRJ.DSP_835,C_PRPS_USR,PS: Model for User Field Authorization for WBS elements,USRFLAG_1,,,Take inputs from Kalpesh on these
ZSG_PS_PRJ.DSP_835,C_PRPS_USR,PS: Model for User Field Authorization for WBS elements,USRFLAG_2,,,Take inputs from Kalpesh on these
ZSG_PS_PRJ.DSP_835,C_PRPS_VNR,PS: Project Manager Authorization for WBS elements,PS_ACTVT,,,Take inputs from Kalpesh on these
ZSG_PS_PRJ.DSP_835,C_PRPS_VNR,PS: Project Manager Authorization for WBS elements,PS_VERNR,,,Take inputs from Kalpesh on these
ZSG_PS_PRJ.DSP_835,C_PRPS_VNR,PS: Project Manager Authorization for WBS elements,PS_VERNR,,,Take inputs from Kalpesh on these
ZSG_PS_PRJ.DSP_835,C_PSTX_ART,PS: Text Type Authorization for PS Texts,TRTYP,,,Take inputs from Kalpesh on these
ZSG_PS_PRJ.DSP_835,C_PSTX_ART,PS: Text Type Authorization for PS Texts,TXTAR,,,Take inputs from Kalpesh on these
ZSG_PS_PRJ.DSP_835,F_BKPF_BLA,Accounting Document: Authorization for Document Types,BRGRU,,,Take inputs from Kalpesh on these
ZSG_PS_PRJ.DSP_835,F_FAGL_SEG,General Ledger: Authorization for Segment,GLRRCTY,,,Take inputs from Kalpesh on these
ZSG_PS_PRJ.DSP_835,F_FAGL_SEG,General Ledger: Authorization for Segment,SEGMENT,,,Take inputs from Kalpesh on these
ZSG_PS_PRJ.DSP_835,F_KNA1_BED,Customer: Account Authorization,BRGRU,,,Take inputs from Kalpesh on these
ZSG_PS_PRJ.DSP_835,F_KNA1_GRP,Customer: Account Group Authorization,KTOKD,,,Take inputs from Kalpesh on these
ZSG_PS_PRJ.DSP_835,F_LFA1_BEK,Vendor: Account Authorization,BRGRU,,,Take inputs from Kalpesh on these
ZSG_PS_PRJ.DSP_835,G_800S_GSE,Special Purpose Ledger Sets: Set,BRGRU,,,Take inputs from Kalpesh on these
ZSG_PS_PRJ.DSP_835,G_800_GRP,Report Writer: Report,BRGRU,,,Take inputs from Kalpesh on these
ZSG_PS_PRJ.DSP_835,G_803J_GJB,Report Writer: Report Group,BRGRU,,,Take inputs from Kalpesh on these
ZSG_PS_PRJ.DSP_835,K_AUFK_ART,CO-OPA: Order Types,ACTVT,,,Take inputs from Kalpesh on these
ZSG_PS_PRJ.DSP_835,K_AUFK_ART,CO-OPA: Order Types,ASTNR,,,Take inputs from Kalpesh on these
ZSG_PS_PRJ.DSP_835,K_AUFK_ART,CO-OPA: Order Types,AUFART,,,Take inputs from Kalpesh on these
ZSG_PS_PRJ.DSP_835,K_CCA,CO-CCA: Gen. Authorization Object for Cost Center Accounting,CO_ACTION,,,Take inputs from Kalpesh on these
ZSG_PS_PRJ.DSP_835,K_CCA,CO-CCA: Gen. Authorization Object for Cost Center Accounting,KSTAR,,,Take inputs from Kalpesh on these
ZSG_PS_PRJ.DSP_835,K_CCA,CO-CCA: Gen. Authorization Object for Cost Center Accounting,RESPAREA,,,Take inputs from Kalpesh on these
ZSG_PS_PRJ.DSP_835,K_CSKB,CO-CCA: Cost Element Master,ACTVT,,,Take inputs from Kalpesh on these
ZSG_PS_PRJ.DSP_835,K_CSKB,CO-CCA: Cost Element Master,CO_KAINT,,,Take inputs from Kalpesh on these
ZSG_PS_PRJ.DSP_835,K_KA03,CO-CCA: Statistical Key Figures,ACTVT,,,Take inputs from Kalpesh on these
ZSG_PS_PRJ.DSP_835,K_KA09_KVS,CO: Version,BRGRU,,,Take inputs from Kalpesh on these
ZSG_PS_PRJ.DSP_835,K_TKA50,CO: Planner Profiles,BRGRU,,,Take inputs from Kalpesh on these
ZSG_PS_PRJ.DSP_835,M_BEST_BSA,Document Type in Purchase Order,BSART,,,Take inputs from Kalpesh on these
ZSG_PS_PRJ.DSP_835,M_MATE_MAR,Material Master: Material Types,BEGRU,,,Take inputs from Kalpesh on these
ZSG_PS_PRJ.DSP_835,M_MATE_MAT,Material Master: Materials,BEGRU,,,Take inputs from Kalpesh on these
ZSG_PS_PRJ.DSP_835,M_MATE_WGR,Material Master: Material Groups,BEGRU,,,Take inputs from Kalpesh on these
ZSG_PS_PRJ.DSP_835,M_RAHM_BSA,Document Type in Outline Agreement,BSART,,,Take inputs from Kalpesh on these
ZSG_PS_PRJ.DSP_835,S_PROGRAM,ABAP: Program Flow Checks,P_GROUP,,,Take inputs from Kalpesh on these
ZSG_PS_PRJ.DSP_835,WFD_ASSGMT,Workforce Assignment,ACTVT,,,Take inputs from Kalpesh on these
ZSG_PS_PRJ.DSP_835,WFD_ASSGMT,Workforce Assignment,WFD_SCOPE,,,Take inputs from Kalpesh on these
ZSG_PS_PRJ.DSP_872,A_A_VIEW,Asset: View,VIEW,,,Take inputs from Kalpesh on these
ZSG_PS_PRJ.DSP_872,A_S_KOSTL,Asset Master Record Maintenance: Company Code/Cost Center,KOSTL,,,Take inputs from Kalpesh on these
ZSG_PS_PRJ.DSP_872,B_BUPA_GRP,Business Partner: Authorization Groups,ACTVT,,,Take inputs from Kalpesh on these
ZSG_PS_PRJ.DSP_872,B_BUPA_GRP,Business Partner: Authorization Groups,BEGRU,,,Take inputs from Kalpesh on these
ZSG_PS_PRJ.DSP_872,B_BUPA_GRP,Business Partner: Authorization Groups,BEGRU,,,Take inputs from Kalpesh on these
ZSG_PS_PRJ.DSP_872,C_AFKO_AWK,CIM: Plant for order type of order,AUFART,,,Take inputs from Kalpesh on these
ZSG_PS_PRJ.DSP_872,C_AFKO_DIS,Network: MRP Group (Plant) and Transaction Type,DISPO,,,Take inputs from Kalpesh on these
ZSG_PS_PRJ.DSP_872,C_AFKO_DIS,Network: MRP Group (Plant) and Transaction Type,DISPO,,,Take inputs from Kalpesh on these
ZSG_PS_PRJ.DSP_872,C_AFKO_DIS,Network: MRP Group (Plant) and Transaction Type,TRTYP,,,Take inputs from Kalpesh on these
ZSG_PS_PRJ.DSP_872,C_AFVG_TYP,PS: Activity types for network act. and activity elements,PS_VGTYP,,,Take inputs from Kalpesh on these
ZSG_PS_PRJ.DSP_872,C_AFVG_USR,PS: User fields network activity. Activ. element model auth.,USR10_1,,,Take inputs from Kalpesh on these
ZSG_PS_PRJ.DSP_872,C_AFVG_USR,PS: User fields network activity. Activ. element model auth.,USR10_2,,,Take inputs from Kalpesh on these
ZSG_PS_PRJ.DSP_872,C_AFVG_USR,PS: User fields network activity. Activ. element model auth.,USR20_1,,,Take inputs from Kalpesh on these
ZSG_PS_PRJ.DSP_872,C_AFVG_USR,PS: User fields network activity. Activ. element model auth.,USR20_2,,,Take inputs from Kalpesh on these
ZSG_PS_PRJ.DSP_872,C_AFVG_USR,PS: User fields network activity. Activ. element model auth.,USRFLAG_1,,,Take inputs from Kalpesh on these
ZSG_PS_PRJ.DSP_872,C_AFVG_USR,PS: User fields network activity. Activ. element model auth.,USRFLAG_2,,,Take inputs from Kalpesh on these
ZSG_PS_PRJ.DSP_872,C_MLST_BGR,PS: Milestones (Authorization Group),BEGRU,,,Take inputs from Kalpesh on these
ZSG_PS_PRJ.DSP_872,C_PRPS_ART,PS: Project type authorization for WBS elements,PS_ACTVT,,,Take inputs from Kalpesh on these
ZSG_PS_PRJ.DSP_872,C_PRPS_ART,PS: Project type authorization for WBS elements,PS_PRART,,,Take inputs from Kalpesh on these
ZSG_PS_PRJ.DSP_872,C_PRPS_ART,PS: Project type authorization for WBS elements,PS_PRART,,,Take inputs from Kalpesh on these
ZSG_PS_PRJ.DSP_872,C_PRPS_KOK,PS: Controlling Area Authorization for WBS elements,PS_ACTVT,,,Take inputs from Kalpesh on these
ZSG_PS_PRJ.DSP_872,C_PRPS_KST,PS: Cost Center Authorization for WBS elements,PS_ACTVT,,,Take inputs from Kalpesh on these
ZSG_PS_PRJ.DSP_872,C_PRPS_KST,PS: Cost Center Authorization for WBS elements,PS_FKOKR,,,Take inputs from Kalpesh on these
ZSG_PS_PRJ.DSP_872,C_PRPS_KST,PS: Cost Center Authorization for WBS elements,PS_FKOKR,,,Take inputs from Kalpesh on these
ZSG_PS_PRJ.DSP_872,C_PRPS_KST,PS: Cost Center Authorization for WBS elements,PS_FKSTL,,,Take inputs from Kalpesh on these
ZSG_PS_PRJ.DSP_872,C_PRPS_KST,PS: Cost Center Authorization for WBS elements,PS_FKSTL,,,Take inputs from Kalpesh on these
ZSG_PS_PRJ.DSP_872,C_PRPS_PRC,PS: Profit Center Authorization for WBS elements,PS_ACTVT,,,Take inputs from Kalpesh on these
ZSG_PS_PRJ.DSP_872,C_PRPS_USR,PS: Model for User Field Authorization for WBS elements,USR10_1,,,Take inputs from Kalpesh on these
ZSG_PS_PRJ.DSP_872,C_PRPS_USR,PS: Model for User Field Authorization for WBS elements,USR10_2,,,Take inputs from Kalpesh on these
ZSG_PS_PRJ.DSP_872,C_PRPS_USR,PS: Model for User Field Authorization for WBS elements,USR20_1,,,Take inputs from Kalpesh on these
ZSG_PS_PRJ.DSP_872,C_PRPS_USR,PS: Model for User Field Authorization for WBS elements,USR20_2,,,Take inputs from Kalpesh on these
ZSG_PS_PRJ.DSP_872,C_PRPS_USR,PS: Model for User Field Authorization for WBS elements,USRFLAG_1,,,Take inputs from Kalpesh on these
ZSG_PS_PRJ.DSP_872,C_PRPS_USR,PS: Model for User Field Authorization for WBS elements,USRFLAG_2,,,Take inputs from Kalpesh on these
ZSG_PS_PRJ.DSP_872,C_PRPS_VNR,PS: Project Manager Authorization for WBS elements,PS_ACTVT,,,Take inputs from Kalpesh on these
ZSG_PS_PRJ.DSP_872,C_PRPS_VNR,PS: Project Manager Authorization for WBS elements,PS_VERNR,,,Take inputs from Kalpesh on these
ZSG_PS_PRJ.DSP_872,C_PRPS_VNR,PS: Project Manager Authorization for WBS elements,PS_VERNR,,,Take inputs from Kalpesh on these
ZSG_PS_PRJ.DSP_872,C_PSTX_ART,PS: Text Type Authorization for PS Texts,TRTYP,,,Take inputs from Kalpesh on these
ZSG_PS_PRJ.DSP_872,C_PSTX_ART,PS: Text Type Authorization for PS Texts,TXTAR,,,Take inputs from Kalpesh on these
ZSG_PS_PRJ.DSP_872,F_BKPF_BLA,Accounting Document: Authorization for Document Types,BRGRU,,,Take inputs from Kalpesh on these
ZSG_PS_PRJ.DSP_872,F_FAGL_SEG,General Ledger: Authorization for Segment,GLRRCTY,,,Take inputs from Kalpesh on these
ZSG_PS_PRJ.DSP_872,F_FAGL_SEG,General Ledger: Authorization for Segment,SEGMENT,,,Take inputs from Kalpesh on these
ZSG_PS_PRJ.DSP_872,F_KNA1_BED,Customer: Account Authorization,BRGRU,,,Take inputs from Kalpesh on these
ZSG_PS_PRJ.DSP_872,F_KNA1_GRP,Customer: Account Group Authorization,KTOKD,,,Take inputs from Kalpesh on these
ZSG_PS_PRJ.DSP_872,F_LFA1_BEK,Vendor: Account Authorization,BRGRU,,,Take inputs from Kalpesh on these
ZSG_PS_PRJ.DSP_872,G_800S_GSE,Special Purpose Ledger Sets: Set,BRGRU,,,Take inputs from Kalpesh on these
ZSG_PS_PRJ.DSP_872,G_800_GRP,Report Writer: Report,BRGRU,,,Take inputs from Kalpesh on these
ZSG_PS_PRJ.DSP_872,G_803J_GJB,Report Writer: Report Group,BRGRU,,,Take inputs from Kalpesh on these
ZSG_PS_PRJ.DSP_872,K_AUFK_ART,CO-OPA: Order Types,ACTVT,,,Take inputs from Kalpesh on these
ZSG_PS_PRJ.DSP_872,K_AUFK_ART,CO-OPA: Order Types,ASTNR,,,Take inputs from Kalpesh on these
ZSG_PS_PRJ.DSP_872,K_AUFK_ART,CO-OPA: Order Types,AUFART,,,Take inputs from Kalpesh on these
ZSG_PS_PRJ.DSP_872,K_CCA,CO-CCA: Gen. Authorization Object for Cost Center Accounting,CO_ACTION,,,Take inputs from Kalpesh on these
ZSG_PS_PRJ.DSP_872,K_CCA,CO-CCA: Gen. Authorization Object for Cost Center Accounting,KSTAR,,,Take inputs from Kalpesh on these
ZSG_PS_PRJ.DSP_872,K_CCA,CO-CCA: Gen. Authorization Object for Cost Center Accounting,RESPAREA,,,Take inputs from Kalpesh on these
ZSG_PS_PRJ.DSP_872,K_CSKB,CO-CCA: Cost Element Master,ACTVT,,,Take inputs from Kalpesh on these
ZSG_PS_PRJ.DSP_872,K_CSKB,CO-CCA: Cost Element Master,CO_KAINT,,,Take inputs from Kalpesh on these
ZSG_PS_PRJ.DSP_872,K_KA03,CO-CCA: Statistical Key Figures,ACTVT,,,Take inputs from Kalpesh on these
ZSG_PS_PRJ.DSP_872,K_KA09_KVS,CO: Version,BRGRU,,,Take inputs from Kalpesh on these
ZSG_PS_PRJ.DSP_872,K_TKA50,CO: Planner Profiles,BRGRU,,,Take inputs from Kalpesh on these
ZSG_PS_PRJ.DSP_872,M_BEST_BSA,Document Type in Purchase Order,BSART,,,Take inputs from Kalpesh on these
ZSG_PS_PRJ.DSP_872,M_MATE_MAR,Material Master: Material Types,BEGRU,,,Take inputs from Kalpesh on these
ZSG_PS_PRJ.DSP_872,M_MATE_MAT,Material Master: Materials,BEGRU,,,Take inputs from Kalpesh on these
ZSG_PS_PRJ.DSP_872,M_MATE_WGR,Material Master: Material Groups,BEGRU,,,Take inputs from Kalpesh on these
ZSG_PS_PRJ.DSP_872,M_RAHM_BSA,Document Type in Outline Agreement,BSART,,,Take inputs from Kalpesh on these
ZSG_PS_PRJ.DSP_872,S_PROGRAM,ABAP: Program Flow Checks,P_GROUP,,,Take inputs from Kalpesh on these
ZSG_PS_PRJ.DSP_872,WFD_ASSGMT,Workforce Assignment,ACTVT,,,Take inputs from Kalpesh on these
ZSG_PS_PRJ.DSP_872,WFD_ASSGMT,Workforce Assignment,WFD_SCOPE,,,Take inputs from Kalpesh on these
ZSG_PS_PRJ.DSP_873,A_A_VIEW,Asset: View,VIEW,,,Take inputs from Kalpesh on these
ZSG_PS_PRJ.DSP_873,A_S_KOSTL,Asset Master Record Maintenance: Company Code/Cost Center,KOSTL,,,Take inputs from Kalpesh on these
ZSG_PS_PRJ.DSP_873,B_BUPA_GRP,Business Partner: Authorization Groups,ACTVT,,,Take inputs from Kalpesh on these
ZSG_PS_PRJ.DSP_873,B_BUPA_GRP,Business Partner: Authorization Groups,BEGRU,,,Take inputs from Kalpesh on these
ZSG_PS_PRJ.DSP_873,B_BUPA_GRP,Business Partner: Authorization Groups,BEGRU,,,Take inputs from Kalpesh on these
ZSG_PS_PRJ.DSP_873,C_AFKO_AWK,CIM: Plant for order type of order,AUFART,,,Take inputs from Kalpesh on these
ZSG_PS_PRJ.DSP_873,C_AFKO_DIS,Network: MRP Group (Plant) and Transaction Type,DISPO,,,Take inputs from Kalpesh on these
ZSG_PS_PRJ.DSP_873,C_AFKO_DIS,Network: MRP Group (Plant) and Transaction Type,DISPO,,,Take inputs from Kalpesh on these
ZSG_PS_PRJ.DSP_873,C_AFKO_DIS,Network: MRP Group (Plant) and Transaction Type,TRTYP,,,Take inputs from Kalpesh on these
ZSG_PS_PRJ.DSP_873,C_AFVG_TYP,PS: Activity types for network act. and activity elements,PS_VGTYP,,,Take inputs from Kalpesh on these
ZSG_PS_PRJ.DSP_873,C_AFVG_USR,PS: User fields network activity. Activ. element model auth.,USR10_1,,,Take inputs from Kalpesh on these
ZSG_PS_PRJ.DSP_873,C_AFVG_USR,PS: User fields network activity. Activ. element model auth.,USR10_2,,,Take inputs from Kalpesh on these
ZSG_PS_PRJ.DSP_873,C_AFVG_USR,PS: User fields network activity. Activ. element model auth.,USR20_1,,,Take inputs from Kalpesh on these
ZSG_PS_PRJ.DSP_873,C_AFVG_USR,PS: User fields network activity. Activ. element model auth.,USR20_2,,,Take inputs from Kalpesh on these
ZSG_PS_PRJ.DSP_873,C_AFVG_USR,PS: User fields network activity. Activ. element model auth.,USRFLAG_1,,,Take inputs from Kalpesh on these
ZSG_PS_PRJ.DSP_873,C_AFVG_USR,PS: User fields network activity. Activ. element model auth.,USRFLAG_2,,,Take inputs from Kalpesh on these
ZSG_PS_PRJ.DSP_873,C_MLST_BGR,PS: Milestones (Authorization Group),BEGRU,,,Take inputs from Kalpesh on these
ZSG_PS_PRJ.DSP_873,C_PRPS_ART,PS: Project type authorization for WBS elements,PS_ACTVT,,,Take inputs from Kalpesh on these
ZSG_PS_PRJ.DSP_873,C_PRPS_ART,PS: Project type authorization for WBS elements,PS_PRART,,,Take inputs from Kalpesh on these
ZSG_PS_PRJ.DSP_873,C_PRPS_ART,PS: Project type authorization for WBS elements,PS_PRART,,,Take inputs from Kalpesh on these
ZSG_PS_PRJ.DSP_873,C_PRPS_KOK,PS: Controlling Area Authorization for WBS elements,PS_ACTVT,,,Take inputs from Kalpesh on these
ZSG_PS_PRJ.DSP_873,C_PRPS_KST,PS: Cost Center Authorization for WBS elements,PS_ACTVT,,,Take inputs from Kalpesh on these
ZSG_PS_PRJ.DSP_873,C_PRPS_KST,PS: Cost Center Authorization for WBS elements,PS_FKOKR,,,Take inputs from Kalpesh on these
ZSG_PS_PRJ.DSP_873,C_PRPS_KST,PS: Cost Center Authorization for WBS elements,PS_FKOKR,,,Take inputs from Kalpesh on these
ZSG_PS_PRJ.DSP_873,C_PRPS_KST,PS: Cost Center Authorization for WBS elements,PS_FKSTL,,,Take inputs from Kalpesh on these
ZSG_PS_PRJ.DSP_873,C_PRPS_KST,PS: Cost Center Authorization for WBS elements,PS_FKSTL,,,Take inputs from Kalpesh on these
ZSG_PS_PRJ.DSP_873,C_PRPS_PRC,PS: Profit Center Authorization for WBS elements,PS_ACTVT,,,Take inputs from Kalpesh on these
ZSG_PS_PRJ.DSP_873,C_PRPS_USR,PS: Model for User Field Authorization for WBS elements,USR10_1,,,Take inputs from Kalpesh on these
ZSG_PS_PRJ.DSP_873,C_PRPS_USR,PS: Model for User Field Authorization for WBS elements,USR10_2,,,Take inputs from Kalpesh on these
ZSG_PS_PRJ.DSP_873,C_PRPS_USR,PS: Model for User Field Authorization for WBS elements,USR20_1,,,Take inputs from Kalpesh on these
ZSG_PS_PRJ.DSP_873,C_PRPS_USR,PS: Model for User Field Authorization for WBS elements,USR20_2,,,Take inputs from Kalpesh on these
ZSG_PS_PRJ.DSP_873,C_PRPS_USR,PS: Model for User Field Authorization for WBS elements,USRFLAG_1,,,Take inputs from Kalpesh on these
ZSG_PS_PRJ.DSP_873,C_PRPS_USR,PS: Model for User Field Authorization for WBS elements,USRFLAG_2,,,Take inputs from Kalpesh on these
ZSG_PS_PRJ.DSP_873,C_PRPS_VNR,PS: Project Manager Authorization for WBS elements,PS_ACTVT,,,Take inputs from Kalpesh on these
ZSG_PS_PRJ.DSP_873,C_PRPS_VNR,PS: Project Manager Authorization for WBS elements,PS_VERNR,,,Take inputs from Kalpesh on these
ZSG_PS_PRJ.DSP_873,C_PRPS_VNR,PS: Project Manager Authorization for WBS elements,PS_VERNR,,,Take inputs from Kalpesh on these
ZSG_PS_PRJ.DSP_873,C_PSTX_ART,PS: Text Type Authorization for PS Texts,TRTYP,,,Take inputs from Kalpesh on these
ZSG_PS_PRJ.DSP_873,C_PSTX_ART,PS: Text Type Authorization for PS Texts,TXTAR,,,Take inputs from Kalpesh on these
ZSG_PS_PRJ.DSP_873,F_BKPF_BLA,Accounting Document: Authorization for Document Types,BRGRU,,,Take inputs from Kalpesh on these
ZSG_PS_PRJ.DSP_873,F_FAGL_SEG,General Ledger: Authorization for Segment,GLRRCTY,,,Take inputs from Kalpesh on these
ZSG_PS_PRJ.DSP_873,F_FAGL_SEG,General Ledger: Authorization for Segment,SEGMENT,,,Take inputs from Kalpesh on these
ZSG_PS_PRJ.DSP_873,F_KNA1_BED,Customer: Account Authorization,BRGRU,,,Take inputs from Kalpesh on these
ZSG_PS_PRJ.DSP_873,F_KNA1_GRP,Customer: Account Group Authorization,KTOKD,,,Take inputs from Kalpesh on these
ZSG_PS_PRJ.DSP_873,F_LFA1_BEK,Vendor: Account Authorization,BRGRU,,,Take inputs from Kalpesh on these
ZSG_PS_PRJ.DSP_873,G_800S_GSE,Special Purpose Ledger Sets: Set,BRGRU,,,Take inputs from Kalpesh on these
ZSG_PS_PRJ.DSP_873,G_800_GRP,Report Writer: Report,BRGRU,,,Take inputs from Kalpesh on these
ZSG_PS_PRJ.DSP_873,G_803J_GJB,Report Writer: Report Group,BRGRU,,,Take inputs from Kalpesh on these
ZSG_PS_PRJ.DSP_873,K_AUFK_ART,CO-OPA: Order Types,ACTVT,,,Take inputs from Kalpesh on these
ZSG_PS_PRJ.DSP_873,K_AUFK_ART,CO-OPA: Order Types,ASTNR,,,Take inputs from Kalpesh on these
ZSG_PS_PRJ.DSP_873,K_AUFK_ART,CO-OPA: Order Types,AUFART,,,Take inputs from Kalpesh on these
ZSG_PS_PRJ.DSP_873,K_CCA,CO-CCA: Gen. Authorization Object for Cost Center Accounting,CO_ACTION,,,Take inputs from Kalpesh on these
ZSG_PS_PRJ.DSP_873,K_CCA,CO-CCA: Gen. Authorization Object for Cost Center Accounting,KSTAR,,,Take inputs from Kalpesh on these
ZSG_PS_PRJ.DSP_873,K_CCA,CO-CCA: Gen. Authorization Object for Cost Center Accounting,RESPAREA,,,Take inputs from Kalpesh on these
ZSG_PS_PRJ.DSP_873,K_CSKB,CO-CCA: Cost Element Master,ACTVT,,,Take inputs from Kalpesh on these
ZSG_PS_PRJ.DSP_873,K_CSKB,CO-CCA: Cost Element Master,CO_KAINT,,,Take inputs from Kalpesh on these
ZSG_PS_PRJ.DSP_873,K_KA03,CO-CCA: Statistical Key Figures,ACTVT,,,Take inputs from Kalpesh on these
ZSG_PS_PRJ.DSP_873,K_KA09_KVS,CO: Version,BRGRU,,,Take inputs from Kalpesh on these
ZSG_PS_PRJ.DSP_873,K_TKA50,CO: Planner Profiles,BRGRU,,,Take inputs from Kalpesh on these
ZSG_PS_PRJ.DSP_873,M_BEST_BSA,Document Type in Purchase Order,BSART,,,Take inputs from Kalpesh on these
ZSG_PS_PRJ.DSP_873,M_MATE_MAR,Material Master: Material Types,BEGRU,,,Take inputs from Kalpesh on these
ZSG_PS_PRJ.DSP_873,M_MATE_MAT,Material Master: Materials,BEGRU,,,Take inputs from Kalpesh on these
ZSG_PS_PRJ.DSP_873,M_MATE_WGR,Material Master: Material Groups,BEGRU,,,Take inputs from Kalpesh on these
ZSG_PS_PRJ.DSP_873,M_RAHM_BSA,Document Type in Outline Agreement,BSART,,,Take inputs from Kalpesh on these
ZSG_PS_PRJ.DSP_873,S_PROGRAM,ABAP: Program Flow Checks,P_GROUP,,,Take inputs from Kalpesh on these
ZSG_PS_PRJ.DSP_873,WFD_ASSGMT,Workforce Assignment,ACTVT,,,Take inputs from Kalpesh on these
ZSG_PS_PRJ.DSP_873,WFD_ASSGMT,Workforce Assignment,WFD_SCOPE,,,Take inputs from Kalpesh on these
ZSG_PS_PRJ.DSP_XXX,A_A_VIEW,Asset: View,VIEW,,,Take inputs from Kalpesh on these
ZSG_PS_PRJ.DSP_XXX,A_S_KOSTL,Asset Master Record Maintenance: Company Code/Cost Center,KOSTL,,,Take inputs from Kalpesh on these
ZSG_PS_PRJ.DSP_XXX,B_BUPA_GRP,Business Partner: Authorization Groups,ACTVT,,,Take inputs from Kalpesh on these
ZSG_PS_PRJ.DSP_XXX,B_BUPA_GRP,Business Partner: Authorization Groups,BEGRU,,,Take inputs from Kalpesh on these
ZSG_PS_PRJ.DSP_XXX,B_BUPA_GRP,Business Partner: Authorization Groups,BEGRU,,,Take inputs from Kalpesh on these
ZSG_PS_PRJ.DSP_XXX,C_AFKO_AWK,CIM: Plant for order type of order,AUFART,,,Take inputs from Kalpesh on these
ZSG_PS_PRJ.DSP_XXX,C_AFKO_DIS,Network: MRP Group (Plant) and Transaction Type,DISPO,,,Take inputs from Kalpesh on these
ZSG_PS_PRJ.DSP_XXX,C_AFKO_DIS,Network: MRP Group (Plant) and Transaction Type,DISPO,,,Take inputs from Kalpesh on these
ZSG_PS_PRJ.DSP_XXX,C_AFKO_DIS,Network: MRP Group (Plant) and Transaction Type,TRTYP,,,Take inputs from Kalpesh on these
ZSG_PS_PRJ.DSP_XXX,C_AFVG_TYP,PS: Activity types for network act. and activity elements,PS_VGTYP,,,Take inputs from Kalpesh on these
ZSG_PS_PRJ.DSP_XXX,C_AFVG_USR,PS: User fields network activity. Activ. element model auth.,USR10_1,,,Take inputs from Kalpesh on these
ZSG_PS_PRJ.DSP_XXX,C_AFVG_USR,PS: User fields network activity. Activ. element model auth.,USR10_2,,,Take inputs from Kalpesh on these
ZSG_PS_PRJ.DSP_XXX,C_AFVG_USR,PS: User fields network activity. Activ. element model auth.,USR20_1,,,Take inputs from Kalpesh on these
ZSG_PS_PRJ.DSP_XXX,C_AFVG_USR,PS: User fields network activity. Activ. element model auth.,USR20_2,,,Take inputs from Kalpesh on these
ZSG_PS_PRJ.DSP_XXX,C_AFVG_USR,PS: User fields network activity. Activ. element model auth.,USRFLAG_1,,,Take inputs from Kalpesh on these
ZSG_PS_PRJ.DSP_XXX,C_AFVG_USR,PS: User fields network activity. Activ. element model auth.,USRFLAG_2,,,Take inputs from Kalpesh on these
ZSG_PS_PRJ.DSP_XXX,C_MLST_BGR,PS: Milestones (Authorization Group),BEGRU,,,Take inputs from Kalpesh on these
ZSG_PS_PRJ.DSP_XXX,C_PRPS_ART,PS: Project type authorization for WBS elements,PS_ACTVT,,,Take inputs from Kalpesh on these
ZSG_PS_PRJ.DSP_XXX,C_PRPS_ART,PS: Project type authorization for WBS elements,PS_PRART,,,Take inputs from Kalpesh on these
ZSG_PS_PRJ.DSP_XXX,C_PRPS_ART,PS: Project type authorization for WBS elements,PS_PRART,,,Take inputs from Kalpesh on these
ZSG_PS_PRJ.DSP_XXX,C_PRPS_KOK,PS: Controlling Area Authorization for WBS elements,PS_ACTVT,,,Take inputs from Kalpesh on these
ZSG_PS_PRJ.DSP_XXX,C_PRPS_KST,PS: Cost Center Authorization for WBS elements,PS_ACTVT,,,Take inputs from Kalpesh on these
ZSG_PS_PRJ.DSP_XXX,C_PRPS_KST,PS: Cost Center Authorization for WBS elements,PS_FKOKR,,,Take inputs from Kalpesh on these
ZSG_PS_PRJ.DSP_XXX,C_PRPS_KST,PS: Cost Center Authorization for WBS elements,PS_FKOKR,,,Take inputs from Kalpesh on these
ZSG_PS_PRJ.DSP_XXX,C_PRPS_KST,PS: Cost Center Authorization for WBS elements,PS_FKSTL,,,Take inputs from Kalpesh on these
ZSG_PS_PRJ.DSP_XXX,C_PRPS_KST,PS: Cost Center Authorization for WBS elements,PS_FKSTL,,,Take inputs from Kalpesh on these
ZSG_PS_PRJ.DSP_XXX,C_PRPS_PRC,PS: Profit Center Authorization for WBS elements,PS_ACTVT,,,Take inputs from Kalpesh on these
ZSG_PS_PRJ.DSP_XXX,C_PRPS_USR,PS: Model for User Field Authorization for WBS elements,USR10_1,,,Take inputs from Kalpesh on these
ZSG_PS_PRJ.DSP_XXX,C_PRPS_USR,PS: Model for User Field Authorization for WBS elements,USR10_2,,,Take inputs from Kalpesh on these
ZSG_PS_PRJ.DSP_XXX,C_PRPS_USR,PS: Model for User Field Authorization for WBS elements,USR20_1,,,Take inputs from Kalpesh on these
ZSG_PS_PRJ.DSP_XXX,C_PRPS_USR,PS: Model for User Field Authorization for WBS elements,USR20_2,,,Take inputs from Kalpesh on these
ZSG_PS_PRJ.DSP_XXX,C_PRPS_USR,PS: Model for User Field Authorization for WBS elements,USRFLAG_1,,,Take inputs from Kalpesh on these
ZSG_PS_PRJ.DSP_XXX,C_PRPS_USR,PS: Model for User Field Authorization for WBS elements,USRFLAG_2,,,Take inputs from Kalpesh on these
ZSG_PS_PRJ.DSP_XXX,C_PRPS_VNR,PS: Project Manager Authorization for WBS elements,PS_ACTVT,,,Take inputs from Kalpesh on these
ZSG_PS_PRJ.DSP_XXX,C_PRPS_VNR,PS: Project Manager Authorization for WBS elements,PS_VERNR,,,Take inputs from Kalpesh on these
ZSG_PS_PRJ.DSP_XXX,C_PRPS_VNR,PS: Project Manager Authorization for WBS elements,PS_VERNR,,,Take inputs from Kalpesh on these
ZSG_PS_PRJ.DSP_XXX,C_PSTX_ART,PS: Text Type Authorization for PS Texts,TRTYP,,,Take inputs from Kalpesh on these
ZSG_PS_PRJ.DSP_XXX,C_PSTX_ART,PS: Text Type Authorization for PS Texts,TXTAR,,,Take inputs from Kalpesh on these
ZSG_PS_PRJ.DSP_XXX,F_BKPF_BLA,Accounting Document: Authorization for Document Types,BRGRU,,,Take inputs from Kalpesh on these
ZSG_PS_PRJ.DSP_XXX,F_FAGL_SEG,General Ledger: Authorization for Segment,GLRRCTY,,,Take inputs from Kalpesh on these
ZSG_PS_PRJ.DSP_XXX,F_FAGL_SEG,General Ledger: Authorization for Segment,SEGMENT,,,Take inputs from Kalpesh on these
ZSG_PS_PRJ.DSP_XXX,F_KNA1_BED,Customer: Account Authorization,BRGRU,,,Take inputs from Kalpesh on these
ZSG_PS_PRJ.DSP_XXX,F_KNA1_GRP,Customer: Account Group Authorization,KTOKD,,,Take inputs from Kalpesh on these
ZSG_PS_PRJ.DSP_XXX,F_LFA1_BEK,Vendor: Account Authorization,BRGRU,,,Take inputs from Kalpesh on these
ZSG_PS_PRJ.DSP_XXX,G_800S_GSE,Special Purpose Ledger Sets: Set,BRGRU,,,Take inputs from Kalpesh on these
ZSG_PS_PRJ.DSP_XXX,G_800_GRP,Report Writer: Report,BRGRU,,,Take inputs from Kalpesh on these
ZSG_PS_PRJ.DSP_XXX,G_803J_GJB,Report Writer: Report Group,BRGRU,,,Take inputs from Kalpesh on these
ZSG_PS_PRJ.DSP_XXX,K_AUFK_ART,CO-OPA: Order Types,ACTVT,,,Take inputs from Kalpesh on these
ZSG_PS_PRJ.DSP_XXX,K_AUFK_ART,CO-OPA: Order Types,ASTNR,,,Take inputs from Kalpesh on these
ZSG_PS_PRJ.DSP_XXX,K_AUFK_ART,CO-OPA: Order Types,AUFART,,,Take inputs from Kalpesh on these
ZSG_PS_PRJ.DSP_XXX,K_CCA,CO-CCA: Gen. Authorization Object for Cost Center Accounting,CO_ACTION,,,Take inputs from Kalpesh on these
ZSG_PS_PRJ.DSP_XXX,K_CCA,CO-CCA: Gen. Authorization Object for Cost Center Accounting,KSTAR,,,Take inputs from Kalpesh on these
ZSG_PS_PRJ.DSP_XXX,K_CCA,CO-CCA: Gen. Authorization Object for Cost Center Accounting,RESPAREA,,,Take inputs from Kalpesh on these
ZSG_PS_PRJ.DSP_XXX,K_CSKB,CO-CCA: Cost Element Master,ACTVT,,,Take inputs from Kalpesh on these
ZSG_PS_PRJ.DSP_XXX,K_CSKB,CO-CCA: Cost Element Master,CO_KAINT,,,Take inputs from Kalpesh on these
ZSG_PS_PRJ.DSP_XXX,K_KA03,CO-CCA: Statistical Key Figures,ACTVT,,,Take inputs from Kalpesh on these
ZSG_PS_PRJ.DSP_XXX,K_KA09_KVS,CO: Version,BRGRU,,,Take inputs from Kalpesh on these
ZSG_PS_PRJ.DSP_XXX,K_TKA50,CO: Planner Profiles,BRGRU,,,Take inputs from Kalpesh on these
ZSG_PS_PRJ.DSP_XXX,M_BEST_BSA,Document Type in Purchase Order,BSART,,,Take inputs from Kalpesh on these
ZSG_PS_PRJ.DSP_XXX,M_MATE_MAR,Material Master: Material Types,BEGRU,,,Take inputs from Kalpesh on these
ZSG_PS_PRJ.DSP_XXX,M_MATE_MAT,Material Master: Materials,BEGRU,,,Take inputs from Kalpesh on these
ZSG_PS_PRJ.DSP_XXX,M_MATE_WGR,Material Master: Material Groups,BEGRU,,,Take inputs from Kalpesh on these
ZSG_PS_PRJ.DSP_XXX,M_RAHM_BSA,Document Type in Outline Agreement,BSART,,,Take inputs from Kalpesh on these
ZSG_PS_PRJ.DSP_XXX,S_PROGRAM,ABAP: Program Flow Checks,P_GROUP,,,Take inputs from Kalpesh on these
ZSG_PS_PRJ.DSP_XXX,WFD_ASSGMT,Workforce Assignment,ACTVT,,,Take inputs from Kalpesh on these
ZSG_PS_PRJ.DSP_XXX,WFD_ASSGMT,Workforce Assignment,WFD_SCOPE,,,Take inputs from Kalpesh on these
ZSG_PS_PRJ.MEC.PROC_835,B_BUPA_GRP,Business Partner: Authorization Groups,BEGRU,,,Take inputs from Kalpesh on these
ZSG_PS_PRJ.MEC.PROC_835,B_BUPA_RLT,Business Partner: BP Roles,RLTYP,,,Take inputs from Kalpesh on these
ZSG_PS_PRJ.MEC.PROC_835,C_AFKO_DIS,Network: MRP Group (Plant) and Transaction Type,DISPO,,,Take inputs from Kalpesh on these
ZSG_PS_PRJ.MEC.PROC_835,C_PROJ_TCD,PS: Transaction-Specific Authorizations in Project System,PSARG,,,Take inputs from Kalpesh on these
ZSG_PS_PRJ.MEC.PROC_835,C_PROJ_TCD,PS: Transaction-Specific Authorizations in Project System,TRTYP,,,Take inputs from Kalpesh on these
ZSG_PS_PRJ.MEC.PROC_835,C_PROJ_VNR,PS: Project Manager for Project Definition,PS_VERNR,,,Take inputs from Kalpesh on these
ZSG_PS_PRJ.MEC.PROC_835,C_PRPS_ART,PS: Project type authorization for WBS elements,PS_PRART,,,Take inputs from Kalpesh on these
ZSG_PS_PRJ.MEC.PROC_835,C_PRPS_KST,PS: Cost Center Authorization for WBS elements,PS_FKOKR,,,Take inputs from Kalpesh on these
ZSG_PS_PRJ.MEC.PROC_835,C_PRPS_KST,PS: Cost Center Authorization for WBS elements,PS_FKSTL,,,Take inputs from Kalpesh on these
ZSG_PS_PRJ.MEC.PROC_835,C_PRPS_VNR,PS: Project Manager Authorization for WBS elements,PS_VERNR,,,Take inputs from Kalpesh on these
ZSG_PS_PRJ.MEC.PROC_835,F_BKPF_BUP,Accounting Document: Authorization for Posting Periods,BRGRU,,,Take inputs from Kalpesh on these
ZSG_PS_PRJ.MEC.PROC_835,K_AUFK_ART,CO-OPA: Order Types,ASTNR,,,Take inputs from Kalpesh on these
ZSG_PS_PRJ.MEC.PROC_835,K_AUFK_ART,CO-OPA: Order Types,AUFART,,,Take inputs from Kalpesh on these
ZSG_PS_PRJ.MEC.PROC_835,K_ORDER,CO-OPA: General authorization object for internal orders,AUFART,,,Take inputs from Kalpesh on these
ZSG_PS_PRJ.MEC.PROC_835,K_ORDER,CO-OPA: General authorization object for internal orders,AUTHPHASE,,,Take inputs from Kalpesh on these
ZSG_PS_PRJ.MEC.PROC_835,K_ORDER,CO-OPA: General authorization object for internal orders,CO_ACTION,,,Take inputs from Kalpesh on these
ZSG_PS_PRJ.MEC.PROC_835,K_ORDER,CO-OPA: General authorization object for internal orders,KSTAR,,,Take inputs from Kalpesh on these
ZSG_PS_PRJ.MEC.PROC_835,K_ORDER,CO-OPA: General authorization object for internal orders,RESPAREA,,,Take inputs from Kalpesh on these
ZSG_PS_PRJ.MEC.PROC_835,K_TP_VALU,Transfer Price Valuations,ACTVT,,,Take inputs from Kalpesh on these
ZSG_PS_PRJ.MEC.PROC_835,K_TP_VALU,Transfer Price Valuations,VALUTYP,,,Take inputs from Kalpesh on these
ZSG_PS_PRJ.MEC.PROC_872,B_BUPA_GRP,Business Partner: Authorization Groups,BEGRU,,,Take inputs from Kalpesh on these
ZSG_PS_PRJ.MEC.PROC_872,B_BUPA_RLT,Business Partner: BP Roles,RLTYP,,,Take inputs from Kalpesh on these
ZSG_PS_PRJ.MEC.PROC_872,C_AFKO_DIS,Network: MRP Group (Plant) and Transaction Type,DISPO,,,Take inputs from Kalpesh on these
ZSG_PS_PRJ.MEC.PROC_872,C_PROJ_TCD,PS: Transaction-Specific Authorizations in Project System,PSARG,,,Take inputs from Kalpesh on these
ZSG_PS_PRJ.MEC.PROC_872,C_PROJ_TCD,PS: Transaction-Specific Authorizations in Project System,TRTYP,,,Take inputs from Kalpesh on these
ZSG_PS_PRJ.MEC.PROC_872,C_PROJ_VNR,PS: Project Manager for Project Definition,PS_VERNR,,,Take inputs from Kalpesh on these
ZSG_PS_PRJ.MEC.PROC_872,C_PRPS_ART,PS: Project type authorization for WBS elements,PS_PRART,,,Take inputs from Kalpesh on these
ZSG_PS_PRJ.MEC.PROC_872,C_PRPS_KST,PS: Cost Center Authorization for WBS elements,PS_FKOKR,,,Take inputs from Kalpesh on these
ZSG_PS_PRJ.MEC.PROC_872,C_PRPS_KST,PS: Cost Center Authorization for WBS elements,PS_FKSTL,,,Take inputs from Kalpesh on these
ZSG_PS_PRJ.MEC.PROC_872,C_PRPS_VNR,PS: Project Manager Authorization for WBS elements,PS_VERNR,,,Take inputs from Kalpesh on these
ZSG_PS_PRJ.MEC.PROC_872,F_BKPF_BUP,Accounting Document: Authorization for Posting Periods,BRGRU,,,Take inputs from Kalpesh on these
ZSG_PS_PRJ.MEC.PROC_872,K_AUFK_ART,CO-OPA: Order Types,ASTNR,,,Take inputs from Kalpesh on these
ZSG_PS_PRJ.MEC.PROC_872,K_AUFK_ART,CO-OPA: Order Types,AUFART,,,Take inputs from Kalpesh on these
ZSG_PS_PRJ.MEC.PROC_872,K_ORDER,CO-OPA: General authorization object for internal orders,AUFART,,,Take inputs from Kalpesh on these
ZSG_PS_PRJ.MEC.PROC_872,K_ORDER,CO-OPA: General authorization object for internal orders,AUTHPHASE,,,Take inputs from Kalpesh on these
ZSG_PS_PRJ.MEC.PROC_872,K_ORDER,CO-OPA: General authorization object for internal orders,CO_ACTION,,,Take inputs from Kalpesh on these
ZSG_PS_PRJ.MEC.PROC_872,K_ORDER,CO-OPA: General authorization object for internal orders,KSTAR,,,Take inputs from Kalpesh on these
ZSG_PS_PRJ.MEC.PROC_872,K_ORDER,CO-OPA: General authorization object for internal orders,RESPAREA,,,Take inputs from Kalpesh on these
ZSG_PS_PRJ.MEC.PROC_872,K_TP_VALU,Transfer Price Valuations,ACTVT,,,Take inputs from Kalpesh on these
ZSG_PS_PRJ.MEC.PROC_872,K_TP_VALU,Transfer Price Valuations,VALUTYP,,,Take inputs from Kalpesh on these
ZSG_PS_PRJ.MEC.PROC_873,B_BUPA_GRP,Business Partner: Authorization Groups,BEGRU,,,Take inputs from Kalpesh on these
ZSG_PS_PRJ.MEC.PROC_873,B_BUPA_RLT,Business Partner: BP Roles,RLTYP,,,Take inputs from Kalpesh on these
ZSG_PS_PRJ.MEC.PROC_873,C_AFKO_DIS,Network: MRP Group (Plant) and Transaction Type,DISPO,,,Take inputs from Kalpesh on these
ZSG_PS_PRJ.MEC.PROC_873,C_PROJ_TCD,PS: Transaction-Specific Authorizations in Project System,PSARG,,,Take inputs from Kalpesh on these
ZSG_PS_PRJ.MEC.PROC_873,C_PROJ_TCD,PS: Transaction-Specific Authorizations in Project System,TRTYP,,,Take inputs from Kalpesh on these
ZSG_PS_PRJ.MEC.PROC_873,C_PROJ_VNR,PS: Project Manager for Project Definition,PS_VERNR,,,Take inputs from Kalpesh on these
ZSG_PS_PRJ.MEC.PROC_873,C_PRPS_ART,PS: Project type authorization for WBS elements,PS_PRART,,,Take inputs from Kalpesh on these
ZSG_PS_PRJ.MEC.PROC_873,C_PRPS_KST,PS: Cost Center Authorization for WBS elements,PS_FKOKR,,,Take inputs from Kalpesh on these
ZSG_PS_PRJ.MEC.PROC_873,C_PRPS_KST,PS: Cost Center Authorization for WBS elements,PS_FKSTL,,,Take inputs from Kalpesh on these
ZSG_PS_PRJ.MEC.PROC_873,C_PRPS_VNR,PS: Project Manager Authorization for WBS elements,PS_VERNR,,,Take inputs from Kalpesh on these
ZSG_PS_PRJ.MEC.PROC_873,F_BKPF_BUP,Accounting Document: Authorization for Posting Periods,BRGRU,,,Take inputs from Kalpesh on these
ZSG_PS_PRJ.MEC.PROC_873,K_AUFK_ART,CO-OPA: Order Types,ASTNR,,,Take inputs from Kalpesh on these
ZSG_PS_PRJ.MEC.PROC_873,K_AUFK_ART,CO-OPA: Order Types,AUFART,,,Take inputs from Kalpesh on these
ZSG_PS_PRJ.MEC.PROC_873,K_ORDER,CO-OPA: General authorization object for internal orders,AUFART,,,Take inputs from Kalpesh on these
ZSG_PS_PRJ.MEC.PROC_873,K_ORDER,CO-OPA: General authorization object for internal orders,AUTHPHASE,,,Take inputs from Kalpesh on these
ZSG_PS_PRJ.MEC.PROC_873,K_ORDER,CO-OPA: General authorization object for internal orders,CO_ACTION,,,Take inputs from Kalpesh on these
ZSG_PS_PRJ.MEC.PROC_873,K_ORDER,CO-OPA: General authorization object for internal orders,KSTAR,,,Take inputs from Kalpesh on these
ZSG_PS_PRJ.MEC.PROC_873,K_ORDER,CO-OPA: General authorization object for internal orders,RESPAREA,,,Take inputs from Kalpesh on these
ZSG_PS_PRJ.MEC.PROC_873,K_TP_VALU,Transfer Price Valuations,ACTVT,,,Take inputs from Kalpesh on these
ZSG_PS_PRJ.MEC.PROC_873,K_TP_VALU,Transfer Price Valuations,VALUTYP,,,Take inputs from Kalpesh on these
ZSG_PS_PRJ.MEC.PROC_XXX,B_BUPA_GRP,Business Partner: Authorization Groups,BEGRU,,,Take inputs from Kalpesh on these
ZSG_PS_PRJ.MEC.PROC_XXX,B_BUPA_RLT,Business Partner: BP Roles,RLTYP,,,Take inputs from Kalpesh on these
ZSG_PS_PRJ.MEC.PROC_XXX,C_AFKO_DIS,Network: MRP Group (Plant) and Transaction Type,DISPO,,,Take inputs from Kalpesh on these
ZSG_PS_PRJ.MEC.PROC_XXX,C_PROJ_TCD,PS: Transaction-Specific Authorizations in Project System,PSARG,,,Take inputs from Kalpesh on these
ZSG_PS_PRJ.MEC.PROC_XXX,C_PROJ_TCD,PS: Transaction-Specific Authorizations in Project System,TRTYP,,,Take inputs from Kalpesh on these
ZSG_PS_PRJ.MEC.PROC_XXX,C_PROJ_VNR,PS: Project Manager for Project Definition,PS_VERNR,,,Take inputs from Kalpesh on these
ZSG_PS_PRJ.MEC.PROC_XXX,C_PRPS_ART,PS: Project type authorization for WBS elements,PS_PRART,,,Take inputs from Kalpesh on these
ZSG_PS_PRJ.MEC.PROC_XXX,C_PRPS_KST,PS: Cost Center Authorization for WBS elements,PS_FKOKR,,,Take inputs from Kalpesh on these
ZSG_PS_PRJ.MEC.PROC_XXX,C_PRPS_KST,PS: Cost Center Authorization for WBS elements,PS_FKSTL,,,Take inputs from Kalpesh on these
ZSG_PS_PRJ.MEC.PROC_XXX,C_PRPS_VNR,PS: Project Manager Authorization for WBS elements,PS_VERNR,,,Take inputs from Kalpesh on these
ZSG_PS_PRJ.MEC.PROC_XXX,F_BKPF_BUP,Accounting Document: Authorization for Posting Periods,BRGRU,,,Take inputs from Kalpesh on these
ZSG_PS_PRJ.MEC.PROC_XXX,K_AUFK_ART,CO-OPA: Order Types,ASTNR,,,Take inputs from Kalpesh on these
ZSG_PS_PRJ.MEC.PROC_XXX,K_AUFK_ART,CO-OPA: Order Types,AUFART,,,Take inputs from Kalpesh on these
ZSG_PS_PRJ.MEC.PROC_XXX,K_ORDER,CO-OPA: General authorization object for internal orders,AUFART,,,Take inputs from Kalpesh on these
ZSG_PS_PRJ.MEC.PROC_XXX,K_ORDER,CO-OPA: General authorization object for internal orders,AUTHPHASE,,,Take inputs from Kalpesh on these
ZSG_PS_PRJ.MEC.PROC_XXX,K_ORDER,CO-OPA: General authorization object for internal orders,CO_ACTION,,,Take inputs from Kalpesh on these
ZSG_PS_PRJ.MEC.PROC_XXX,K_ORDER,CO-OPA: General authorization object for internal orders,KSTAR,,,Take inputs from Kalpesh on these
ZSG_PS_PRJ.MEC.PROC_XXX,K_ORDER,CO-OPA: General authorization object for internal orders,RESPAREA,,,Take inputs from Kalpesh on these
ZSG_PS_PRJ.MEC.PROC_XXX,K_TP_VALU,Transfer Price Valuations,ACTVT,,,Take inputs from Kalpesh on these
ZSG_PS_PRJ.MEC.PROC_XXX,K_TP_VALU,Transfer Price Valuations,VALUTYP,,,Take inputs from Kalpesh on these
ZSG_PS_PRJ.PCT.PROC_835,B_BUPA_GRP,Business Partner: Authorization Groups,BEGRU,,,Take inputs from Kalpesh on these
ZSG_PS_PRJ.PCT.PROC_835,C_PROJ_VNR,PS: Project Manager for Project Definition,PS_VERNR,,,Take inputs from Kalpesh on these
ZSG_PS_PRJ.PCT.PROC_835,C_PRPS_ART,PS: Project type authorization for WBS elements,PS_PRART,,,Take inputs from Kalpesh on these
ZSG_PS_PRJ.PCT.PROC_835,C_PRPS_KST,PS: Cost Center Authorization for WBS elements,PS_FKOKR,,,Take inputs from Kalpesh on these
ZSG_PS_PRJ.PCT.PROC_835,C_PRPS_KST,PS: Cost Center Authorization for WBS elements,PS_FKOKR,,,Take inputs from Kalpesh on these
ZSG_PS_PRJ.PCT.PROC_835,C_PRPS_KST,PS: Cost Center Authorization for WBS elements,PS_FKSTL,,,Take inputs from Kalpesh on these
ZSG_PS_PRJ.PCT.PROC_835,C_PRPS_KST,PS: Cost Center Authorization for WBS elements,PS_FKSTL,,,Take inputs from Kalpesh on these
ZSG_PS_PRJ.PCT.PROC_835,C_PRPS_USR,PS: Model for User Field Authorization for WBS elements,USR10_1,,,Take inputs from Kalpesh on these
ZSG_PS_PRJ.PCT.PROC_835,C_PRPS_USR,PS: Model for User Field Authorization for WBS elements,USR10_2,,,Take inputs from Kalpesh on these
ZSG_PS_PRJ.PCT.PROC_835,C_PRPS_USR,PS: Model for User Field Authorization for WBS elements,USR20_1,,,Take inputs from Kalpesh on these
ZSG_PS_PRJ.PCT.PROC_835,C_PRPS_USR,PS: Model for User Field Authorization for WBS elements,USR20_2,,,Take inputs from Kalpesh on these
ZSG_PS_PRJ.PCT.PROC_835,C_PRPS_USR,PS: Model for User Field Authorization for WBS elements,USRFLAG_1,,,Take inputs from Kalpesh on these
ZSG_PS_PRJ.PCT.PROC_835,C_PRPS_USR,PS: Model for User Field Authorization for WBS elements,USRFLAG_2,,,Take inputs from Kalpesh on these
ZSG_PS_PRJ.PCT.PROC_835,C_PRPS_VNR,PS: Project Manager Authorization for WBS elements,PS_VERNR,,,Take inputs from Kalpesh on these
ZSG_PS_PRJ.PCT.PROC_835,K_KA09_KVS,CO: Version,BRGRU,,,Take inputs from Kalpesh on these
ZSG_PS_PRJ.PCT.PROC_835,K_ORDER,CO-OPA: General authorization object for internal orders,AUFART,,,Take inputs from Kalpesh on these
ZSG_PS_PRJ.PCT.PROC_835,K_ORDER,CO-OPA: General authorization object for internal orders,AUTHPHASE,,,Take inputs from Kalpesh on these
ZSG_PS_PRJ.PCT.PROC_835,K_ORDER,CO-OPA: General authorization object for internal orders,KSTAR,,,Take inputs from Kalpesh on these
ZSG_PS_PRJ.PCT.PROC_835,K_ORDER,CO-OPA: General authorization object for internal orders,RESPAREA,,,Take inputs from Kalpesh on these
ZSG_PS_PRJ.PCT.PROC_835,M_MATE_MAR,Material Master: Material Types,BEGRU,,,Take inputs from Kalpesh on these
ZSG_PS_PRJ.PCT.PROC_835,M_MATE_MAT,Material Master: Materials,BEGRU,,,Take inputs from Kalpesh on these
ZSG_PS_PRJ.PCT.PROC_835,M_MATE_WGR,Material Master: Material Groups,BEGRU,,,Take inputs from Kalpesh on these
ZSG_PS_PRJ.PCT.PROC_872,B_BUPA_GRP,Business Partner: Authorization Groups,BEGRU,,,Take inputs from Kalpesh on these
ZSG_PS_PRJ.PCT.PROC_872,C_PROJ_VNR,PS: Project Manager for Project Definition,PS_VERNR,,,Take inputs from Kalpesh on these
ZSG_PS_PRJ.PCT.PROC_872,C_PRPS_ART,PS: Project type authorization for WBS elements,PS_PRART,,,Take inputs from Kalpesh on these
ZSG_PS_PRJ.PCT.PROC_872,C_PRPS_KST,PS: Cost Center Authorization for WBS elements,PS_FKOKR,,,Take inputs from Kalpesh on these
ZSG_PS_PRJ.PCT.PROC_872,C_PRPS_KST,PS: Cost Center Authorization for WBS elements,PS_FKOKR,,,Take inputs from Kalpesh on these
ZSG_PS_PRJ.PCT.PROC_872,C_PRPS_KST,PS: Cost Center Authorization for WBS elements,PS_FKSTL,,,Take inputs from Kalpesh on these
ZSG_PS_PRJ.PCT.PROC_872,C_PRPS_KST,PS: Cost Center Authorization for WBS elements,PS_FKSTL,,,Take inputs from Kalpesh on these
ZSG_PS_PRJ.PCT.PROC_872,C_PRPS_USR,PS: Model for User Field Authorization for WBS elements,USR10_1,,,Take inputs from Kalpesh on these
ZSG_PS_PRJ.PCT.PROC_872,C_PRPS_USR,PS: Model for User Field Authorization for WBS elements,USR10_2,,,Take inputs from Kalpesh on these
ZSG_PS_PRJ.PCT.PROC_872,C_PRPS_USR,PS: Model for User Field Authorization for WBS elements,USR20_1,,,Take inputs from Kalpesh on these
ZSG_PS_PRJ.PCT.PROC_872,C_PRPS_USR,PS: Model for User Field Authorization for WBS elements,USR20_2,,,Take inputs from Kalpesh on these
ZSG_PS_PRJ.PCT.PROC_872,C_PRPS_USR,PS: Model for User Field Authorization for WBS elements,USRFLAG_1,,,Take inputs from Kalpesh on these
ZSG_PS_PRJ.PCT.PROC_872,C_PRPS_USR,PS: Model for User Field Authorization for WBS elements,USRFLAG_2,,,Take inputs from Kalpesh on these
ZSG_PS_PRJ.PCT.PROC_872,C_PRPS_VNR,PS: Project Manager Authorization for WBS elements,PS_VERNR,,,Take inputs from Kalpesh on these
ZSG_PS_PRJ.PCT.PROC_872,K_KA09_KVS,CO: Version,BRGRU,,,Take inputs from Kalpesh on these
ZSG_PS_PRJ.PCT.PROC_872,K_ORDER,CO-OPA: General authorization object for internal orders,AUFART,,,Take inputs from Kalpesh on these
ZSG_PS_PRJ.PCT.PROC_872,K_ORDER,CO-OPA: General authorization object for internal orders,AUTHPHASE,,,Take inputs from Kalpesh on these
ZSG_PS_PRJ.PCT.PROC_872,K_ORDER,CO-OPA: General authorization object for internal orders,KSTAR,,,Take inputs from Kalpesh on these
ZSG_PS_PRJ.PCT.PROC_872,K_ORDER,CO-OPA: General authorization object for internal orders,RESPAREA,,,Take inputs from Kalpesh on these
ZSG_PS_PRJ.PCT.PROC_872,M_MATE_MAR,Material Master: Material Types,BEGRU,,,Take inputs from Kalpesh on these
ZSG_PS_PRJ.PCT.PROC_872,M_MATE_MAT,Material Master: Materials,BEGRU,,,Take inputs from Kalpesh on these
ZSG_PS_PRJ.PCT.PROC_872,M_MATE_WGR,Material Master: Material Groups,BEGRU,,,Take inputs from Kalpesh on these
ZSG_PS_PRJ.PCT.PROC_873,B_BUPA_GRP,Business Partner: Authorization Groups,BEGRU,,,Take inputs from Kalpesh on these
ZSG_PS_PRJ.PCT.PROC_873,C_PROJ_VNR,PS: Project Manager for Project Definition,PS_VERNR,,,Take inputs from Kalpesh on these
ZSG_PS_PRJ.PCT.PROC_873,C_PRPS_ART,PS: Project type authorization for WBS elements,PS_PRART,,,Take inputs from Kalpesh on these
ZSG_PS_PRJ.PCT.PROC_873,C_PRPS_KST,PS: Cost Center Authorization for WBS elements,PS_FKOKR,,,Take inputs from Kalpesh on these
ZSG_PS_PRJ.PCT.PROC_873,C_PRPS_KST,PS: Cost Center Authorization for WBS elements,PS_FKOKR,,,Take inputs from Kalpesh on these
ZSG_PS_PRJ.PCT.PROC_873,C_PRPS_KST,PS: Cost Center Authorization for WBS elements,PS_FKSTL,,,Take inputs from Kalpesh on these
ZSG_PS_PRJ.PCT.PROC_873,C_PRPS_KST,PS: Cost Center Authorization for WBS elements,PS_FKSTL,,,Take inputs from Kalpesh on these
ZSG_PS_PRJ.PCT.PROC_873,C_PRPS_USR,PS: Model for User Field Authorization for WBS elements,USR10_1,,,Take inputs from Kalpesh on these
ZSG_PS_PRJ.PCT.PROC_873,C_PRPS_USR,PS: Model for User Field Authorization for WBS elements,USR10_2,,,Take inputs from Kalpesh on these
ZSG_PS_PRJ.PCT.PROC_873,C_PRPS_USR,PS: Model for User Field Authorization for WBS elements,USR20_1,,,Take inputs from Kalpesh on these
ZSG_PS_PRJ.PCT.PROC_873,C_PRPS_USR,PS: Model for User Field Authorization for WBS elements,USR20_2,,,Take inputs from Kalpesh on these
ZSG_PS_PRJ.PCT.PROC_873,C_PRPS_USR,PS: Model for User Field Authorization for WBS elements,USRFLAG_1,,,Take inputs from Kalpesh on these
ZSG_PS_PRJ.PCT.PROC_873,C_PRPS_USR,PS: Model for User Field Authorization for WBS elements,USRFLAG_2,,,Take inputs from Kalpesh on these
ZSG_PS_PRJ.PCT.PROC_873,C_PRPS_VNR,PS: Project Manager Authorization for WBS elements,PS_VERNR,,,Take inputs from Kalpesh on these
ZSG_PS_PRJ.PCT.PROC_873,K_KA09_KVS,CO: Version,BRGRU,,,Take inputs from Kalpesh on these
ZSG_PS_PRJ.PCT.PROC_873,K_ORDER,CO-OPA: General authorization object for internal orders,AUFART,,,Take inputs from Kalpesh on these
ZSG_PS_PRJ.PCT.PROC_873,K_ORDER,CO-OPA: General authorization object for internal orders,AUTHPHASE,,,Take inputs from Kalpesh on these
ZSG_PS_PRJ.PCT.PROC_873,K_ORDER,CO-OPA: General authorization object for internal orders,KSTAR,,,Take inputs from Kalpesh on these
ZSG_PS_PRJ.PCT.PROC_873,K_ORDER,CO-OPA: General authorization object for internal orders,RESPAREA,,,Take inputs from Kalpesh on these
ZSG_PS_PRJ.PCT.PROC_873,M_MATE_MAR,Material Master: Material Types,BEGRU,,,Take inputs from Kalpesh on these
ZSG_PS_PRJ.PCT.PROC_873,M_MATE_MAT,Material Master: Materials,BEGRU,,,Take inputs from Kalpesh on these
ZSG_PS_PRJ.PCT.PROC_873,M_MATE_WGR,Material Master: Material Groups,BEGRU,,,Take inputs from Kalpesh on these
ZSG_PS_PRJ.PCT.PROC_XXX,B_BUPA_GRP,Business Partner: Authorization Groups,BEGRU,,,Take inputs from Kalpesh on these
ZSG_PS_PRJ.PCT.PROC_XXX,C_PROJ_VNR,PS: Project Manager for Project Definition,PS_VERNR,,,Take inputs from Kalpesh on these
ZSG_PS_PRJ.PCT.PROC_XXX,C_PRPS_ART,PS: Project type authorization for WBS elements,PS_PRART,,,Take inputs from Kalpesh on these
ZSG_PS_PRJ.PCT.PROC_XXX,C_PRPS_KST,PS: Cost Center Authorization for WBS elements,PS_FKOKR,,,Take inputs from Kalpesh on these
ZSG_PS_PRJ.PCT.PROC_XXX,C_PRPS_KST,PS: Cost Center Authorization for WBS elements,PS_FKOKR,,,Take inputs from Kalpesh on these
ZSG_PS_PRJ.PCT.PROC_XXX,C_PRPS_KST,PS: Cost Center Authorization for WBS elements,PS_FKSTL,,,Take inputs from Kalpesh on these
ZSG_PS_PRJ.PCT.PROC_XXX,C_PRPS_KST,PS: Cost Center Authorization for WBS elements,PS_FKSTL,,,Take inputs from Kalpesh on these
ZSG_PS_PRJ.PCT.PROC_XXX,C_PRPS_USR,PS: Model for User Field Authorization for WBS elements,USR10_1,,,Take inputs from Kalpesh on these
ZSG_PS_PRJ.PCT.PROC_XXX,C_PRPS_USR,PS: Model for User Field Authorization for WBS elements,USR10_2,,,Take inputs from Kalpesh on these
ZSG_PS_PRJ.PCT.PROC_XXX,C_PRPS_USR,PS: Model for User Field Authorization for WBS elements,USR20_1,,,Take inputs from Kalpesh on these
ZSG_PS_PRJ.PCT.PROC_XXX,C_PRPS_USR,PS: Model for User Field Authorization for WBS elements,USR20_2,,,Take inputs from Kalpesh on these
ZSG_PS_PRJ.PCT.PROC_XXX,C_PRPS_USR,PS: Model for User Field Authorization for WBS elements,USRFLAG_1,,,Take inputs from Kalpesh on these
ZSG_PS_PRJ.PCT.PROC_XXX,C_PRPS_USR,PS: Model for User Field Authorization for WBS elements,USRFLAG_2,,,Take inputs from Kalpesh on these
ZSG_PS_PRJ.PCT.PROC_XXX,C_PRPS_VNR,PS: Project Manager Authorization for WBS elements,PS_VERNR,,,Take inputs from Kalpesh on these
ZSG_PS_PRJ.PCT.PROC_XXX,K_KA09_KVS,CO: Version,BRGRU,,,Take inputs from Kalpesh on these
ZSG_PS_PRJ.PCT.PROC_XXX,K_ORDER,CO-OPA: General authorization object for internal orders,AUFART,,,Take inputs from Kalpesh on these
ZSG_PS_PRJ.PCT.PROC_XXX,K_ORDER,CO-OPA: General authorization object for internal orders,AUTHPHASE,,,Take inputs from Kalpesh on these
ZSG_PS_PRJ.PCT.PROC_XXX,K_ORDER,CO-OPA: General authorization object for internal orders,KSTAR,,,Take inputs from Kalpesh on these
ZSG_PS_PRJ.PCT.PROC_XXX,K_ORDER,CO-OPA: General authorization object for internal orders,RESPAREA,,,Take inputs from Kalpesh on these
ZSG_PS_PRJ.PCT.PROC_XXX,M_MATE_MAR,Material Master: Material Types,BEGRU,,,Take inputs from Kalpesh on these
ZSG_PS_PRJ.PCT.PROC_XXX,M_MATE_MAT,Material Master: Materials,BEGRU,,,Take inputs from Kalpesh on these
ZSG_PS_PRJ.PCT.PROC_XXX,M_MATE_WGR,Material Master: Material Groups,BEGRU,,,Take inputs from Kalpesh on these
ZSG_PS_PRJ.PFS.PROC_835,B_BUPA_GRP,Business Partner: Authorization Groups,BEGRU,,,Take inputs from Kalpesh on these
ZSG_PS_PRJ.PFS.PROC_835,CRM_ORD_PR,Authorization Object CRM Order - Business Transaction Type,PR_TYPE,,,Take inputs from Kalpesh on these
ZSG_PS_PRJ.PFS.PROC_835,C_AFVG_TYP,PS: Activity types for network act. and activity elements,PS_VGTYP,,,Take inputs from Kalpesh on these
ZSG_PS_PRJ.PFS.PROC_835,C_PRPS_ART,PS: Project type authorization for WBS elements,PS_PRART,,,Take inputs from Kalpesh on these
ZSG_PS_PRJ.PFS.PROC_835,C_PRPS_KST,PS: Cost Center Authorization for WBS elements,PS_FKOKR,,,Take inputs from Kalpesh on these
ZSG_PS_PRJ.PFS.PROC_835,C_PRPS_KST,PS: Cost Center Authorization for WBS elements,PS_FKSTL,,,Take inputs from Kalpesh on these
ZSG_PS_PRJ.PFS.PROC_835,C_PRPS_USR,PS: Model for User Field Authorization for WBS elements,USR10_1,,,Take inputs from Kalpesh on these
ZSG_PS_PRJ.PFS.PROC_835,C_PRPS_USR,PS: Model for User Field Authorization for WBS elements,USR10_2,,,Take inputs from Kalpesh on these
ZSG_PS_PRJ.PFS.PROC_835,C_PRPS_USR,PS: Model for User Field Authorization for WBS elements,USR20_1,,,Take inputs from Kalpesh on these
ZSG_PS_PRJ.PFS.PROC_835,C_PRPS_USR,PS: Model for User Field Authorization for WBS elements,USR20_2,,,Take inputs from Kalpesh on these
ZSG_PS_PRJ.PFS.PROC_835,C_PRPS_USR,PS: Model for User Field Authorization for WBS elements,USRFLAG_1,,,Take inputs from Kalpesh on these
ZSG_PS_PRJ.PFS.PROC_835,C_PRPS_USR,PS: Model for User Field Authorization for WBS elements,USRFLAG_2,,,Take inputs from Kalpesh on these
ZSG_PS_PRJ.PFS.PROC_835,C_PRPS_VNR,PS: Project Manager Authorization for WBS elements,PS_VERNR,,,Take inputs from Kalpesh on these
ZSG_PS_PRJ.PFS.PROC_835,F_BKPF_BLA,Accounting Document: Authorization for Document Types,BRGRU,,,Take inputs from Kalpesh on these
ZSG_PS_PRJ.PFS.PROC_835,F_BKPF_BUP,Accounting Document: Authorization for Posting Periods,BRGRU,,,Take inputs from Kalpesh on these
ZSG_PS_PRJ.PFS.PROC_835,F_FAGL_LDR,General Ledger: Authorization for Ledger,GLRLDNR,,,Take inputs from Kalpesh on these
ZSG_PS_PRJ.PFS.PROC_835,F_FAGL_LDR,General Ledger: Authorization for Ledger,GLRRCTY,,,Take inputs from Kalpesh on these
ZSG_PS_PRJ.PFS.PROC_835,F_FAGL_LDR,General Ledger: Authorization for Ledger,GLRVERS,,,Take inputs from Kalpesh on these
ZSG_PS_PRJ.PFS.PROC_835,F_KNA1_GRP,Customer: Account Group Authorization,KTOKD,,,Take inputs from Kalpesh on these
ZSG_PS_PRJ.PFS.PROC_835,K_CCA,CO-CCA: Gen. Authorization Object for Cost Center Accounting,RESPAREA,,,Take inputs from Kalpesh on these
ZSG_PS_PRJ.PFS.PROC_835,K_CSKA_SET,CO-CCA: Cost Element Groups,KTOPL,,,Take inputs from Kalpesh on these
ZSG_PS_PRJ.PFS.PROC_835,K_CSKB_PLA,CO-CCA: Cost Element Planning,KSTAR,,,Take inputs from Kalpesh on these
ZSG_PS_PRJ.PFS.PROC_835,K_CSKS,CO-CCA: Cost Center Master,KOSTL,,,Take inputs from Kalpesh on these
ZSG_PS_PRJ.PFS.PROC_835,K_CSKS_PLA,CO-CCA: Cost Center Planning,KOSTL,,,Take inputs from Kalpesh on these
ZSG_PS_PRJ.PFS.PROC_835,K_KA09_KVS,CO: Version,BRGRU,,,Take inputs from Kalpesh on these
ZSG_PS_PRJ.PFS.PROC_835,K_TKA50,CO: Planner Profiles,BRGRU,,,Take inputs from Kalpesh on these
ZSG_PS_PRJ.PFS.PROC_835,M_MATE_MAR,Material Master: Material Types,BEGRU,,,Take inputs from Kalpesh on these
ZSG_PS_PRJ.PFS.PROC_835,M_MATE_MAT,Material Master: Materials,BEGRU,,,Take inputs from Kalpesh on these
ZSG_PS_PRJ.PFS.PROC_835,M_MATE_WGR,Material Master: Material Groups,BEGRU,,,Take inputs from Kalpesh on these
ZSG_PS_PRJ.PFS.PROC_835,V_VBAK_AAT,Sales Document: Authorization for Sales Document Types,AUART,,,Take inputs from Kalpesh on these
ZSG_PS_PRJ.PFS.PROC_872,B_BUPA_GRP,Business Partner: Authorization Groups,BEGRU,,,Take inputs from Kalpesh on these
ZSG_PS_PRJ.PFS.PROC_872,CRM_ORD_PR,Authorization Object CRM Order - Business Transaction Type,PR_TYPE,,,Take inputs from Kalpesh on these
ZSG_PS_PRJ.PFS.PROC_872,C_AFVG_TYP,PS: Activity types for network act. and activity elements,PS_VGTYP,,,Take inputs from Kalpesh on these
ZSG_PS_PRJ.PFS.PROC_872,C_PRPS_ART,PS: Project type authorization for WBS elements,PS_PRART,,,Take inputs from Kalpesh on these
ZSG_PS_PRJ.PFS.PROC_872,C_PRPS_KST,PS: Cost Center Authorization for WBS elements,PS_FKOKR,,,Take inputs from Kalpesh on these
ZSG_PS_PRJ.PFS.PROC_872,C_PRPS_KST,PS: Cost Center Authorization for WBS elements,PS_FKSTL,,,Take inputs from Kalpesh on these
ZSG_PS_PRJ.PFS.PROC_872,C_PRPS_USR,PS: Model for User Field Authorization for WBS elements,USR10_1,,,Take inputs from Kalpesh on these
ZSG_PS_PRJ.PFS.PROC_872,C_PRPS_USR,PS: Model for User Field Authorization for WBS elements,USR10_2,,,Take inputs from Kalpesh on these
ZSG_PS_PRJ.PFS.PROC_872,C_PRPS_USR,PS: Model for User Field Authorization for WBS elements,USR20_1,,,Take inputs from Kalpesh on these
ZSG_PS_PRJ.PFS.PROC_872,C_PRPS_USR,PS: Model for User Field Authorization for WBS elements,USR20_2,,,Take inputs from Kalpesh on these
ZSG_PS_PRJ.PFS.PROC_872,C_PRPS_USR,PS: Model for User Field Authorization for WBS elements,USRFLAG_1,,,Take inputs from Kalpesh on these
ZSG_PS_PRJ.PFS.PROC_872,C_PRPS_USR,PS: Model for User Field Authorization for WBS elements,USRFLAG_2,,,Take inputs from Kalpesh on these
ZSG_PS_PRJ.PFS.PROC_872,C_PRPS_VNR,PS: Project Manager Authorization for WBS elements,PS_VERNR,,,Take inputs from Kalpesh on these
ZSG_PS_PRJ.PFS.PROC_872,F_BKPF_BLA,Accounting Document: Authorization for Document Types,BRGRU,,,Take inputs from Kalpesh on these
ZSG_PS_PRJ.PFS.PROC_872,F_BKPF_BUP,Accounting Document: Authorization for Posting Periods,BRGRU,,,Take inputs from Kalpesh on these
ZSG_PS_PRJ.PFS.PROC_872,F_FAGL_LDR,General Ledger: Authorization for Ledger,GLRLDNR,,,Take inputs from Kalpesh on these
ZSG_PS_PRJ.PFS.PROC_872,F_FAGL_LDR,General Ledger: Authorization for Ledger,GLRRCTY,,,Take inputs from Kalpesh on these
ZSG_PS_PRJ.PFS.PROC_872,F_FAGL_LDR,General Ledger: Authorization for Ledger,GLRVERS,,,Take inputs from Kalpesh on these
ZSG_PS_PRJ.PFS.PROC_872,F_KNA1_GRP,Customer: Account Group Authorization,KTOKD,,,Take inputs from Kalpesh on these
ZSG_PS_PRJ.PFS.PROC_872,K_CCA,CO-CCA: Gen. Authorization Object for Cost Center Accounting,RESPAREA,,,Take inputs from Kalpesh on these
ZSG_PS_PRJ.PFS.PROC_872,K_CSKA_SET,CO-CCA: Cost Element Groups,KTOPL,,,Take inputs from Kalpesh on these
ZSG_PS_PRJ.PFS.PROC_872,K_CSKB_PLA,CO-CCA: Cost Element Planning,KSTAR,,,Take inputs from Kalpesh on these
ZSG_PS_PRJ.PFS.PROC_872,K_CSKS,CO-CCA: Cost Center Master,KOSTL,,,Take inputs from Kalpesh on these
ZSG_PS_PRJ.PFS.PROC_872,K_CSKS_PLA,CO-CCA: Cost Center Planning,KOSTL,,,Take inputs from Kalpesh on these
ZSG_PS_PRJ.PFS.PROC_872,K_KA09_KVS,CO: Version,BRGRU,,,Take inputs from Kalpesh on these
ZSG_PS_PRJ.PFS.PROC_872,K_TKA50,CO: Planner Profiles,BRGRU,,,Take inputs from Kalpesh on these
ZSG_PS_PRJ.PFS.PROC_872,M_MATE_MAR,Material Master: Material Types,BEGRU,,,Take inputs from Kalpesh on these
ZSG_PS_PRJ.PFS.PROC_872,M_MATE_MAT,Material Master: Materials,BEGRU,,,Take inputs from Kalpesh on these
ZSG_PS_PRJ.PFS.PROC_872,M_MATE_WGR,Material Master: Material Groups,BEGRU,,,Take inputs from Kalpesh on these
ZSG_PS_PRJ.PFS.PROC_872,V_VBAK_AAT,Sales Document: Authorization for Sales Document Types,AUART,,,Take inputs from Kalpesh on these
ZSG_PS_PRJ.PFS.PROC_873,B_BUPA_GRP,Business Partner: Authorization Groups,BEGRU,,,Take inputs from Kalpesh on these
ZSG_PS_PRJ.PFS.PROC_873,CRM_ORD_PR,Authorization Object CRM Order - Business Transaction Type,PR_TYPE,,,Take inputs from Kalpesh on these
ZSG_PS_PRJ.PFS.PROC_873,C_AFVG_TYP,PS: Activity types for network act. and activity elements,PS_VGTYP,,,Take inputs from Kalpesh on these
ZSG_PS_PRJ.PFS.PROC_873,C_PRPS_ART,PS: Project type authorization for WBS elements,PS_PRART,,,Take inputs from Kalpesh on these
ZSG_PS_PRJ.PFS.PROC_873,C_PRPS_KST,PS: Cost Center Authorization for WBS elements,PS_FKOKR,,,Take inputs from Kalpesh on these
ZSG_PS_PRJ.PFS.PROC_873,C_PRPS_KST,PS: Cost Center Authorization for WBS elements,PS_FKSTL,,,Take inputs from Kalpesh on these
ZSG_PS_PRJ.PFS.PROC_873,C_PRPS_USR,PS: Model for User Field Authorization for WBS elements,USR10_1,,,Take inputs from Kalpesh on these
ZSG_PS_PRJ.PFS.PROC_873,C_PRPS_USR,PS: Model for User Field Authorization for WBS elements,USR10_2,,,Take inputs from Kalpesh on these
ZSG_PS_PRJ.PFS.PROC_873,C_PRPS_USR,PS: Model for User Field Authorization for WBS elements,USR20_1,,,Take inputs from Kalpesh on these
ZSG_PS_PRJ.PFS.PROC_873,C_PRPS_USR,PS: Model for User Field Authorization for WBS elements,USR20_2,,,Take inputs from Kalpesh on these
ZSG_PS_PRJ.PFS.PROC_873,C_PRPS_USR,PS: Model for User Field Authorization for WBS elements,USRFLAG_1,,,Take inputs from Kalpesh on these
ZSG_PS_PRJ.PFS.PROC_873,C_PRPS_USR,PS: Model for User Field Authorization for WBS elements,USRFLAG_2,,,Take inputs from Kalpesh on these
ZSG_PS_PRJ.PFS.PROC_873,C_PRPS_VNR,PS: Project Manager Authorization for WBS elements,PS_VERNR,,,Take inputs from Kalpesh on these
ZSG_PS_PRJ.PFS.PROC_873,F_BKPF_BLA,Accounting Document: Authorization for Document Types,BRGRU,,,Take inputs from Kalpesh on these
ZSG_PS_PRJ.PFS.PROC_873,F_BKPF_BUP,Accounting Document: Authorization for Posting Periods,BRGRU,,,Take inputs from Kalpesh on these
ZSG_PS_PRJ.PFS.PROC_873,F_FAGL_LDR,General Ledger: Authorization for Ledger,GLRLDNR,,,Take inputs from Kalpesh on these
ZSG_PS_PRJ.PFS.PROC_873,F_FAGL_LDR,General Ledger: Authorization for Ledger,GLRRCTY,,,Take inputs from Kalpesh on these
ZSG_PS_PRJ.PFS.PROC_873,F_FAGL_LDR,General Ledger: Authorization for Ledger,GLRVERS,,,Take inputs from Kalpesh on these
ZSG_PS_PRJ.PFS.PROC_873,F_KNA1_GRP,Customer: Account Group Authorization,KTOKD,,,Take inputs from Kalpesh on these
ZSG_PS_PRJ.PFS.PROC_873,K_CCA,CO-CCA: Gen. Authorization Object for Cost Center Accounting,RESPAREA,,,Take inputs from Kalpesh on these
ZSG_PS_PRJ.PFS.PROC_873,K_CSKA_SET,CO-CCA: Cost Element Groups,KTOPL,,,Take inputs from Kalpesh on these
ZSG_PS_PRJ.PFS.PROC_873,K_CSKB_PLA,CO-CCA: Cost Element Planning,KSTAR,,,Take inputs from Kalpesh on these
ZSG_PS_PRJ.PFS.PROC_873,K_CSKS,CO-CCA: Cost Center Master,KOSTL,,,Take inputs from Kalpesh on these
ZSG_PS_PRJ.PFS.PROC_873,K_CSKS_PLA,CO-CCA: Cost Center Planning,KOSTL,,,Take inputs from Kalpesh on these
ZSG_PS_PRJ.PFS.PROC_873,K_KA09_KVS,CO: Version,BRGRU,,,Take inputs from Kalpesh on these
ZSG_PS_PRJ.PFS.PROC_873,K_TKA50,CO: Planner Profiles,BRGRU,,,Take inputs from Kalpesh on these
ZSG_PS_PRJ.PFS.PROC_873,M_MATE_MAR,Material Master: Material Types,BEGRU,,,Take inputs from Kalpesh on these
ZSG_PS_PRJ.PFS.PROC_873,M_MATE_MAT,Material Master: Materials,BEGRU,,,Take inputs from Kalpesh on these
ZSG_PS_PRJ.PFS.PROC_873,M_MATE_WGR,Material Master: Material Groups,BEGRU,,,Take inputs from Kalpesh on these
ZSG_PS_PRJ.PFS.PROC_873,V_VBAK_AAT,Sales Document: Authorization for Sales Document Types,AUART,,,Take inputs from Kalpesh on these
ZSG_PS_PRJ.PFS.PROC_XXX,B_BUPA_GRP,Business Partner: Authorization Groups,BEGRU,,,Take inputs from Kalpesh on these
ZSG_PS_PRJ.PFS.PROC_XXX,CRM_ORD_PR,Authorization Object CRM Order - Business Transaction Type,PR_TYPE,,,Take inputs from Kalpesh on these
ZSG_PS_PRJ.PFS.PROC_XXX,C_AFVG_TYP,PS: Activity types for network act. and activity elements,PS_VGTYP,,,Take inputs from Kalpesh on these
ZSG_PS_PRJ.PFS.PROC_XXX,C_PRPS_ART,PS: Project type authorization for WBS elements,PS_PRART,,,Take inputs from Kalpesh on these
ZSG_PS_PRJ.PFS.PROC_XXX,C_PRPS_KST,PS: Cost Center Authorization for WBS elements,PS_FKOKR,,,Take inputs from Kalpesh on these
ZSG_PS_PRJ.PFS.PROC_XXX,C_PRPS_KST,PS: Cost Center Authorization for WBS elements,PS_FKSTL,,,Take inputs from Kalpesh on these
ZSG_PS_PRJ.PFS.PROC_XXX,C_PRPS_USR,PS: Model for User Field Authorization for WBS elements,USR10_1,,,Take inputs from Kalpesh on these
ZSG_PS_PRJ.PFS.PROC_XXX,C_PRPS_USR,PS: Model for User Field Authorization for WBS elements,USR10_2,,,Take inputs from Kalpesh on these
ZSG_PS_PRJ.PFS.PROC_XXX,C_PRPS_USR,PS: Model for User Field Authorization for WBS elements,USR20_1,,,Take inputs from Kalpesh on these
ZSG_PS_PRJ.PFS.PROC_XXX,C_PRPS_USR,PS: Model for User Field Authorization for WBS elements,USR20_2,,,Take inputs from Kalpesh on these
ZSG_PS_PRJ.PFS.PROC_XXX,C_PRPS_USR,PS: Model for User Field Authorization for WBS elements,USRFLAG_1,,,Take inputs from Kalpesh on these
ZSG_PS_PRJ.PFS.PROC_XXX,C_PRPS_USR,PS: Model for User Field Authorization for WBS elements,USRFLAG_2,,,Take inputs from Kalpesh on these
ZSG_PS_PRJ.PFS.PROC_XXX,C_PRPS_VNR,PS: Project Manager Authorization for WBS elements,PS_VERNR,,,Take inputs from Kalpesh on these
ZSG_PS_PRJ.PFS.PROC_XXX,F_BKPF_BLA,Accounting Document: Authorization for Document Types,BRGRU,,,Take inputs from Kalpesh on these
ZSG_PS_PRJ.PFS.PROC_XXX,F_BKPF_BUP,Accounting Document: Authorization for Posting Periods,BRGRU,,,Take inputs from Kalpesh on these
ZSG_PS_PRJ.PFS.PROC_XXX,F_FAGL_LDR,General Ledger: Authorization for Ledger,GLRLDNR,,,Take inputs from Kalpesh on these
ZSG_PS_PRJ.PFS.PROC_XXX,F_FAGL_LDR,General Ledger: Authorization for Ledger,GLRRCTY,,,Take inputs from Kalpesh on these
ZSG_PS_PRJ.PFS.PROC_XXX,F_FAGL_LDR,General Ledger: Authorization for Ledger,GLRVERS,,,Take inputs from Kalpesh on these
ZSG_PS_PRJ.PFS.PROC_XXX,F_KNA1_GRP,Customer: Account Group Authorization,KTOKD,,,Take inputs from Kalpesh on these
ZSG_PS_PRJ.PFS.PROC_XXX,K_CCA,CO-CCA: Gen. Authorization Object for Cost Center Accounting,RESPAREA,,,Take inputs from Kalpesh on these
ZSG_PS_PRJ.PFS.PROC_XXX,K_CSKA_SET,CO-CCA: Cost Element Groups,KTOPL,,,Take inputs from Kalpesh on these
ZSG_PS_PRJ.PFS.PROC_XXX,K_CSKB_PLA,CO-CCA: Cost Element Planning,KSTAR,,,Take inputs from Kalpesh on these
ZSG_PS_PRJ.PFS.PROC_XXX,K_CSKS,CO-CCA: Cost Center Master,KOSTL,,,Take inputs from Kalpesh on these
ZSG_PS_PRJ.PFS.PROC_XXX,K_CSKS_PLA,CO-CCA: Cost Center Planning,KOSTL,,,Take inputs from Kalpesh on these
ZSG_PS_PRJ.PFS.PROC_XXX,K_KA09_KVS,CO: Version,BRGRU,,,Take inputs from Kalpesh on these
ZSG_PS_PRJ.PFS.PROC_XXX,K_TKA50,CO: Planner Profiles,BRGRU,,,Take inputs from Kalpesh on these
ZSG_PS_PRJ.PFS.PROC_XXX,M_MATE_MAR,Material Master: Material Types,BEGRU,,,Take inputs from Kalpesh on these
ZSG_PS_PRJ.PFS.PROC_XXX,M_MATE_MAT,Material Master: Materials,BEGRU,,,Take inputs from Kalpesh on these
ZSG_PS_PRJ.PFS.PROC_XXX,M_MATE_WGR,Material Master: Material Groups,BEGRU,,,Take inputs from Kalpesh on these
ZSG_PS_PRJ.PFS.PROC_XXX,V_VBAK_AAT,Sales Document: Authorization for Sales Document Types,AUART,,,Take inputs from Kalpesh on these
ZSG_PS_PRJ.PMT.PROC_835,A_A_VIEW,Asset: View,VIEW,,,Take inputs from Kalpesh on these
ZSG_PS_PRJ.PMT.PROC_835,A_S_KOSTL,Asset Master Record Maintenance: Company Code/Cost Center,KOSTL,,,Take inputs from Kalpesh on these
ZSG_PS_PRJ.PMT.PROC_835,B_BUPA_GRP,Business Partner: Authorization Groups,ACTVT,,,Take inputs from Kalpesh on these
ZSG_PS_PRJ.PMT.PROC_835,B_BUPA_GRP,Business Partner: Authorization Groups,BEGRU,,,Take inputs from Kalpesh on these
ZSG_PS_PRJ.PMT.PROC_835,C_AFKO_ACT,Activities on network header level,PS_ACTVT,,,Take inputs from Kalpesh on these
ZSG_PS_PRJ.PMT.PROC_835,C_AFKO_DIS,Network: MRP Group (Plant) and Transaction Type,DISPO,,,Take inputs from Kalpesh on these
ZSG_PS_PRJ.PMT.PROC_835,C_AFVG_TYP,PS: Activity types for network act. and activity elements,PS_VGTYP,,,Take inputs from Kalpesh on these
ZSG_PS_PRJ.PMT.PROC_835,C_PROJ_VNR,PS: Project Manager for Project Definition,PS_VERNR,,,Take inputs from Kalpesh on these
ZSG_PS_PRJ.PMT.PROC_835,C_PRPS_ART,PS: Project type authorization for WBS elements,PS_PRART,,,Take inputs from Kalpesh on these
ZSG_PS_PRJ.PMT.PROC_835,C_PRPS_KST,PS: Cost Center Authorization for WBS elements,PS_FKOKR,,,Take inputs from Kalpesh on these
ZSG_PS_PRJ.PMT.PROC_835,C_PRPS_KST,PS: Cost Center Authorization for WBS elements,PS_FKSTL,,,Take inputs from Kalpesh on these
ZSG_PS_PRJ.PMT.PROC_835,C_PRPS_VNR,PS: Project Manager Authorization for WBS elements,PS_VERNR,,,Take inputs from Kalpesh on these
ZSG_PS_PRJ.PMT.PROC_835,F_FAGL_SEG,General Ledger: Authorization for Segment,GLRRCTY,,,Take inputs from Kalpesh on these
ZSG_PS_PRJ.PMT.PROC_835,F_FAGL_SEG,General Ledger: Authorization for Segment,SEGMENT,,,Take inputs from Kalpesh on these
ZSG_PS_PRJ.PMT.PROC_835,F_KNA1_BED,Customer: Account Authorization,BRGRU,,,Take inputs from Kalpesh on these
ZSG_PS_PRJ.PMT.PROC_835,F_KNA1_GRP,Customer: Account Group Authorization,KTOKD,,,Take inputs from Kalpesh on these
ZSG_PS_PRJ.PMT.PROC_835,K_CCA,CO-CCA: Gen. Authorization Object for Cost Center Accounting,CO_ACTION,,,Take inputs from Kalpesh on these
ZSG_PS_PRJ.PMT.PROC_835,K_CCA,CO-CCA: Gen. Authorization Object for Cost Center Accounting,RESPAREA,,,Take inputs from Kalpesh on these
ZSG_PS_PRJ.PMT.PROC_835,K_CSKB_PLA,CO-CCA: Cost Element Planning,ACTVT,,,Take inputs from Kalpesh on these
ZSG_PS_PRJ.PMT.PROC_835,K_CSKB_PLA,CO-CCA: Cost Element Planning,KSTAR,,,Take inputs from Kalpesh on these
ZSG_PS_PRJ.PMT.PROC_835,K_KA03,CO-CCA: Statistical Key Figures,ACTVT,,,Take inputs from Kalpesh on these
ZSG_PS_PRJ.PMT.PROC_835,PLOG,Personnel Planning,INFOTYP,,,Take inputs from Kalpesh on these
ZSG_PS_PRJ.PMT.PROC_835,PLOG,Personnel Planning,ISTAT,,,Take inputs from Kalpesh on these
ZSG_PS_PRJ.PMT.PROC_835,PLOG,Personnel Planning,OTYPE,,,Take inputs from Kalpesh on these
ZSG_PS_PRJ.PMT.PROC_835,PLOG,Personnel Planning,PPFCODE,,,Take inputs from Kalpesh on these
ZSG_PS_PRJ.PMT.PROC_835,PLOG,Personnel Planning,SUBTYP,,,Take inputs from Kalpesh on these
ZSG_PS_PRJ.PMT.PROC_835,WFD_ASSGMT,Workforce Assignment,ACTVT,,,Take inputs from Kalpesh on these
ZSG_PS_PRJ.PMT.PROC_835,WFD_ASSGMT,Workforce Assignment,WFD_SCOPE,,,Take inputs from Kalpesh on these
ZSG_PS_PRJ.PMT.PROC_872,A_A_VIEW,Asset: View,VIEW,,,Take inputs from Kalpesh on these
ZSG_PS_PRJ.PMT.PROC_872,A_S_KOSTL,Asset Master Record Maintenance: Company Code/Cost Center,KOSTL,,,Take inputs from Kalpesh on these
ZSG_PS_PRJ.PMT.PROC_872,B_BUPA_GRP,Business Partner: Authorization Groups,ACTVT,,,Take inputs from Kalpesh on these
ZSG_PS_PRJ.PMT.PROC_872,B_BUPA_GRP,Business Partner: Authorization Groups,BEGRU,,,Take inputs from Kalpesh on these
ZSG_PS_PRJ.PMT.PROC_872,C_AFKO_ACT,Activities on network header level,PS_ACTVT,,,Take inputs from Kalpesh on these
ZSG_PS_PRJ.PMT.PROC_872,C_AFKO_DIS,Network: MRP Group (Plant) and Transaction Type,DISPO,,,Take inputs from Kalpesh on these
ZSG_PS_PRJ.PMT.PROC_872,C_AFVG_TYP,PS: Activity types for network act. and activity elements,PS_VGTYP,,,Take inputs from Kalpesh on these
ZSG_PS_PRJ.PMT.PROC_872,C_PROJ_VNR,PS: Project Manager for Project Definition,PS_VERNR,,,Take inputs from Kalpesh on these
ZSG_PS_PRJ.PMT.PROC_872,C_PRPS_ART,PS: Project type authorization for WBS elements,PS_PRART,,,Take inputs from Kalpesh on these
ZSG_PS_PRJ.PMT.PROC_872,C_PRPS_KST,PS: Cost Center Authorization for WBS elements,PS_FKOKR,,,Take inputs from Kalpesh on these
ZSG_PS_PRJ.PMT.PROC_872,C_PRPS_KST,PS: Cost Center Authorization for WBS elements,PS_FKSTL,,,Take inputs from Kalpesh on these
ZSG_PS_PRJ.PMT.PROC_872,C_PRPS_VNR,PS: Project Manager Authorization for WBS elements,PS_VERNR,,,Take inputs from Kalpesh on these
ZSG_PS_PRJ.PMT.PROC_872,F_FAGL_SEG,General Ledger: Authorization for Segment,GLRRCTY,,,Take inputs from Kalpesh on these
ZSG_PS_PRJ.PMT.PROC_872,F_FAGL_SEG,General Ledger: Authorization for Segment,SEGMENT,,,Take inputs from Kalpesh on these
ZSG_PS_PRJ.PMT.PROC_872,F_KNA1_BED,Customer: Account Authorization,BRGRU,,,Take inputs from Kalpesh on these
ZSG_PS_PRJ.PMT.PROC_872,F_KNA1_GRP,Customer: Account Group Authorization,KTOKD,,,Take inputs from Kalpesh on these
ZSG_PS_PRJ.PMT.PROC_872,K_CCA,CO-CCA: Gen. Authorization Object for Cost Center Accounting,CO_ACTION,,,Take inputs from Kalpesh on these
ZSG_PS_PRJ.PMT.PROC_872,K_CCA,CO-CCA: Gen. Authorization Object for Cost Center Accounting,RESPAREA,,,Take inputs from Kalpesh on these
ZSG_PS_PRJ.PMT.PROC_872,K_CSKB_PLA,CO-CCA: Cost Element Planning,ACTVT,,,Take inputs from Kalpesh on these
ZSG_PS_PRJ.PMT.PROC_872,K_CSKB_PLA,CO-CCA: Cost Element Planning,KSTAR,,,Take inputs from Kalpesh on these
ZSG_PS_PRJ.PMT.PROC_872,K_KA03,CO-CCA: Statistical Key Figures,ACTVT,,,Take inputs from Kalpesh on these
ZSG_PS_PRJ.PMT.PROC_872,PLOG,Personnel Planning,INFOTYP,,,Take inputs from Kalpesh on these
ZSG_PS_PRJ.PMT.PROC_872,PLOG,Personnel Planning,ISTAT,,,Take inputs from Kalpesh on these
ZSG_PS_PRJ.PMT.PROC_872,PLOG,Personnel Planning,OTYPE,,,Take inputs from Kalpesh on these
ZSG_PS_PRJ.PMT.PROC_872,PLOG,Personnel Planning,PPFCODE,,,Take inputs from Kalpesh on these
ZSG_PS_PRJ.PMT.PROC_872,PLOG,Personnel Planning,SUBTYP,,,Take inputs from Kalpesh on these
ZSG_PS_PRJ.PMT.PROC_872,WFD_ASSGMT,Workforce Assignment,ACTVT,,,Take inputs from Kalpesh on these
ZSG_PS_PRJ.PMT.PROC_872,WFD_ASSGMT,Workforce Assignment,WFD_SCOPE,,,Take inputs from Kalpesh on these
ZSG_PS_PRJ.PMT.PROC_873,A_A_VIEW,Asset: View,VIEW,,,Take inputs from Kalpesh on these
ZSG_PS_PRJ.PMT.PROC_873,A_S_KOSTL,Asset Master Record Maintenance: Company Code/Cost Center,KOSTL,,,Take inputs from Kalpesh on these
ZSG_PS_PRJ.PMT.PROC_873,B_BUPA_GRP,Business Partner: Authorization Groups,ACTVT,,,Take inputs from Kalpesh on these
ZSG_PS_PRJ.PMT.PROC_873,B_BUPA_GRP,Business Partner: Authorization Groups,BEGRU,,,Take inputs from Kalpesh on these
ZSG_PS_PRJ.PMT.PROC_873,C_AFKO_ACT,Activities on network header level,PS_ACTVT,,,Take inputs from Kalpesh on these
ZSG_PS_PRJ.PMT.PROC_873,C_AFKO_DIS,Network: MRP Group (Plant) and Transaction Type,DISPO,,,Take inputs from Kalpesh on these
ZSG_PS_PRJ.PMT.PROC_873,C_AFVG_TYP,PS: Activity types for network act. and activity elements,PS_VGTYP,,,Take inputs from Kalpesh on these
ZSG_PS_PRJ.PMT.PROC_873,C_PROJ_VNR,PS: Project Manager for Project Definition,PS_VERNR,,,Take inputs from Kalpesh on these
ZSG_PS_PRJ.PMT.PROC_873,C_PRPS_ART,PS: Project type authorization for WBS elements,PS_PRART,,,Take inputs from Kalpesh on these
ZSG_PS_PRJ.PMT.PROC_873,C_PRPS_KST,PS: Cost Center Authorization for WBS elements,PS_FKOKR,,,Take inputs from Kalpesh on these
ZSG_PS_PRJ.PMT.PROC_873,C_PRPS_KST,PS: Cost Center Authorization for WBS elements,PS_FKSTL,,,Take inputs from Kalpesh on these
ZSG_PS_PRJ.PMT.PROC_873,C_PRPS_VNR,PS: Project Manager Authorization for WBS elements,PS_VERNR,,,Take inputs from Kalpesh on these
ZSG_PS_PRJ.PMT.PROC_873,F_FAGL_SEG,General Ledger: Authorization for Segment,GLRRCTY,,,Take inputs from Kalpesh on these
ZSG_PS_PRJ.PMT.PROC_873,F_FAGL_SEG,General Ledger: Authorization for Segment,SEGMENT,,,Take inputs from Kalpesh on these
ZSG_PS_PRJ.PMT.PROC_873,F_KNA1_BED,Customer: Account Authorization,BRGRU,,,Take inputs from Kalpesh on these
ZSG_PS_PRJ.PMT.PROC_873,F_KNA1_GRP,Customer: Account Group Authorization,KTOKD,,,Take inputs from Kalpesh on these
ZSG_PS_PRJ.PMT.PROC_873,K_CCA,CO-CCA: Gen. Authorization Object for Cost Center Accounting,CO_ACTION,,,Take inputs from Kalpesh on these
ZSG_PS_PRJ.PMT.PROC_873,K_CCA,CO-CCA: Gen. Authorization Object for Cost Center Accounting,RESPAREA,,,Take inputs from Kalpesh on these
ZSG_PS_PRJ.PMT.PROC_873,K_CSKB_PLA,CO-CCA: Cost Element Planning,ACTVT,,,Take inputs from Kalpesh on these
ZSG_PS_PRJ.PMT.PROC_873,K_CSKB_PLA,CO-CCA: Cost Element Planning,KSTAR,,,Take inputs from Kalpesh on these
ZSG_PS_PRJ.PMT.PROC_873,K_KA03,CO-CCA: Statistical Key Figures,ACTVT,,,Take inputs from Kalpesh on these
ZSG_PS_PRJ.PMT.PROC_873,PLOG,Personnel Planning,INFOTYP,,,Take inputs from Kalpesh on these
ZSG_PS_PRJ.PMT.PROC_873,PLOG,Personnel Planning,ISTAT,,,Take inputs from Kalpesh on these
ZSG_PS_PRJ.PMT.PROC_873,PLOG,Personnel Planning,OTYPE,,,Take inputs from Kalpesh on these
ZSG_PS_PRJ.PMT.PROC_873,PLOG,Personnel Planning,PPFCODE,,,Take inputs from Kalpesh on these
ZSG_PS_PRJ.PMT.PROC_873,PLOG,Personnel Planning,SUBTYP,,,Take inputs from Kalpesh on these
ZSG_PS_PRJ.PMT.PROC_873,WFD_ASSGMT,Workforce Assignment,ACTVT,,,Take inputs from Kalpesh on these
ZSG_PS_PRJ.PMT.PROC_873,WFD_ASSGMT,Workforce Assignment,WFD_SCOPE,,,Take inputs from Kalpesh on these
ZSG_PS_PRJ.PMT.PROC_XXX,A_A_VIEW,Asset: View,VIEW,,,Take inputs from Kalpesh on these
ZSG_PS_PRJ.PMT.PROC_XXX,A_S_KOSTL,Asset Master Record Maintenance: Company Code/Cost Center,KOSTL,,,Take inputs from Kalpesh on these
ZSG_PS_PRJ.PMT.PROC_XXX,B_BUPA_GRP,Business Partner: Authorization Groups,ACTVT,,,Take inputs from Kalpesh on these
ZSG_PS_PRJ.PMT.PROC_XXX,B_BUPA_GRP,Business Partner: Authorization Groups,BEGRU,,,Take inputs from Kalpesh on these
ZSG_PS_PRJ.PMT.PROC_XXX,C_AFKO_ACT,Activities on network header level,PS_ACTVT,,,Take inputs from Kalpesh on these
ZSG_PS_PRJ.PMT.PROC_XXX,C_AFKO_DIS,Network: MRP Group (Plant) and Transaction Type,DISPO,,,Take inputs from Kalpesh on these
ZSG_PS_PRJ.PMT.PROC_XXX,C_AFVG_TYP,PS: Activity types for network act. and activity elements,PS_VGTYP,,,Take inputs from Kalpesh on these
ZSG_PS_PRJ.PMT.PROC_XXX,C_PROJ_VNR,PS: Project Manager for Project Definition,PS_VERNR,,,Take inputs from Kalpesh on these
ZSG_PS_PRJ.PMT.PROC_XXX,C_PRPS_ART,PS: Project type authorization for WBS elements,PS_PRART,,,Take inputs from Kalpesh on these
ZSG_PS_PRJ.PMT.PROC_XXX,C_PRPS_KST,PS: Cost Center Authorization for WBS elements,PS_FKOKR,,,Take inputs from Kalpesh on these
ZSG_PS_PRJ.PMT.PROC_XXX,C_PRPS_KST,PS: Cost Center Authorization for WBS elements,PS_FKSTL,,,Take inputs from Kalpesh on these
ZSG_PS_PRJ.PMT.PROC_XXX,C_PRPS_VNR,PS: Project Manager Authorization for WBS elements,PS_VERNR,,,Take inputs from Kalpesh on these
ZSG_PS_PRJ.PMT.PROC_XXX,F_FAGL_SEG,General Ledger: Authorization for Segment,GLRRCTY,,,Take inputs from Kalpesh on these
ZSG_PS_PRJ.PMT.PROC_XXX,F_FAGL_SEG,General Ledger: Authorization for Segment,SEGMENT,,,Take inputs from Kalpesh on these
ZSG_PS_PRJ.PMT.PROC_XXX,F_KNA1_BED,Customer: Account Authorization,BRGRU,,,Take inputs from Kalpesh on these
ZSG_PS_PRJ.PMT.PROC_XXX,F_KNA1_GRP,Customer: Account Group Authorization,KTOKD,,,Take inputs from Kalpesh on these
ZSG_PS_PRJ.PMT.PROC_XXX,K_CCA,CO-CCA: Gen. Authorization Object for Cost Center Accounting,CO_ACTION,,,Take inputs from Kalpesh on these
ZSG_PS_PRJ.PMT.PROC_XXX,K_CCA,CO-CCA: Gen. Authorization Object for Cost Center Accounting,RESPAREA,,,Take inputs from Kalpesh on these
ZSG_PS_PRJ.PMT.PROC_XXX,K_CSKB_PLA,CO-CCA: Cost Element Planning,ACTVT,,,Take inputs from Kalpesh on these
ZSG_PS_PRJ.PMT.PROC_XXX,K_CSKB_PLA,CO-CCA: Cost Element Planning,KSTAR,,,Take inputs from Kalpesh on these
ZSG_PS_PRJ.PMT.PROC_XXX,K_KA03,CO-CCA: Statistical Key Figures,ACTVT,,,Take inputs from Kalpesh on these
ZSG_PS_PRJ.PMT.PROC_XXX,PLOG,Personnel Planning,INFOTYP,,,Take inputs from Kalpesh on these
ZSG_PS_PRJ.PMT.PROC_XXX,PLOG,Personnel Planning,ISTAT,,,Take inputs from Kalpesh on these
ZSG_PS_PRJ.PMT.PROC_XXX,PLOG,Personnel Planning,OTYPE,,,Take inputs from Kalpesh on these
ZSG_PS_PRJ.PMT.PROC_XXX,PLOG,Personnel Planning,PPFCODE,,,Take inputs from Kalpesh on these
ZSG_PS_PRJ.PMT.PROC_XXX,PLOG,Personnel Planning,SUBTYP,,,Take inputs from Kalpesh on these
ZSG_PS_PRJ.PMT.PROC_XXX,WFD_ASSGMT,Workforce Assignment,ACTVT,,,Take inputs from Kalpesh on these
ZSG_PS_PRJ.PMT.PROC_XXX,WFD_ASSGMT,Workforce Assignment,WFD_SCOPE,,,Take inputs from Kalpesh on these
ZSG_PS_PRJ.STD.PROC_835,C_MLST_BGR,PS: Milestones (Authorization Group),BEGRU,,,Take inputs from Kalpesh on these
ZSG_PS_PRJ.STD.PROC_835,C_PROJ_VNR,PS: Project Manager for Project Definition,PS_VERNR,,,Take inputs from Kalpesh on these
ZSG_PS_PRJ.STD.PROC_835,C_PRPS_ART,PS: Project type authorization for WBS elements,PS_ACTVT,,,Take inputs from Kalpesh on these
ZSG_PS_PRJ.STD.PROC_835,C_PRPS_ART,PS: Project type authorization for WBS elements,PS_PRART,,,Take inputs from Kalpesh on these
ZSG_PS_PRJ.STD.PROC_835,C_PRPS_ART,PS: Project type authorization for WBS elements,PS_PRART,,,Take inputs from Kalpesh on these
ZSG_PS_PRJ.STD.PROC_835,C_PRPS_KOK,PS: Controlling Area Authorization for WBS elements,PS_ACTVT,,,Take inputs from Kalpesh on these
ZSG_PS_PRJ.STD.PROC_835,C_PRPS_KST,PS: Cost Center Authorization for WBS elements,PS_ACTVT,,,Take inputs from Kalpesh on these
ZSG_PS_PRJ.STD.PROC_835,C_PRPS_KST,PS: Cost Center Authorization for WBS elements,PS_FKOKR,,,Take inputs from Kalpesh on these
ZSG_PS_PRJ.STD.PROC_835,C_PRPS_KST,PS: Cost Center Authorization for WBS elements,PS_FKSTL,,,Take inputs from Kalpesh on these
ZSG_PS_PRJ.STD.PROC_835,C_PRPS_PRC,PS: Profit Center Authorization for WBS elements,PS_ACTVT,,,Take inputs from Kalpesh on these
ZSG_PS_PRJ.STD.PROC_835,C_PRPS_VNR,PS: Project Manager Authorization for WBS elements,PS_ACTVT,,,Take inputs from Kalpesh on these
ZSG_PS_PRJ.STD.PROC_835,C_PRPS_VNR,PS: Project Manager Authorization for WBS elements,PS_VERNR,,,Take inputs from Kalpesh on these
ZSG_PS_PRJ.STD.PROC_835,S_BDS_DS,BC-SRV-KPR-BDS: Authorizations for Document Set,ACTVT,,,Take inputs from Kalpesh on these
ZSG_PS_PRJ.STD.PROC_835,S_BDS_DS,BC-SRV-KPR-BDS: Authorizations for Document Set,CLASSNAME,,,Take inputs from Kalpesh on these
ZSG_PS_PRJ.STD.PROC_835,S_BDS_DS,BC-SRV-KPR-BDS: Authorizations for Document Set,CLASSTYPE,,,Take inputs from Kalpesh on these
ZSG_PS_PRJ.STD.PROC_835,S_TCODE,Transaction Code Check at Transaction Start,TCD,,,Take inputs from Kalpesh on these
ZSG_PS_PRJ.STD.PROC_872,C_MLST_BGR,PS: Milestones (Authorization Group),BEGRU,,,Take inputs from Kalpesh on these
ZSG_PS_PRJ.STD.PROC_872,C_PROJ_VNR,PS: Project Manager for Project Definition,PS_VERNR,,,Take inputs from Kalpesh on these
ZSG_PS_PRJ.STD.PROC_872,C_PRPS_ART,PS: Project type authorization for WBS elements,PS_ACTVT,,,Take inputs from Kalpesh on these
ZSG_PS_PRJ.STD.PROC_872,C_PRPS_ART,PS: Project type authorization for WBS elements,PS_PRART,,,Take inputs from Kalpesh on these
ZSG_PS_PRJ.STD.PROC_872,C_PRPS_ART,PS: Project type authorization for WBS elements,PS_PRART,,,Take inputs from Kalpesh on these
ZSG_PS_PRJ.STD.PROC_872,C_PRPS_KOK,PS: Controlling Area Authorization for WBS elements,PS_ACTVT,,,Take inputs from Kalpesh on these
ZSG_PS_PRJ.STD.PROC_872,C_PRPS_KST,PS: Cost Center Authorization for WBS elements,PS_ACTVT,,,Take inputs from Kalpesh on these
ZSG_PS_PRJ.STD.PROC_872,C_PRPS_KST,PS: Cost Center Authorization for WBS elements,PS_FKOKR,,,Take inputs from Kalpesh on these
ZSG_PS_PRJ.STD.PROC_872,C_PRPS_KST,PS: Cost Center Authorization for WBS elements,PS_FKSTL,,,Take inputs from Kalpesh on these
ZSG_PS_PRJ.STD.PROC_872,C_PRPS_PRC,PS: Profit Center Authorization for WBS elements,PS_ACTVT,,,Take inputs from Kalpesh on these
ZSG_PS_PRJ.STD.PROC_872,C_PRPS_VNR,PS: Project Manager Authorization for WBS elements,PS_ACTVT,,,Take inputs from Kalpesh on these
ZSG_PS_PRJ.STD.PROC_872,C_PRPS_VNR,PS: Project Manager Authorization for WBS elements,PS_VERNR,,,Take inputs from Kalpesh on these
ZSG_PS_PRJ.STD.PROC_872,S_BDS_DS,BC-SRV-KPR-BDS: Authorizations for Document Set,ACTVT,,,Take inputs from Kalpesh on these
ZSG_PS_PRJ.STD.PROC_872,S_BDS_DS,BC-SRV-KPR-BDS: Authorizations for Document Set,CLASSNAME,,,Take inputs from Kalpesh on these
ZSG_PS_PRJ.STD.PROC_872,S_BDS_DS,BC-SRV-KPR-BDS: Authorizations for Document Set,CLASSTYPE,,,Take inputs from Kalpesh on these
ZSG_PS_PRJ.STD.PROC_872,S_TCODE,Transaction Code Check at Transaction Start,TCD,,,Take inputs from Kalpesh on these
ZSG_PS_PRJ.STD.PROC_873,C_MLST_BGR,PS: Milestones (Authorization Group),BEGRU,,,Take inputs from Kalpesh on these
ZSG_PS_PRJ.STD.PROC_873,C_PROJ_VNR,PS: Project Manager for Project Definition,PS_VERNR,,,Take inputs from Kalpesh on these
ZSG_PS_PRJ.STD.PROC_873,C_PRPS_ART,PS: Project type authorization for WBS elements,PS_ACTVT,,,Take inputs from Kalpesh on these
ZSG_PS_PRJ.STD.PROC_873,C_PRPS_ART,PS: Project type authorization for WBS elements,PS_PRART,,,Take inputs from Kalpesh on these
ZSG_PS_PRJ.STD.PROC_873,C_PRPS_ART,PS: Project type authorization for WBS elements,PS_PRART,,,Take inputs from Kalpesh on these
ZSG_PS_PRJ.STD.PROC_873,C_PRPS_KOK,PS: Controlling Area Authorization for WBS elements,PS_ACTVT,,,Take inputs from Kalpesh on these
ZSG_PS_PRJ.STD.PROC_873,C_PRPS_KST,PS: Cost Center Authorization for WBS elements,PS_ACTVT,,,Take inputs from Kalpesh on these
ZSG_PS_PRJ.STD.PROC_873,C_PRPS_KST,PS: Cost Center Authorization for WBS elements,PS_FKOKR,,,Take inputs from Kalpesh on these
ZSG_PS_PRJ.STD.PROC_873,C_PRPS_KST,PS: Cost Center Authorization for WBS elements,PS_FKSTL,,,Take inputs from Kalpesh on these
ZSG_PS_PRJ.STD.PROC_873,C_PRPS_PRC,PS: Profit Center Authorization for WBS elements,PS_ACTVT,,,Take inputs from Kalpesh on these
ZSG_PS_PRJ.STD.PROC_873,C_PRPS_VNR,PS: Project Manager Authorization for WBS elements,PS_ACTVT,,,Take inputs from Kalpesh on these
ZSG_PS_PRJ.STD.PROC_873,C_PRPS_VNR,PS: Project Manager Authorization for WBS elements,PS_VERNR,,,Take inputs from Kalpesh on these
ZSG_PS_PRJ.STD.PROC_873,S_BDS_DS,BC-SRV-KPR-BDS: Authorizations for Document Set,ACTVT,,,Take inputs from Kalpesh on these
ZSG_PS_PRJ.STD.PROC_873,S_BDS_DS,BC-SRV-KPR-BDS: Authorizations for Document Set,CLASSNAME,,,Take inputs from Kalpesh on these
ZSG_PS_PRJ.STD.PROC_873,S_BDS_DS,BC-SRV-KPR-BDS: Authorizations for Document Set,CLASSTYPE,,,Take inputs from Kalpesh on these
ZSG_PS_PRJ.STD.PROC_873,S_TCODE,Transaction Code Check at Transaction Start,TCD,,,Take inputs from Kalpesh on these
ZSG_PS_PRJ.STD.PROC_XXX,C_MLST_BGR,PS: Milestones (Authorization Group),BEGRU,,,Take inputs from Kalpesh on these
ZSG_PS_PRJ.STD.PROC_XXX,C_PROJ_VNR,PS: Project Manager for Project Definition,PS_VERNR,,,Take inputs from Kalpesh on these
ZSG_PS_PRJ.STD.PROC_XXX,C_PRPS_ART,PS: Project type authorization for WBS elements,PS_ACTVT,,,Take inputs from Kalpesh on these
ZSG_PS_PRJ.STD.PROC_XXX,C_PRPS_ART,PS: Project type authorization for WBS elements,PS_PRART,,,Take inputs from Kalpesh on these
ZSG_PS_PRJ.STD.PROC_XXX,C_PRPS_ART,PS: Project type authorization for WBS elements,PS_PRART,,,Take inputs from Kalpesh on these
ZSG_PS_PRJ.STD.PROC_XXX,C_PRPS_KOK,PS: Controlling Area Authorization for WBS elements,PS_ACTVT,,,Take inputs from Kalpesh on these
ZSG_PS_PRJ.STD.PROC_XXX,C_PRPS_KST,PS: Cost Center Authorization for WBS elements,PS_ACTVT,,,Take inputs from Kalpesh on these
ZSG_PS_PRJ.STD.PROC_XXX,C_PRPS_KST,PS: Cost Center Authorization for WBS elements,PS_FKOKR,,,Take inputs from Kalpesh on these
ZSG_PS_PRJ.STD.PROC_XXX,C_PRPS_KST,PS: Cost Center Authorization for WBS elements,PS_FKSTL,,,Take inputs from Kalpesh on these
ZSG_PS_PRJ.STD.PROC_XXX,C_PRPS_PRC,PS: Profit Center Authorization for WBS elements,PS_ACTVT,,,Take inputs from Kalpesh on these
ZSG_PS_PRJ.STD.PROC_XXX,C_PRPS_VNR,PS: Project Manager Authorization for WBS elements,PS_ACTVT,,,Take inputs from Kalpesh on these
ZSG_PS_PRJ.STD.PROC_XXX,C_PRPS_VNR,PS: Project Manager Authorization for WBS elements,PS_VERNR,,,Take inputs from Kalpesh on these
ZSG_PS_PRJ.STD.PROC_XXX,S_BDS_DS,BC-SRV-KPR-BDS: Authorizations for Document Set,ACTVT,,,Take inputs from Kalpesh on these
ZSG_PS_PRJ.STD.PROC_XXX,S_BDS_DS,BC-SRV-KPR-BDS: Authorizations for Document Set,CLASSNAME,,,Take inputs from Kalpesh on these
ZSG_PS_PRJ.STD.PROC_XXX,S_BDS_DS,BC-SRV-KPR-BDS: Authorizations for Document Set,CLASSTYPE,,,Take inputs from Kalpesh on these
ZSG_PS_PRJ.STD.PROC_XXX,S_TCODE,Transaction Code Check at Transaction Start,TCD,,,Take inputs from Kalpesh on these
ZSG_PS_PROJ.ADM_XXX,A_A_VIEW,Asset: View,VIEW,,,Take inputs from Kalpesh on these
ZSG_PS_PROJ.ADM_XXX,A_S_KOSTL,Asset Master Record Maintenance: Company Code/Cost Center,KOSTL,,,Take inputs from Kalpesh on these
ZSG_PS_PROJ.ADM_XXX,B_BUPA_GRP,Business Partner: Authorization Groups,ACTVT,,,Take inputs from Kalpesh on these
ZSG_PS_PROJ.ADM_XXX,B_BUPA_GRP,Business Partner: Authorization Groups,BEGRU,,,Take inputs from Kalpesh on these
ZSG_PS_PROJ.ADM_XXX,B_BUPA_GRP,Business Partner: Authorization Groups,BEGRU,,,Take inputs from Kalpesh on these
ZSG_PS_PROJ.ADM_XXX,B_BUPA_RLT,Business Partner: BP Roles,RLTYP,,,Take inputs from Kalpesh on these
ZSG_PS_PROJ.ADM_XXX,CRM_ORD_PR,Authorization Object CRM Order - Business Transaction Type,PR_TYPE,,,Take inputs from Kalpesh on these
ZSG_PS_PROJ.ADM_XXX,C_AFKO_AWK,CIM: Plant for order type of order,AUFART,,,Take inputs from Kalpesh on these
ZSG_PS_PROJ.ADM_XXX,C_AFKO_DIS,Network: MRP Group (Plant) and Transaction Type,DISPO,,,Take inputs from Kalpesh on these
ZSG_PS_PROJ.ADM_XXX,C_AFKO_DIS,Network: MRP Group (Plant) and Transaction Type,DISPO,,,Take inputs from Kalpesh on these
ZSG_PS_PROJ.ADM_XXX,C_AFKO_DIS,Network: MRP Group (Plant) and Transaction Type,TRTYP,,,Take inputs from Kalpesh on these
ZSG_PS_PROJ.ADM_XXX,C_AFVG_TYP,PS: Activity types for network act. and activity elements,PS_VGTYP,,,Take inputs from Kalpesh on these
ZSG_PS_PROJ.ADM_XXX,C_AFVG_USR,PS: User fields network activity. Activ. element model auth.,USR10_1,,,Take inputs from Kalpesh on these
ZSG_PS_PROJ.ADM_XXX,C_AFVG_USR,PS: User fields network activity. Activ. element model auth.,USR10_2,,,Take inputs from Kalpesh on these
ZSG_PS_PROJ.ADM_XXX,C_AFVG_USR,PS: User fields network activity. Activ. element model auth.,USR20_1,,,Take inputs from Kalpesh on these
ZSG_PS_PROJ.ADM_XXX,C_AFVG_USR,PS: User fields network activity. Activ. element model auth.,USR20_2,,,Take inputs from Kalpesh on these
ZSG_PS_PROJ.ADM_XXX,C_AFVG_USR,PS: User fields network activity. Activ. element model auth.,USRFLAG_1,,,Take inputs from Kalpesh on these
ZSG_PS_PROJ.ADM_XXX,C_AFVG_USR,PS: User fields network activity. Activ. element model auth.,USRFLAG_2,,,Take inputs from Kalpesh on these
ZSG_PS_PROJ.ADM_XXX,C_MLST_BGR,PS: Milestones (Authorization Group),BEGRU,,,Take inputs from Kalpesh on these
ZSG_PS_PROJ.ADM_XXX,C_PROJ_TCD,PS: Transaction-Specific Authorizations in Project System,PSARG,,,Take inputs from Kalpesh on these
ZSG_PS_PROJ.ADM_XXX,C_PROJ_TCD,PS: Transaction-Specific Authorizations in Project System,TRTYP,,,Take inputs from Kalpesh on these
ZSG_PS_PROJ.ADM_XXX,C_PROJ_VNR,PS: Project Manager for Project Definition,PS_VERNR,,,Take inputs from Kalpesh on these
ZSG_PS_PROJ.ADM_XXX,C_PRPS_ART,PS: Project type authorization for WBS elements,PS_ACTVT,,,Take inputs from Kalpesh on these
ZSG_PS_PROJ.ADM_XXX,C_PRPS_ART,PS: Project type authorization for WBS elements,PS_PRART,,,Take inputs from Kalpesh on these
ZSG_PS_PROJ.ADM_XXX,C_PRPS_ART,PS: Project type authorization for WBS elements,PS_PRART,,,Take inputs from Kalpesh on these
ZSG_PS_PROJ.ADM_XXX,C_PRPS_KOK,PS: Controlling Area Authorization for WBS elements,PS_ACTVT,,,Take inputs from Kalpesh on these
ZSG_PS_PROJ.ADM_XXX,C_PRPS_KST,PS: Cost Center Authorization for WBS elements,PS_ACTVT,,,Take inputs from Kalpesh on these
ZSG_PS_PROJ.ADM_XXX,C_PRPS_KST,PS: Cost Center Authorization for WBS elements,PS_FKOKR,,,Take inputs from Kalpesh on these
ZSG_PS_PROJ.ADM_XXX,C_PRPS_KST,PS: Cost Center Authorization for WBS elements,PS_FKOKR,,,Take inputs from Kalpesh on these
ZSG_PS_PROJ.ADM_XXX,C_PRPS_KST,PS: Cost Center Authorization for WBS elements,PS_FKSTL,,,Take inputs from Kalpesh on these
ZSG_PS_PROJ.ADM_XXX,C_PRPS_KST,PS: Cost Center Authorization for WBS elements,PS_FKSTL,,,Take inputs from Kalpesh on these
ZSG_PS_PROJ.ADM_XXX,C_PRPS_PRC,PS: Profit Center Authorization for WBS elements,PS_ACTVT,,,Take inputs from Kalpesh on these
ZSG_PS_PROJ.ADM_XXX,C_PRPS_USR,PS: Model for User Field Authorization for WBS elements,USR10_1,,,Take inputs from Kalpesh on these
ZSG_PS_PROJ.ADM_XXX,C_PRPS_USR,PS: Model for User Field Authorization for WBS elements,USR10_2,,,Take inputs from Kalpesh on these
ZSG_PS_PROJ.ADM_XXX,C_PRPS_USR,PS: Model for User Field Authorization for WBS elements,USR20_1,,,Take inputs from Kalpesh on these
ZSG_PS_PROJ.ADM_XXX,C_PRPS_USR,PS: Model for User Field Authorization for WBS elements,USR20_2,,,Take inputs from Kalpesh on these
ZSG_PS_PROJ.ADM_XXX,C_PRPS_USR,PS: Model for User Field Authorization for WBS elements,USRFLAG_1,,,Take inputs from Kalpesh on these
ZSG_PS_PROJ.ADM_XXX,C_PRPS_USR,PS: Model for User Field Authorization for WBS elements,USRFLAG_2,,,Take inputs from Kalpesh on these
ZSG_PS_PROJ.ADM_XXX,C_PRPS_VNR,PS: Project Manager Authorization for WBS elements,PS_ACTVT,,,Take inputs from Kalpesh on these
ZSG_PS_PROJ.ADM_XXX,C_PRPS_VNR,PS: Project Manager Authorization for WBS elements,PS_VERNR,,,Take inputs from Kalpesh on these
ZSG_PS_PROJ.ADM_XXX,C_PRPS_VNR,PS: Project Manager Authorization for WBS elements,PS_VERNR,,,Take inputs from Kalpesh on these
ZSG_PS_PROJ.ADM_XXX,C_PSTX_ART,PS: Text Type Authorization for PS Texts,TRTYP,,,Take inputs from Kalpesh on these
ZSG_PS_PROJ.ADM_XXX,C_PSTX_ART,PS: Text Type Authorization for PS Texts,TXTAR,,,Take inputs from Kalpesh on these
ZSG_PS_PROJ.ADM_XXX,F_BKPF_BED,Accounting Document: Account Authorization for Customers,BRGRU,,,Take inputs from Kalpesh on these
ZSG_PS_PROJ.ADM_XXX,F_BKPF_BEK,Accounting Document: Account Authorization for Vendors,BRGRU,,,Take inputs from Kalpesh on these
ZSG_PS_PROJ.ADM_XXX,F_BKPF_BES,Accounting Document: Account Authorization for G/L Accounts,BRGRU,,,Take inputs from Kalpesh on these
ZSG_PS_PROJ.ADM_XXX,F_BKPF_BLA,Accounting Document: Authorization for Document Types,BRGRU,,,Take inputs from Kalpesh on these
ZSG_PS_PROJ.ADM_XXX,F_BKPF_BUP,Accounting Document: Authorization for Posting Periods,BRGRU,,,Take inputs from Kalpesh on these
ZSG_PS_PROJ.ADM_XXX,F_CC_HIER,Authorization Object for Company Code Hierarchies,CCHIER,,,Take inputs from Kalpesh on these
ZSG_PS_PROJ.ADM_XXX,F_CC_HIER,Authorization Object for Company Code Hierarchies,CCHIERND,,,Take inputs from Kalpesh on these
ZSG_PS_PROJ.ADM_XXX,F_FAGL_LDR,General Ledger: Authorization for Ledger,GLRLDNR,,,Take inputs from Kalpesh on these
ZSG_PS_PROJ.ADM_XXX,F_FAGL_LDR,General Ledger: Authorization for Ledger,GLRRCTY,,,Take inputs from Kalpesh on these
ZSG_PS_PROJ.ADM_XXX,F_FAGL_LDR,General Ledger: Authorization for Ledger,GLRVERS,,,Take inputs from Kalpesh on these
ZSG_PS_PROJ.ADM_XXX,F_FAGL_SEG,General Ledger: Authorization for Segment,GLRRCTY,,,Take inputs from Kalpesh on these
ZSG_PS_PROJ.ADM_XXX,F_FAGL_SEG,General Ledger: Authorization for Segment,SEGMENT,,,Take inputs from Kalpesh on these
ZSG_PS_PROJ.ADM_XXX,F_KNA1_BED,Customer: Account Authorization,BRGRU,,,Take inputs from Kalpesh on these
ZSG_PS_PROJ.ADM_XXX,F_KNA1_GRP,Customer: Account Group Authorization,KTOKD,,,Take inputs from Kalpesh on these
ZSG_PS_PROJ.ADM_XXX,F_LFA1_BEK,Vendor: Account Authorization,BRGRU,,,Take inputs from Kalpesh on these
ZSG_PS_PROJ.ADM_XXX,F_UNI_HIER,Universal Hierarchy Access,HRYID,,,Take inputs from Kalpesh on these
ZSG_PS_PROJ.ADM_XXX,G_800S_GSE,Special Purpose Ledger Sets: Set,BRGRU,,,Take inputs from Kalpesh on these
ZSG_PS_PROJ.ADM_XXX,G_800_GRP,Report Writer: Report,BRGRU,,,Take inputs from Kalpesh on these
ZSG_PS_PROJ.ADM_XXX,G_803J_GJB,Report Writer: Report Group,BRGRU,,,Take inputs from Kalpesh on these
ZSG_PS_PROJ.ADM_XXX,K_ACDOCP_P,Financials planning via table ACDOCP,CATEGORY_P,,,Take inputs from Kalpesh on these
ZSG_PS_PROJ.ADM_XXX,K_ACDOCP_P,Financials planning via table ACDOCP,GLRLDNR,,,Take inputs from Kalpesh on these
ZSG_PS_PROJ.ADM_XXX,K_AUFK_ART,CO-OPA: Order Types,ACTVT,,,Take inputs from Kalpesh on these
ZSG_PS_PROJ.ADM_XXX,K_AUFK_ART,CO-OPA: Order Types,ASTNR,,,Take inputs from Kalpesh on these
ZSG_PS_PROJ.ADM_XXX,K_AUFK_ART,CO-OPA: Order Types,ASTNR,,,Take inputs from Kalpesh on these
ZSG_PS_PROJ.ADM_XXX,K_AUFK_ART,CO-OPA: Order Types,AUFART,,,Take inputs from Kalpesh on these
ZSG_PS_PROJ.ADM_XXX,K_AUFK_ART,CO-OPA: Order Types,AUFART,,,Take inputs from Kalpesh on these
ZSG_PS_PROJ.ADM_XXX,K_CCA_HIER,CO-CCA: Authorization Object for Cost Center Hierarchies,CCTRHIER,,,Take inputs from Kalpesh on these
ZSG_PS_PROJ.ADM_XXX,K_CCA_HIER,CO-CCA: Authorization Object for Cost Center Hierarchies,CCTRHIERND,,,Take inputs from Kalpesh on these
ZSG_PS_PROJ.ADM_XXX,K_CCA_HIER,CO-CCA: Authorization Object for Cost Center Hierarchies,KSTAR,,,Take inputs from Kalpesh on these
ZSG_PS_PROJ.ADM_XXX,K_CSKB,CO-CCA: Cost Element Master,ACTVT,,,Take inputs from Kalpesh on these
ZSG_PS_PROJ.ADM_XXX,K_CSKB,CO-CCA: Cost Element Master,CO_KAINT,,,Take inputs from Kalpesh on these
ZSG_PS_PROJ.ADM_XXX,K_CSKS,CO-CCA: Cost Center Master,KOSTL,,,Take inputs from Kalpesh on these
ZSG_PS_PROJ.ADM_XXX,K_KA03,CO-CCA: Statistical Key Figures,ACTVT,,,Take inputs from Kalpesh on these
ZSG_PS_PROJ.ADM_XXX,K_KA09_KVS,CO: Version,BRGRU,,,Take inputs from Kalpesh on these
ZSG_PS_PROJ.ADM_XXX,K_ORDER,CO-OPA: General authorization object for internal orders,AUFART,,,Take inputs from Kalpesh on these
ZSG_PS_PROJ.ADM_XXX,K_ORDER,CO-OPA: General authorization object for internal orders,AUTHPHASE,,,Take inputs from Kalpesh on these
ZSG_PS_PROJ.ADM_XXX,K_ORDER,CO-OPA: General authorization object for internal orders,CO_ACTION,,,Take inputs from Kalpesh on these
ZSG_PS_PROJ.ADM_XXX,K_ORDER,CO-OPA: General authorization object for internal orders,KSTAR,,,Take inputs from Kalpesh on these
ZSG_PS_PROJ.ADM_XXX,K_ORDER,CO-OPA: General authorization object for internal orders,RESPAREA,,,Take inputs from Kalpesh on these
ZSG_PS_PROJ.ADM_XXX,K_PCAR_REP,EC-PCA: Summary and Line Item Reports,KSTAR,,,Take inputs from Kalpesh on these
ZSG_PS_PROJ.ADM_XXX,K_PCA_HIER,EC-PCA: Authorization Object for Profit Center Hierarchies,KSTAR,,,Take inputs from Kalpesh on these
ZSG_PS_PROJ.ADM_XXX,K_PCA_HIER,EC-PCA: Authorization Object for Profit Center Hierarchies,PCTRHIER,,,Take inputs from Kalpesh on these
ZSG_PS_PROJ.ADM_XXX,K_PCA_HIER,EC-PCA: Authorization Object for Profit Center Hierarchies,PCTRHIERND,,,Take inputs from Kalpesh on these
ZSG_PS_PROJ.ADM_XXX,K_REPO_CCA,CO-CCA: Reporting on Cost Centers/Cost Elements,KOSTL,,,Take inputs from Kalpesh on these
ZSG_PS_PROJ.ADM_XXX,K_REPO_CCA,CO-CCA: Reporting on Cost Centers/Cost Elements,KSTAR,,,Take inputs from Kalpesh on these
ZSG_PS_PROJ.ADM_XXX,K_TP_VALU,Transfer Price Valuations,ACTVT,,,Take inputs from Kalpesh on these
ZSG_PS_PROJ.ADM_XXX,K_TP_VALU,Transfer Price Valuations,VALUTYP,,,Take inputs from Kalpesh on these
ZSG_PS_PROJ.ADM_XXX,M_MATE_MAR,Material Master: Material Types,BEGRU,,,Take inputs from Kalpesh on these
ZSG_PS_PROJ.ADM_XXX,M_MATE_MAT,Material Master: Materials,BEGRU,,,Take inputs from Kalpesh on these
ZSG_PS_PROJ.ADM_XXX,M_MATE_WGR,Material Master: Material Groups,BEGRU,,,Take inputs from Kalpesh on these
ZSG_PS_PROJ.ADM_XXX,S_BDS_DS,BC-SRV-KPR-BDS: Authorizations for Document Set,ACTVT,,,Take inputs from Kalpesh on these
ZSG_PS_PROJ.ADM_XXX,S_BDS_DS,BC-SRV-KPR-BDS: Authorizations for Document Set,CLASSNAME,,,Take inputs from Kalpesh on these
ZSG_PS_PROJ.ADM_XXX,S_BDS_DS,BC-SRV-KPR-BDS: Authorizations for Document Set,CLASSTYPE,,,Take inputs from Kalpesh on these
ZSG_PS_PROJ.ADM_XXX,S_BRWS_TIM,Time related authority check for generic lists,DATE,,,Take inputs from Kalpesh on these
ZSG_PS_PROJ.ADM_XXX,S_PROGRAM,ABAP: Program Flow Checks,P_GROUP,,,Take inputs from Kalpesh on these
ZSG_PS_PROJ.ADM_XXX,S_RS_COMP,Business Explorer - Components,RSINFOAREA,,,Take inputs from Kalpesh on these
ZSG_PS_PROJ.ADM_XXX,S_RS_COMP1,Business Explorer - Components: Enhancements to the Owner,RSZOWNER,,,Take inputs from Kalpesh on these
ZSG_PS_PROJ.ADM_XXX,V_VBAK_AAT,Sales Document: Authorization for Sales Document Types,AUART,,,Take inputs from Kalpesh on these
ZSG_PS_PROJ.ADM_XXX,WFD_ASSGMT,Workforce Assignment,ACTVT,,,Take inputs from Kalpesh on these
ZSG_PS_PROJ.ADM_XXX,WFD_ASSGMT,Workforce Assignment,WFD_SCOPE,,,Take inputs from Kalpesh on these
ZSG_SD_ODATA,/CPD/MP,Authorization Object for Project Workspace,/CPD/ASPCT,,,
ZSG_SD_ODATA,/CPD/MP,Authorization Object for Project Workspace,/CPD/MP_CF,,,
ZSG_SD_ODATA,/CPD/MP,Authorization Object for Project Workspace,/CPD/MP_ID,,,
ZSG_SD_ODATA,/CPD/MP,Authorization Object for Project Workspace,/CPD/MP_IN,,,
ZSG_SD_ODATA,/CPD/MP,Authorization Object for Project Workspace,/CPD/MP_OR,,,
ZSG_SD_ODATA,/CPD/MP,Authorization Object for Project Workspace,/CPD/MP_TY,,,
ZSG_SD_ODATA,/CPD/MP,Authorization Object for Project Workspace,SUB_ACTVT,,,
ZSG_SD_ODATA,/S4PPM/PRJ,Authorization Object for Project,KOSTL,,,
ZSG_SD_ODATA,/S4PPM/PRJ,Authorization Object for Project,PRJ_CONF,,,
ZSG_SD_ODATA,/S4PPM/PRJ,Authorization Object for Project,PRJ_ORG,,,
ZSG_SD_ODATA,/S4PPM/PRJ,Authorization Object for Project,PRJ_PRFL,,,
ZSG_SD_ODATA,B_BUPA_RLT,Business Partner: BP Roles,ACTVT,,,
ZSG_SD_ODATA,B_BUPA_RLT,Business Partner: BP Roles,RLTYP,,,
ZSG_SD_ODATA,F_SKA1_KTP,G/L Account: Authorization for Charts of Accounts,KTOPL,,,
ZSG_SD_ODATA,M_MATE_MAR,Material Master: Material Types,BEGRU,,,
ZSG_SD_ODATA,M_MATE_MAT,Material Master: Materials,BEGRU,,,
ZSG_SD_ODATA,M_MATE_STA,Material Master: Maintenance Statuses,STATM,,,
ZSG_SD_ODATA,M_MATE_WGR,Material Master: Material Groups,BEGRU,,,
ZSG_SD_ODATA,SDDLVIEW,DDL Entity Access,DDLNAME,,,
ZSG_SD_ODATA,S_ESH_CONN,Authoriz. Check on Connector level,REQUEST,,,
ZSG_SD_ODATA,S_ESH_CONN,Authoriz. Check on Connector level,SCONN_ID,,,
ZSG_SD_ODATA,S_ESH_CONN,Authoriz. Check on Connector level,SYSTEM_ID,,,
ZSG_SD_ODATA,S_ESH_CONN,Authoriz. Check on Connector level,SYS_CLIENT,,,
ZSG_SD_ODATA,S_ESH_CONN,Authoriz. Check on Connector level,TEMPL_NAME,,,
ZSG_SD_ODATA,S_ESH_CONN,Authoriz. Check on Connector level,TEMPL_TYPE,,,
ZSG_SD_ODATA,S_RS_COMP,Business Explorer - Components,RSINFOAREA,,,
ZSG_SD_ODATA,S_RS_COMP1,Business Explorer - Components: Enhancements to the Owner,RSZOWNER,,,
ZSG_SD_ODATA,S_SCOPE,OAuth2 Scope,OA2_CLIENT,,,
ZSG_SD_ODATA,V_VBAK_AAT,Sales Document: Authorization for Sales Document Types,AUART,,,
ZSG_SD_ODATA,W_WAKH_MAT,IS-R Authorization Promotion: Material Number,ARTNR,,,
ZSG_SD_REB.PRO_XXX,B_BUPA_GRP,Business Partner: Authorization Groups,BEGRU,,,No Action
ZSG_SD_REB.PRO_XXX,B_BUPA_RLT,Business Partner: BP Roles,RLTYP,,,No Action
ZSG_SD_REB.PRO_XXX,B_USERSTAT,Status Management: Set/Delete User Status,BERSL,,,No Action
ZSG_SD_REB.PRO_XXX,B_USERSTAT,Status Management: Set/Delete User Status,STSMA,,,No Action
ZSG_SD_REB.PRO_XXX,B_USERST_T,Status Management: Set/Delete User Status using Transaction,BERSL,,,No Action
ZSG_SD_REB.PRO_XXX,B_USERST_T,Status Management: Set/Delete User Status using Transaction,STSMA,,,No Action
ZSG_SD_REB.PRO_XXX,F_KNA1_BED,Customer: Account Authorization,BRGRU,,,No Action
ZSG_SD_REB.PRO_XXX,F_KNA1_GRP,Customer: Account Group Authorization,KTOKD,,,No Action
ZSG_SD_REB.PRO_XXX,F_LFA1_BEK,Vendor: Account Authorization,BRGRU,,,No Action
ZSG_SD_REB.PRO_XXX,F_LFA1_GRP,Vendor: Account Group Authorization,KTOKK,,,No Action
ZSG_SD_REB.PRO_XXX,M_MATE_MAR,Material Master: Material Types,BEGRU,,,No Action
ZSG_SD_REB.PRO_XXX,M_MATE_MAT,Material Master: Materials,BEGRU,,,No Action
ZSG_SD_REB.PRO_XXX,M_MATE_WGR,Material Master: Material Groups,BEGRU,,,No Action
ZSG_SD_REB.PRO_XXX,SDDLVIEW,DDL Entity Access,DDLNAME,,,No Action
ZSG_SD_REB.PRO_XXX,S_BTCH_JOB,Background Processing: Operations on Background Jobs,JOBGROUP,,,No Action
ZSG_SD_REB.PRO_XXX,S_PROGNAM,Generic Programm Start,P_PROGNAM,,,No Action
ZSG_SD_REB.PRO_XXX,V_KNA1_BRG,Customer: Account Authorization for Sales Areas,BRGRU,,,No Action
ZSG_SD_REB.PRO_XXX,V_KONH_VKS,Condition: Authorization for Condition Types,KSCHL,,,No Action
ZSG_SD_REB.PRO_XXX,W_COCO,Authorizations for Condition Contract,CONTR_TYP,,,No Action
ZSG_SD_REB.PRO_XXX,W_WBRK_FKA,Authorization for Settlement Document Type,LFART,,,No Action
ZSG_SD_REB.PRO_XXX,W_WBRK_STS,Changing Application Status in Settlement Document,WSTATE,,,No Action
ZSG_SD_SO.INTF_XXX,S_TABU_CLI,Cross-Client Table Maintenance,CLIIDMAINT,,,Copy values from existing role
ZSG_SD_SO.INTF_XXX,S_TABU_NAM,Table Access by Generic Standard Tools,ACTVT,,,Copy values from existing role
ZSG_SD_SO.INTF_XXX,S_TABU_NAM,Table Access by Generic Standard Tools,TABLE,,,Copy values from existing role
ZSG_SD_SO.INTF_XXX,S_TRANSPRT,Transport Organizer,ACTVT,,,Copy values from existing role
